id,condition,noise_class,actual_primary_snr_db,delta_with_mic2_db,delta_without_mic2_db,mic2_gain_db
test_0022500,noisy,nonstationary,7.3593864857244595,4.819655418395996,3.1285934448242188,1.6910619735717773
test_0022501,near_clean,impulsive,39.62786853819288,-0.3686561584472656,-0.03452301025390625,-0.3341331481933594
test_0022502,noisy,nonstationary,11.787362108598305,1.9228954315185547,1.462092399597168,0.4608030319213867
test_0022503,near_clean,nonstationary,28.174341774666573,0.00640869140625,-2.446361541748047,2.452770233154297
test_0022504,clean,ambient,96.29175636804801,0.001049041748046875,-1.6798477172851562,1.6808967590332031
test_0022505,near_clean,stationary,24.542160814843342,-2.2970027923583984,-0.03568077087402344,-2.261322021484375
test_0022506,noisy,nonstationary,3.569038407996451,8.258685111999512,12.765170097351074,-4.5064849853515625
test_0022507,clean,stationary,76.41982862150675,-0.0027313232421875,-0.003627777099609375,0.000896453857421875
test_0022508,noisy,ambient,16.149863824996984,1.6797780990600586,0.02095317840576172,1.6588249206542969
test_0022509,near_clean,impulsive,28.491983504915805,0.4400138854980469,0.21702003479003906,0.2229938507080078
test_0022510,noisy,ambient,15.132005949269045,2.9913177490234375,1.3501720428466797,1.6411457061767578
test_0022511,noisy,impulsive,19.637106169283886,2.4685420989990234,1.2337017059326172,1.2348403930664062
test_0022512,clean,stationary,89.39875748949488,-0.0375823974609375,-0.020658493041992188,-0.016923904418945312
test_0022513,near_clean,stationary,22.676123144386573,0.007659912109375,0.009316444396972656,-0.0016565322875976562
test_0022514,noisy,nonstationary,10.72121333980651,4.2972211837768555,2.8738412857055664,1.423379898071289
test_0022516,clean,impulsive,97.69471006475662,-0.00012302398681640625,-0.024768829345703125,0.02464580535888672
test_0022517,clean,stationary,87.4768687273808,-0.010354995727539062,-0.003387451171875,-0.0069675445556640625
test_0022518,noisy,impulsive,-3.939037621076901,5.726545333862305,4.674324989318848,1.052220344543457
test_0022519,noisy,ambient,12.486825043358083,1.7725658416748047,0.32764625549316406,1.4449195861816406
test_0022520,noisy,nonstationary,11.34580944788199,2.4313554763793945,9.066012382507324,-6.63465690612793
test_0022521,noisy,nonstationary,16.057854552185987,4.651656150817871,3.643801689147949,1.0078544616699219
test_0022522,noisy,stationary,12.30664571251376,4.683741569519043,2.0568456649780273,2.6268959045410156
test_0022523,noisy,stationary,3.7488256120066223,6.262199401855469,5.637641906738281,0.6245574951171875
test_0022524,near_clean,nonstationary,25.963062731850517,2.3084945678710938,1.5616302490234375,0.7468643188476562
test_0022525,noisy,ambient,13.074626475092447,5.984941482543945,-0.5659723281860352,6.5509138107299805
test_0022528,noisy,impulsive,-4.2187113972477395,7.965339660644531,2.9129273891448975,5.052412271499634
test_0022529,near_clean,impulsive,20.77244725578288,8.586175918579102,3.328458786010742,5.257717132568359
test_0022530,near_clean,nonstationary,31.009656217246704,0.07848930358886719,0.0538787841796875,0.024610519409179688
test_0022531,clean,impulsive,97.20607524960928,-0.000553131103515625,-2.09808349609375e-05,-0.0005321502685546875
test_0022532,noisy,impulsive,0.3443766753933752,3.648554801940918,3.0234384536743164,0.6251163482666016
test_0022533,near_clean,impulsive,21.79770158900339,0.7868118286132812,0.18636703491210938,0.6004447937011719
test_0022534,noisy,nonstationary,1.6736816982177842,3.009453773498535,2.8253297805786133,0.18412399291992188
test_0022535,noisy,stationary,19.911868761551553,0.6432685852050781,-0.008037567138671875,0.65130615234375
test_0022537,near_clean,nonstationary,26.79962540854369,1.0592632293701172,0.6963996887207031,0.36286354064941406
test_0022538,near_clean,stationary,20.309357107687546,0.27711009979248047,0.3203849792480469,-0.043274879455566406
test_0022539,noisy,stationary,-0.17742938390112162,5.817365288734436,5.1338430643081665,0.6835222244262695
test_0022541,clean,nonstationary,87.32557009419625,0.000202178955078125,0.004116058349609375,-0.00391387939453125
test_0022542,near_clean,nonstationary,29.10363714351103,1.9267139434814453,0.13086318969726562,1.7958507537841797
test_0022543,noisy,impulsive,2.5069074610195186,5.916779518127441,5.773890495300293,0.14288902282714844
test_0022544,near_clean,impulsive,27.803896048610195,0.001682281494140625,0.0203094482421875,-0.018627166748046875
test_0022545,noisy,impulsive,1.2676382780489623,8.462757587432861,6.44996452331543,2.0127930641174316
test_0022546,clean,ambient,99.2549041222395,0.0001220703125,0.0010128021240234375,-0.0008907318115234375
test_0022549,noisy,stationary,15.799723341103784,3.882478713989258,2.9465999603271484,0.9358787536621094
test_0022550,noisy,ambient,-0.7791124236571166,6.712812423706055,5.301797866821289,1.4110145568847656
test_0022554,noisy,impulsive,10.690726807073037,5.107377052307129,4.137899398803711,0.969477653503418
test_0022555,near_clean,nonstationary,28.509185545416535,0.009478569030761719,-0.019243240356445312,0.02872180938720703
test_0022556,noisy,stationary,10.17304265970976,2.0471906661987305,1.9300642013549805,0.11712646484375
test_0022557,noisy,stationary,-0.15082177355939688,6.677324086427689,6.399593621492386,0.27773046493530273
test_0022559,clean,ambient,94.69225890173198,-0.0506744384765625,-0.047626495361328125,-0.003047943115234375
test_0022560,near_clean,ambient,23.883690715906916,3.0418357849121094,1.0831832885742188,1.9586524963378906
test_0022561,clean,nonstationary,90.71377289285002,-0.00463104248046875,0.00030517578125,-0.00493621826171875
test_0022562,noisy,stationary,-0.0297667308069995,5.803478240966797,4.643907785415649,1.1595704555511475
test_0022563,near_clean,stationary,24.576483624482744,0.5923595428466797,0.03635597229003906,0.5560035705566406
test_0022565,clean,ambient,73.51517358161603,-0.04100227355957031,-0.0004673004150390625,-0.04053497314453125
test_0022567,near_clean,ambient,36.33622967389445,2.206390380859375,0.8363609313964844,1.3700294494628906
test_0022568,noisy,stationary,3.9285103309163505,6.324171543121338,3.866295337677002,2.457876205444336
test_0022569,noisy,ambient,17.103089614407583,7.505029678344727,2.857484817504883,4.647544860839844
test_0022570,near_clean,ambient,37.0030840655737,0.044170379638671875,0.010852813720703125,0.03331756591796875
test_0022571,near_clean,nonstationary,27.69598576272798,1.5573272705078125,0.2127704620361328,1.3445568084716797
test_0022573,noisy,nonstationary,16.76991678726165,4.473865509033203,3.434896469116211,1.0389690399169922
test_0022574,noisy,ambient,12.904153356185136,1.2888755798339844,0.3948030471801758,0.8940725326538086
test_0022575,clean,ambient,89.42535951758936,-0.009815216064453125,-0.009441375732421875,-0.00037384033203125
test_0022576,noisy,nonstationary,1.079520226317228,9.236699879169464,7.378563702106476,1.8581361770629883
test_0022577,clean,ambient,83.38303581448316,0.00205230712890625,-0.03336334228515625,0.0354156494140625
test_0022578,noisy,nonstationary,-0.24061283418256302,6.219714164733887,4.8856706619262695,1.3340435028076172
test_0022579,near_clean,ambient,29.9440502374096,-0.548431396484375,-0.008892059326171875,-0.5395393371582031
test_0022580,noisy,nonstationary,17.228579554961623,1.4548625946044922,0.7831649780273438,0.6716976165771484
test_0022581,clean,stationary,95.3848493887323,-0.001983642578125,-0.0001621246337890625,-0.0018215179443359375
test_0022582,noisy,nonstationary,9.427484565412874,5.13121223449707,2.16866397857666,2.96254825592041
test_0022583,noisy,nonstationary,0.3585896020292148,11.768343955278397,10.687704116106033,1.0806398391723633
test_0022584,noisy,stationary,16.091373315161807,0.04377174377441406,0.35758209228515625,-0.3138103485107422
test_0022585,near_clean,ambient,38.23734391667828,-0.0398406982421875,-0.042598724365234375,0.002758026123046875
test_0022586,near_clean,stationary,21.347942866967173,0.019319534301757812,0.02184295654296875,-0.0025234222412109375
test_0022587,noisy,impulsive,16.25585708827618,4.3476057052612305,1.3669500350952148,2.9806556701660156
test_0022588,noisy,ambient,7.559470106538498,9.625371932983398,3.5793638229370117,6.046008110046387
test_0022589,noisy,stationary,8.336652644786763,4.289009094238281,3.0819177627563477,1.2070913314819336
test_0022592,noisy,ambient,5.306662982578936,8.948569774627686,8.640050411224365,0.3085193634033203
test_0022593,noisy,ambient,7.802656456379774,9.67845344543457,2.3965187072753906,7.28193473815918
test_0022594,noisy,stationary,2.281068081098758,4.296184659004211,2.8715869188308716,1.4245977401733398
test_0022595,clean,nonstationary,82.22947309072944,0.0003757476806640625,-0.000659942626953125,0.0010356903076171875
test_0022596,noisy,stationary,-4.582524710230817,5.088973142206669,4.710833169519901,0.3781399726867676
test_0022597,near_clean,nonstationary,21.077902322752667,1.8249549865722656,1.3204975128173828,0.5044574737548828
test_0022598,noisy,stationary,-1.8244157059535107,8.107498407363892,7.591290712356567,0.5162076950073242
test_0022599,noisy,impulsive,11.623821555457383,1.6397724151611328,0.06904792785644531,1.5707244873046875
test_0022600,near_clean,nonstationary,27.418575125989925,7.279924392700195,-1.7775897979736328,9.057514190673828
test_0022601,noisy,stationary,8.117524451764837,2.0575008392333984,1.848170280456543,0.20933055877685547
test_0022602,near_clean,stationary,35.42544693661682,0.033832550048828125,0.0172119140625,0.016620635986328125
test_0022603,noisy,impulsive,2.870973710901295,12.735145092010498,6.099877834320068,6.63526725769043
test_0022604,noisy,nonstationary,2.5768891479534775,6.4154534339904785,5.80142068862915,0.6140327453613281
test_0022605,near_clean,ambient,32.93858698364324,-0.049922943115234375,-0.015666961669921875,-0.0342559814453125
test_0022606,noisy,impulsive,13.307056294080065,3.3226985931396484,-0.140167236328125,3.4628658294677734
test_0022607,noisy,impulsive,-1.9735990174323335,6.890462160110474,6.605167627334595,0.2852945327758789
test_0022608,near_clean,impulsive,22.342705830625214,0.0031414031982421875,-0.00110626220703125,0.0042476654052734375
test_0022609,noisy,ambient,11.11351964501496,3.760104179382324,-3.6400516033172607,7.400155782699585
test_0022610,noisy,impulsive,-1.1133993593811373,5.2437262535095215,5.561421871185303,-0.31769561767578125
test_0022611,noisy,impulsive,12.526999280293385,3.489482879638672,3.156905174255371,0.3325777053833008
test_0022612,noisy,nonstationary,18.551416649996092,2.6650848388671875,2.1950950622558594,0.4699897766113281
test_0022613,noisy,nonstationary,-2.0848796466109736,3.598235070705414,1.9155784845352173,1.6826565861701965
test_0022614,noisy,impulsive,-3.567764696617111,15.075123310089111,12.922890663146973,2.1522326469421387
test_0022615,noisy,ambient,3.215104948863063,8.781883478164673,8.564320802688599,0.21756267547607422
test_0022616,noisy,ambient,-1.5688009787388304,11.054200887680054,10.68958067893982,0.3646202087402344
test_0022617,near_clean,stationary,31.67781306412457,2.0569229125976562,-0.9680404663085938,3.02496337890625
test_0022618,noisy,ambient,8.099354423780118,8.636075973510742,6.984092712402344,1.6519832611083984
test_0022619,noisy,nonstationary,-1.7881628308823796,5.788320422172546,4.984067320823669,0.804253101348877
test_0022620,noisy,nonstationary,10.81496684748663,3.9725160598754883,0.25528812408447266,3.7172279357910156
test_0022621,near_clean,nonstationary,29.153628414191672,-3.3907766342163086,-0.001708984375,-3.3890676498413086
test_0022622,noisy,stationary,15.242363656730959,3.111208915710449,2.5725889205932617,0.5386199951171875
test_0022623,noisy,stationary,6.49595516585141,6.965861797332764,3.002511501312256,3.963350296020508
test_0022624,noisy,stationary,5.9140432760600605,4.094204902648926,3.5255861282348633,0.5686187744140625
test_0022625,clean,impulsive,87.56670002603184,0.0067291259765625,-0.061824798583984375,0.06855392456054688
test_0022626,clean,impulsive,73.8322497063485,-1.0450782775878906,-3.1441268920898438,2.099048614501953
test_0022627,near_clean,stationary,34.18028626838094,1.3918571472167969,0.24390411376953125,1.1479530334472656
test_0022628,near_clean,ambient,21.79336575631901,0.19134140014648438,0.15224933624267578,0.039092063903808594
test_0022629,noisy,impulsive,1.1334212475057523,8.957891345024109,8.380823969841003,0.5770673751831055
test_0022630,near_clean,stationary,28.56641597064721,0.0068359375,-0.01665496826171875,0.02349090576171875
test_0022631,clean,nonstationary,92.39836549819536,0.003971099853515625,0.006866455078125,-0.002895355224609375
test_0022632,clean,ambient,101.2205238079876,-0.0014925003051757812,0.0009813308715820312,-0.0024738311767578125
test_0022633,noisy,stationary,-2.0009376560710255,4.317219495773315,1.5095276832580566,2.807691812515259
test_0022634,near_clean,ambient,24.759609452750286,1.0903739929199219,0.06914138793945312,1.0212326049804688
test_0022635,noisy,nonstationary,18.825995413395614,4.249286651611328,3.659505844116211,0.5897808074951172
test_0022636,noisy,stationary,13.223484074474225,5.862539291381836,5.506647109985352,0.3558921813964844
test_0022637,noisy,stationary,10.156718402907716,0.5082416534423828,-0.026592254638671875,0.5348339080810547
test_0022638,noisy,ambient,9.167559980252237,5.584873199462891,1.861196517944336,3.7236766815185547
test_0022639,near_clean,ambient,31.04995927708584,0.21140670776367188,-0.07788658142089844,0.2892932891845703
test_0022640,clean,stationary,82.17420879857488,-0.12259674072265625,-7.021953582763672,6.899356842041016
test_0022641,noisy,nonstationary,6.219912609503777,4.005230903625488,1.6164851188659668,2.3887457847595215
test_0022642,clean,nonstationary,85.05979020501246,0.0005207061767578125,0.0003871917724609375,0.000133514404296875
test_0022643,noisy,stationary,0.475787722125819,12.729308128356934,11.578518867492676,1.1507892608642578
test_0022644,near_clean,stationary,25.62534722007344,2.9594955444335938,2.1698341369628906,0.7896614074707031
test_0022645,noisy,nonstationary,19.129588553150768,2.305084228515625,0.07637977600097656,2.2287044525146484
test_0022646,noisy,stationary,18.102088289163053,1.1893081665039062,0.1614398956298828,1.0278682708740234
test_0022647,noisy,ambient,10.686954687051532,8.096292495727539,3.1222877502441406,4.974004745483398
test_0022648,near_clean,ambient,38.840328088807745,0.28885650634765625,0.044925689697265625,0.24393081665039062
test_0022649,noisy,stationary,16.897995845973966,4.496294021606445,2.7394847869873047,1.7568092346191406
test_0022650,clean,ambient,93.37520688024391,-0.00150299072265625,-5.399059295654297,5.397556304931641
test_0022652,noisy,impulsive,1.5633778719323255,15.686047315597534,13.95331072807312,1.732736587524414
test_0022653,near_clean,stationary,25.294925063765092,0.8133087158203125,0.10220909118652344,0.7110996246337891
test_0022654,noisy,ambient,12.527449991792368,1.3124809265136719,0.92926025390625,0.3832206726074219
test_0022655,noisy,ambient,-4.222061489933152,15.415746688842773,12.669521808624268,2.746224880218506
test_0022656,near_clean,nonstationary,36.16784678140431,1.1366081237792969,0.044948577880859375,1.0916595458984375
test_0022657,noisy,stationary,0.4777221028335846,6.5986350774765015,6.310531497001648,0.2881035804748535
test_0022658,near_clean,nonstationary,24.27351308829275,1.421243667602539,0.038593292236328125,1.382650375366211
test_0022659,noisy,ambient,18.424750886599046,6.274986267089844,3.0637569427490234,3.2112293243408203
test_0022660,near_clean,nonstationary,21.485986928026904,0.37717437744140625,0.07136917114257812,0.3058052062988281
test_0022661,noisy,nonstationary,8.801272379820507,6.226931571960449,0.5305194854736328,5.696412086486816
test_0022662,clean,ambient,100.79950656238928,-0.0120086669921875,-0.013410568237304688,0.0014019012451171875
test_0022663,noisy,nonstationary,16.166679874483314,8.796385765075684,6.772515296936035,2.0238704681396484
test_0022664,noisy,ambient,3.0508095248764544,12.83704948425293,7.143367767333984,5.693681716918945
test_0022665,noisy,stationary,-0.6541038621856267,6.26540994644165,4.1091203689575195,2.156289577484131
test_0022666,near_clean,stationary,26.467583913158226,0.86627197265625,0.0479583740234375,0.8183135986328125
test_0022667,clean,impulsive,99.46741750592757,0.01375579833984375,-0.060565948486328125,0.07432174682617188
test_0022668,noisy,nonstationary,8.700150861170354,5.1906890869140625,4.304826736450195,0.8858623504638672
test_0022669,near_clean,nonstationary,37.303218565889054,-0.01861572265625,-0.02146148681640625,0.00284576416015625
test_0022670,noisy,ambient,17.326713904839263,4.031314849853516,2.4088821411132812,1.6224327087402344
test_0022671,noisy,ambient,-2.620636030542083,4.836012601852417,2.8889243602752686,1.9470882415771484
test_0022672,noisy,stationary,-2.4015555471413044,13.194506645202637,12.374495029449463,0.8200116157531738
test_0022673,clean,impulsive,74.49054235102983,0.0001220703125,-0.001617431640625,0.001739501953125
test_0022674,noisy,impulsive,-0.7167192568650891,8.36227822303772,8.037447214126587,0.3248310089111328
test_0022675,noisy,ambient,6.8776724506261635,0.08654022216796875,0.017362594604492188,0.06917762756347656
test_0022676,noisy,nonstationary,15.575860906757345,3.988271713256836,3.9106597900390625,0.07761192321777344
test_0022677,noisy,ambient,8.60024801828338,3.8496522903442383,2.1423730850219727,1.7072792053222656
test_0022678,noisy,ambient,19.071906158569142,1.2487831115722656,-1.484375,2.7331581115722656
test_0022679,near_clean,impulsive,33.26137073055504,2.3663406372070312,-1.926300048828125,4.292640686035156
test_0022680,clean,impulsive,76.19932690570246,-0.037960052490234375,-0.013500213623046875,-0.0244598388671875
test_0022681,noisy,ambient,4.396821254245895,15.775655508041382,13.841390371322632,1.93426513671875
test_0022682,clean,ambient,83.41362450160199,-0.00299072265625,-0.001766204833984375,-0.001224517822265625
test_0022683,noisy,nonstationary,-3.8585861962618155,9.502843379974365,9.292916774749756,0.20992660522460938
test_0022684,noisy,ambient,13.637919803914977,2.9634923934936523,0.00045490264892578125,2.9630374908447266
test_0022685,noisy,impulsive,2.171443249385931,5.417622804641724,6.402212381362915,-0.9845895767211914
test_0022686,near_clean,nonstationary,21.77056980211892,1.2137279510498047,0.38005828857421875,0.8336696624755859
test_0022687,clean,ambient,95.9101845988161,-4.57763671875e-05,0.00028228759765625,-0.00032806396484375
test_0022689,near_clean,ambient,36.614118150544094,0.6063117980957031,0.10927963256835938,0.49703216552734375
test_0022691,clean,impulsive,90.43016432262922,0.00086212158203125,-0.019428253173828125,0.020290374755859375
test_0022692,noisy,ambient,16.46340052792517,6.60222053527832,0.020412445068359375,6.581808090209961
test_0022693,clean,nonstationary,81.06373149726059,-0.0052490234375,-0.002971649169921875,-0.002277374267578125
test_0022694,near_clean,impulsive,34.08713391539951,0.04828834533691406,0.0018062591552734375,0.046482086181640625
test_0022695,noisy,nonstationary,19.759869541604992,0.6145439147949219,0.00390625,0.6106376647949219
test_0022696,noisy,nonstationary,13.917962317234746,3.418977737426758,2.8967361450195312,0.5222415924072266
test_0022697,noisy,nonstationary,13.281792743125756,4.995172500610352,3.4036502838134766,1.591522216796875
test_0022698,near_clean,impulsive,27.726815203772656,0.014497756958007812,0.005307197570800781,0.009190559387207031
test_0022699,noisy,impulsive,12.842922500722612,3.082716941833496,2.7362451553344727,0.34647178649902344
test_0022700,noisy,impulsive,16.91377132997657,3.6014480590820312,3.538576126098633,0.06287193298339844
test_0022702,near_clean,stationary,33.77012557735824,0.23002243041992188,0.028369903564453125,0.20165252685546875
test_0022703,clean,ambient,78.72503929021141,-0.0009107589721679688,-0.000873565673828125,-3.719329833984375e-05
test_0022704,noisy,nonstationary,-3.546386920450731,6.721548080444336,1.9846429824829102,4.736905097961426
test_0022705,noisy,ambient,11.567479999658039,4.544985771179199,3.0368242263793945,1.5081615447998047
test_0022706,noisy,ambient,3.1926169315192574,1.379420280456543,0.8252677917480469,0.5541524887084961
test_0022707,noisy,ambient,11.516376517676235,10.103790283203125,8.31817626953125,1.785614013671875
test_0022708,noisy,impulsive,15.411821331282464,-0.10483169555664062,0.0031585693359375,-0.10799026489257812
test_0022709,noisy,stationary,-2.0075290521874707,1.1862411499023438,0.5733413696289062,0.6128997802734375
test_0022710,near_clean,ambient,36.97768394437455,0.00078582763671875,-4.76837158203125e-06,0.0007905960083007812
test_0022711,near_clean,ambient,31.216991120516123,0.7880897521972656,0.021799087524414062,0.7662906646728516
test_0022712,noisy,stationary,8.61240911448515,2.398472785949707,1.777083396911621,0.6213893890380859
test_0022713,noisy,nonstationary,0.6676202801887174,4.782251954078674,3.7800713777542114,1.002180576324463
test_0022715,near_clean,impulsive,38.4236820953985,0.037334442138671875,-13.632389068603516,13.669723510742188
test_0022716,noisy,ambient,4.042628547509304,5.9871039390563965,2.5405540466308594,3.446549892425537
test_0022717,noisy,stationary,2.167600052439468,7.917996406555176,6.951920509338379,0.9660758972167969
test_0022718,near_clean,nonstationary,21.966510043482963,0.9075717926025391,0.49188232421875,0.41568946838378906
test_0022719,near_clean,nonstationary,26.238740830096162,0.4571685791015625,0.025089263916015625,0.4320793151855469
test_0022720,noisy,ambient,-2.6604304333249824,15.400833129882812,14.522881507873535,0.8779516220092773
test_0022721,noisy,nonstationary,5.89993933658843,5.993974685668945,4.128964424133301,1.8650102615356445
test_0022722,noisy,nonstationary,8.481218837487745,3.991109848022461,3.218545913696289,0.7725639343261719
test_0022723,noisy,stationary,1.614529850590043,8.756620407104492,7.307915687561035,1.448704719543457
test_0022725,noisy,nonstationary,11.413093239366557,3.573366165161133,3.326129913330078,0.2472362518310547
test_0022726,noisy,nonstationary,5.850328586514411,9.343607425689697,8.698766231536865,0.644841194152832
test_0022727,noisy,stationary,2.5554400577592884,5.0376996994018555,1.7424192428588867,3.2952804565429688
test_0022728,noisy,stationary,-4.168300460155033,9.371679782867432,7.895659446716309,1.476020336151123
test_0022729,noisy,ambient,14.576844180768889,3.057427406311035,1.6230907440185547,1.4343366622924805
test_0022730,clean,stationary,94.41317838313672,0.016811370849609375,0.006343841552734375,0.010467529296875
test_0022731,noisy,ambient,6.840789615401837,6.148464202880859,1.894068717956543,4.254395484924316
test_0022732,near_clean,impulsive,27.51027479890591,-0.3958892822265625,0.00905609130859375,-0.40494537353515625
test_0022733,noisy,nonstationary,1.1647831846859804,4.389153003692627,1.4178714752197266,2.9712815284729004
test_0022734,noisy,ambient,12.468908504413434,3.2217626571655273,0.5420999526977539,2.6796627044677734
test_0022737,noisy,stationary,-3.971588622921148,9.66846251487732,9.351731061935425,0.31673145294189453
test_0022738,clean,ambient,95.23723965580493,-0.049198150634765625,-0.2481842041015625,0.19898605346679688
test_0022739,noisy,nonstationary,2.2526104607203563,4.20930814743042,4.851596832275391,-0.6422886848449707
test_0022740,noisy,impulsive,5.219919217129609,5.924257278442383,5.318948745727539,0.6053085327148438
test_0022741,noisy,nonstationary,-3.8393766963355533,11.334282636642456,3.369115471839905,7.965167164802551
test_0022742,clean,stationary,75.1516188111247,-0.050006866455078125,-2.053314208984375,2.003307342529297
test_0022743,noisy,stationary,1.2451171917376482,13.22243332862854,10.0212242603302,3.20120906829834
test_0022744,near_clean,impulsive,33.86809086189163,2.05621337890625,0.20618820190429688,1.8500251770019531
test_0022745,near_clean,nonstationary,32.49959684143498,0.007079124450683594,-0.00457763671875,0.011656761169433594
test_0022747,near_clean,ambient,39.57481861385885,-0.0010395050048828125,0.002201080322265625,-0.0032405853271484375
test_0022748,noisy,stationary,0.1586182342373753,7.250408172607422,5.877479553222656,1.3729286193847656
test_0022749,noisy,impulsive,4.915191696259967,4.509285926818848,2.9287405014038086,1.580545425415039
test_0022750,near_clean,stationary,38.65362170289576,0.20044708251953125,0.023651123046875,0.17679595947265625
test_0022751,clean,stationary,80.55657521887838,-0.006275177001953125,-0.017461776733398438,0.011186599731445312
test_0022753,near_clean,ambient,35.174260921526155,-0.00039196014404296875,-0.00037860870361328125,-1.33514404296875e-05
test_0022754,noisy,impulsive,7.862949597875046,11.667384147644043,11.755249977111816,-0.08786582946777344
test_0022756,near_clean,stationary,28.314514337285594,1.7324066162109375,0.227325439453125,1.5050811767578125
test_0022757,noisy,nonstationary,2.236122459038116,4.844081401824951,4.069422721862793,0.7746586799621582
test_0022758,near_clean,nonstationary,28.14407336624637,0.02043437957763672,0.011434555053710938,0.008999824523925781
test_0022759,noisy,nonstationary,12.301207398302429,1.4180803298950195,1.254140853881836,0.1639394760131836
test_0022760,noisy,impulsive,8.27750152022574,8.41576862335205,5.524295806884766,2.891472816467285
test_0022761,near_clean,ambient,23.336042770166216,0.016175270080566406,0.014910697937011719,0.0012645721435546875
test_0022762,near_clean,nonstationary,39.296134964896574,0.03972434997558594,-0.000820159912109375,0.04054450988769531
test_0022763,near_clean,impulsive,39.58932013813629,0.006893157958984375,0.004638671875,0.002254486083984375
test_0022765,noisy,impulsive,15.933653544567141,1.3778018951416016,1.8486862182617188,-0.4708843231201172
test_0022766,noisy,ambient,13.38723725679576,7.040077209472656,2.7430248260498047,4.297052383422852
test_0022767,near_clean,ambient,37.9639193744775,0.3213310241699219,0.014804840087890625,0.30652618408203125
test_0022768,noisy,nonstationary,0.5924868952106964,5.959829807281494,2.366861343383789,3.592968463897705
test_0022769,noisy,stationary,11.3830130974313,3.2657413482666016,2.435243606567383,0.8304977416992188
test_0022770,noisy,impulsive,19.194277654384273,1.136819839477539,-0.19231796264648438,1.3291378021240234
test_0022771,clean,stationary,72.6261568312333,-0.017190933227539062,-0.0009174346923828125,-0.01627349853515625
test_0022772,noisy,nonstationary,-0.01301810949054234,3.357496738433838,2.9359230995178223,0.4215736389160156
test_0022773,near_clean,ambient,20.777329004391554,1.6771354675292969,0.08630752563476562,1.5908279418945312
test_0022774,noisy,impulsive,9.082657129770553,5.491649627685547,1.0377483367919922,4.453901290893555
test_0022776,near_clean,ambient,38.781866207435186,-0.0028591156005859375,-0.0102996826171875,0.0074405670166015625
test_0022777,noisy,nonstationary,8.474214991843972,2.9523515701293945,1.9116487503051758,1.0407028198242188
test_0022779,noisy,stationary,-0.6984963517945841,6.640294313430786,4.462765097618103,2.177529215812683
test_0022780,noisy,impulsive,14.974425632205303,4.908197402954102,4.525707244873047,0.3824901580810547
test_0022781,clean,nonstationary,96.46816019129898,-0.0018634796142578125,-8.58306884765625e-05,-0.00177764892578125
test_0022782,noisy,nonstationary,9.509439021660683,5.10676383972168,1.9489336013793945,3.157830238342285
test_0022783,clean,nonstationary,77.77768790277834,-0.00115203857421875,-0.0023288726806640625,0.0011768341064453125
test_0022784,clean,nonstationary,99.32913733272866,-0.01216888427734375,0.000194549560546875,-0.012363433837890625
test_0022785,clean,nonstationary,90.28710821894737,-0.005191802978515625,-0.005496978759765625,0.00030517578125
test_0022786,noisy,stationary,3.5138349350255353,2.477597236633301,3.2249393463134766,-0.7473421096801758
test_0022787,near_clean,nonstationary,32.72172369405962,2.820331573486328,2.5884456634521484,0.2318859100341797
test_0022788,near_clean,nonstationary,26.57426001820276,0.2628002166748047,0.07563591003417969,0.187164306640625
test_0022789,near_clean,nonstationary,37.61782489946813,1.42608642578125,0.11672592163085938,1.3093605041503906
test_0022790,noisy,stationary,11.926023603494668,4.264006614685059,2.207545280456543,2.0564613342285156
test_0022791,near_clean,ambient,29.095248068234522,0.0009937286376953125,-0.000278472900390625,0.0012722015380859375
test_0022792,noisy,nonstationary,14.811357511473089,1.8235034942626953,0.19463157653808594,1.6288719177246094
test_0022794,clean,ambient,82.3383641849079,0.002223968505859375,-0.016262054443359375,0.01848602294921875
test_0022795,noisy,nonstationary,-2.0593728264326923,10.119746923446655,4.0302674770355225,6.089479446411133
test_0022797,noisy,stationary,1.8738944646852316,3.8466758728027344,3.5110511779785156,0.33562469482421875
test_0022798,near_clean,nonstationary,33.75395400518384,-0.017889022827148438,-0.003734588623046875,-0.014154434204101562
test_0022799,noisy,ambient,16.758481457728255,4.345991134643555,1.7603607177734375,2.585630416870117
test_0022800,clean,stationary,85.75523223968966,-0.0006256103515625,-0.005603790283203125,0.004978179931640625
test_0022801,noisy,nonstationary,14.984947596187588,5.901266098022461,1.040863037109375,4.860403060913086
test_0022802,noisy,stationary,15.409346144868286,2.9440460205078125,2.3705406188964844,0.5735054016113281
test_0022803,near_clean,nonstationary,34.22411857094511,0.19028854370117188,0.01953125,0.17075729370117188
test_0022804,near_clean,ambient,30.266335093156517,1.4487533569335938,0.4184284210205078,1.030324935913086
test_0022805,near_clean,ambient,30.25247613736553,0.13837242126464844,-0.028179168701171875,0.1665515899658203
test_0022806,near_clean,nonstationary,30.728422189209724,0.2781829833984375,-0.036312103271484375,0.3144950866699219
test_0022807,clean,ambient,72.57899121727618,-0.0019664764404296875,-0.0022220611572265625,0.000255584716796875
test_0022808,clean,ambient,74.00289939232839,-0.01836395263671875,-0.016326904296875,-0.00203704833984375
test_0022810,noisy,stationary,-3.19996873909497,7.8923914432525635,6.559174060821533,1.3332173824310303
test_0022811,near_clean,stationary,38.32787761162371,-0.026136398315429688,9.72747802734375e-05,-0.026233673095703125
test_0022812,noisy,impulsive,-3.1792255967466287,6.998906135559082,-4.764153480529785,11.763059616088867
test_0022813,noisy,ambient,9.12967796718121,2.0752344131469727,-2.112354278564453,4.187588691711426
test_0022814,noisy,ambient,6.225752994389847,8.970551013946533,2.073029041290283,6.89752197265625
test_0022815,noisy,stationary,7.739743749847385,3.3319625854492188,3.075495719909668,0.2564668655395508
test_0022817,clean,ambient,84.72264659891513,-0.018505096435546875,-0.03127288818359375,0.012767791748046875
test_0022818,noisy,nonstationary,-4.192959550576999,8.678479194641113,6.331954002380371,2.346525192260742
test_0022819,near_clean,nonstationary,25.254041796806348,1.6444835662841797,0.00141143798828125,1.6430721282958984
test_0022820,noisy,nonstationary,-4.867879526235715,2.1853972673416138,1.942333459854126,0.2430638074874878
test_0022821,noisy,ambient,1.9924701061288461,3.5209741592407227,1.4522337913513184,2.0687403678894043
test_0022823,noisy,stationary,14.819657799488798,4.770140647888184,4.338305473327637,0.4318351745605469
test_0022824,near_clean,nonstationary,28.017961436280757,0.4454059600830078,0.02930450439453125,0.41610145568847656
test_0022825,near_clean,ambient,26.237784505927372,0.9095687866210938,0.011810302734375,0.8977584838867188
test_0022826,noisy,ambient,5.15647432186486,11.876445293426514,3.511476993560791,8.364968299865723
test_0022827,noisy,ambient,7.434995289779282,8.236021995544434,4.379444122314453,3.8565778732299805
test_0022828,noisy,ambient,17.043102387878083,0.7679672241210938,1.0357112884521484,-0.2677440643310547
test_0022829,noisy,nonstationary,-3.4832037572574754,11.204636096954346,11.204916954040527,-0.0002808570861816406
test_0022830,noisy,nonstationary,13.477113271190259,1.327794075012207,-0.4010286331176758,1.7288227081298828
test_0022831,near_clean,ambient,32.40815168207962,0.15087318420410156,0.001811981201171875,0.1490612030029297
test_0022832,noisy,impulsive,-3.6340295338976443,2.887361526489258,2.3723020553588867,0.5150594711303711
test_0022833,noisy,impulsive,11.01692502575601,0.1013946533203125,0.8889484405517578,-0.7875537872314453
test_0022834,noisy,ambient,-2.6773805246840303,7.065435171127319,0.8335301876068115,6.231904983520508
test_0022835,noisy,stationary,19.479519792377815,1.3705825805664062,-0.2895679473876953,1.6601505279541016
test_0022836,near_clean,stationary,26.732568010246773,1.292999267578125,0.16962814331054688,1.1233711242675781
test_0022837,clean,nonstationary,85.4391351438742,0.000732421875,0.0009937286376953125,-0.0002613067626953125
test_0022838,noisy,nonstationary,6.944618709842306,3.8657569885253906,2.757242202758789,1.1085147857666016
test_0022839,near_clean,stationary,21.290554740945144,2.1415023803710938,1.1826095581054688,0.958892822265625
test_0022840,noisy,stationary,3.2468775485365238,6.841897010803223,6.365299224853516,0.47659778594970703
test_0022841,noisy,impulsive,14.786594882609506,0.42791748046875,0.7541780471801758,-0.3262605667114258
test_0022842,noisy,nonstationary,-0.6501448467912352,10.51007342338562,10.183540105819702,0.32653331756591797
test_0022843,clean,nonstationary,87.89966754807256,-0.00966644287109375,-0.009599685668945312,-6.67572021484375e-05
test_0022845,clean,ambient,98.76292057529005,0.002483367919921875,-0.09286880493164062,0.0953521728515625
test_0022846,noisy,impulsive,17.062874073185395,2.4798221588134766,2.857168197631836,-0.3773460388183594
test_0022847,noisy,stationary,18.718068435754642,2.934324264526367,0.6045722961425781,2.329751968383789
test_0022848,noisy,nonstationary,12.797919314130816,5.316013336181641,3.8793697357177734,1.4366436004638672
test_0022849,noisy,impulsive,12.098216638344237,3.912841796875,1.182840347290039,2.730001449584961
test_0022850,near_clean,nonstationary,39.782038215385064,0.000324249267578125,-0.0001506805419921875,0.0004749298095703125
test_0022851,noisy,ambient,-0.09949472266460746,3.990133047103882,0.15574923157691956,3.8343838155269623
test_0022852,clean,impulsive,93.01056770992737,0.003772735595703125,-0.7172966003417969,0.7210693359375
test_0022853,noisy,stationary,0.08949402072887808,3.4463827908039093,4.140150815248489,-0.6937680244445801
test_0022854,noisy,ambient,19.67840871373094,1.1131553649902344,0.11153411865234375,1.0016212463378906
test_0022855,clean,nonstationary,95.71522677318178,1.811981201171875e-05,0.0006303787231445312,-0.0006122589111328125
test_0022856,noisy,ambient,8.508961170711881,6.460707187652588,5.170395374298096,1.2903118133544922
test_0022857,noisy,stationary,16.341101430020533,0.0256805419921875,0.0032024383544921875,0.022478103637695312
test_0022859,clean,impulsive,84.60629573208834,-0.00759124755859375,0.038654327392578125,-0.046245574951171875
test_0022861,noisy,stationary,16.024739842383152,3.1793079376220703,3.370960235595703,-0.1916522979736328
test_0022862,noisy,ambient,5.6738023448936294,7.718158721923828,1.3295950889587402,6.388563632965088
test_0022863,near_clean,stationary,34.846377812609155,-0.7105369567871094,-0.11857986450195312,-0.5919570922851562
test_0022864,noisy,stationary,17.881833158919516,0.19371891021728516,0.03503227233886719,0.15868663787841797
test_0022865,near_clean,nonstationary,31.7640220690032,0.02762603759765625,0.044190406799316406,-0.016564369201660156
test_0022867,noisy,impulsive,-1.8829135015605336,9.73107624053955,9.128530979156494,0.6025452613830566
test_0022868,noisy,nonstationary,-2.9026080756171933,6.10966432094574,4.946141600608826,1.163522720336914
test_0022869,noisy,nonstationary,10.646911080059631,3.913069725036621,2.8484010696411133,1.0646686553955078
test_0022870,noisy,nonstationary,6.317952104360181,10.410298824310303,12.02498197555542,-1.6146831512451172
test_0022871,noisy,ambient,4.59517218218863,7.030276536941528,3.8547847270965576,3.1754918098449707
test_0022872,noisy,nonstationary,-3.4215028130110814,13.13895320892334,13.560891151428223,-0.4219379425048828
test_0022873,noisy,impulsive,1.516645864410694,10.282458782196045,11.155002117156982,-0.8725433349609375
test_0022874,near_clean,impulsive,33.152818521218315,0.07674789428710938,0.0003643035888671875,0.07638359069824219
test_0022875,clean,ambient,83.3658444984868,-0.008411407470703125,-0.006320953369140625,-0.0020904541015625
test_0022876,noisy,ambient,-0.5325738770261935,7.518394470214844,2.989959716796875,4.528434753417969
test_0022877,near_clean,impulsive,38.132790008129106,0.03452873229980469,-0.002964019775390625,0.03749275207519531
test_0022878,noisy,stationary,1.9811740851227888,15.332873821258545,10.858946323394775,4.4739274978637695
test_0022879,near_clean,impulsive,28.899072374846156,3.729135513305664,0.06910324096679688,3.660032272338867
test_0022881,noisy,stationary,16.089570653399377,6.294031143188477,5.138063430786133,1.1559677124023438
test_0022882,noisy,ambient,15.926913126809964,0.4901409149169922,0.11742591857910156,0.3727149963378906
test_0022883,noisy,impulsive,8.956266530720768,8.048726081848145,6.996991157531738,1.0517349243164062
test_0022884,noisy,impulsive,4.375122436302187,3.1537585258483887,3.043271541595459,0.11048698425292969
test_0022885,near_clean,nonstationary,33.670022931298384,4.067119598388672,-4.022815704345703,8.089935302734375
test_0022886,noisy,stationary,7.054905835165279,2.7269811630249023,2.903681755065918,-0.17670059204101562
test_0022887,noisy,impulsive,0.30720714379491854,7.870408236980438,6.990287482738495,0.8801207542419434
test_0022889,noisy,nonstationary,-4.120962524634105,6.853779554367065,5.848437666893005,1.00534188747406
test_0022890,noisy,impulsive,19.371107301130795,1.7839164733886719,0.029844284057617188,1.7540721893310547
test_0022891,noisy,nonstationary,18.758501058846665,2.2178878784179688,2.0807113647460938,0.137176513671875
test_0022892,near_clean,impulsive,32.428339067088814,0.6674003601074219,0.1417388916015625,0.5256614685058594
test_0022893,noisy,stationary,-2.9720648383864763,8.50150728225708,4.990385055541992,3.511122226715088
test_0022894,noisy,nonstationary,14.843904651298569,0.7927255630493164,0.5821094512939453,0.2106161117553711
test_0022895,noisy,nonstationary,19.854152715829404,8.00699234008789,6.078437805175781,1.9285545349121094
test_0022896,noisy,impulsive,11.904395116565613,7.24683952331543,4.288620948791504,2.958218574523926
test_0022897,near_clean,ambient,36.03928636162393,0.742645263671875,-0.06905364990234375,0.8116989135742188
test_0022898,noisy,nonstationary,19.23005309060092,0.6202507019042969,0.3174858093261719,0.302764892578125
test_0022899,near_clean,nonstationary,26.92127325451246,-0.228546142578125,-0.000888824462890625,-0.22765731811523438
test_0022901,noisy,nonstationary,16.81649476318343,1.8687667846679688,1.321981430053711,0.5467853546142578
test_0022902,near_clean,ambient,28.858977440681247,2.3295345306396484,0.4599628448486328,1.8695716857910156
test_0022903,noisy,ambient,3.8208781568532006,8.032695412635803,2.9956995248794556,5.036995887756348
test_0022904,clean,stationary,91.17294800173073,0.010498046875,-0.0554351806640625,0.0659332275390625
test_0022905,noisy,impulsive,-0.16763733937439837,13.35933530330658,6.499313712120056,6.860021591186523
test_0022906,noisy,impulsive,-4.076093202687923,9.832183837890625,7.517376899719238,2.3148069381713867
test_0022908,near_clean,impulsive,27.3700312995768,4.955570220947266,0.180633544921875,4.774936676025391
test_0022909,clean,stationary,97.14100492845957,-0.0018138885498046875,-1.9073486328125e-06,-0.001811981201171875
test_0022910,near_clean,impulsive,35.2611919332879,-0.026773452758789062,0.002254486083984375,-0.029027938842773438
test_0022911,noisy,impulsive,14.41850534103635,3.925048828125,3.3425254821777344,0.5825233459472656
test_0022912,noisy,ambient,1.5794624386544491,10.853806793689728,4.648736774921417,6.2050700187683105
test_0022913,near_clean,nonstationary,21.611984679898903,6.388139724731445,5.485624313354492,0.9025154113769531
test_0022914,noisy,nonstationary,2.7218816903431993,9.0395348072052,8.442050218582153,0.5974845886230469
test_0022915,noisy,stationary,-0.3331375479557794,7.349443435668945,7.217381477355957,0.13206195831298828
test_0022916,noisy,stationary,-3.5860703652080588,5.83028307557106,4.650496393442154,1.1797866821289062
test_0022917,noisy,impulsive,13.623489722309305,3.1232728958129883,2.3104066848754883,0.8128662109375
test_0022918,noisy,ambient,19.773538236278505,1.9620113372802734,0.20829391479492188,1.7537174224853516
test_0022919,noisy,impulsive,11.995975178562556,4.064279556274414,2.236217498779297,1.8280620574951172
test_0022921,clean,ambient,74.56449342807866,-0.0008087158203125,0.0001468658447265625,-0.0009555816650390625
test_0022922,noisy,impulsive,0.37266496033124574,4.408312261104584,2.397917926311493,2.010394334793091
test_0022923,near_clean,ambient,28.59011864431114,0.009708404541015625,0.0093841552734375,0.000324249267578125
test_0022924,near_clean,ambient,27.004192952355744,0.4092988967895508,-0.7686262130737305,1.1779251098632812
test_0022925,clean,nonstationary,87.64516975636575,-0.0017337799072265625,-0.00261688232421875,0.0008831024169921875
test_0022927,noisy,ambient,3.8704365759603543,4.791531562805176,4.023747444152832,0.7677841186523438
test_0022928,near_clean,ambient,35.94217572451612,2.263164520263672,0.0530548095703125,2.2101097106933594
test_0022929,noisy,stationary,12.259815971381387,2.120716094970703,1.4057092666625977,0.7150068283081055
test_0022931,noisy,impulsive,6.421102150257645,4.021483421325684,0.6502270698547363,3.3712563514709473
test_0022932,noisy,ambient,-3.893797803926302,13.266148567199707,10.42468547821045,2.841463088989258
test_0022933,noisy,stationary,18.264007874942905,0.6170463562011719,0.12237167358398438,0.4946746826171875
test_0022934,noisy,nonstationary,19.589749374844658,2.5827293395996094,1.767679214477539,0.8150501251220703
test_0022935,near_clean,impulsive,34.01609484392192,0.028331756591796875,0.01399993896484375,0.014331817626953125
test_0022936,near_clean,ambient,36.97688594168294,0.8434791564941406,-0.7025794982910156,1.5460586547851562
test_0022937,near_clean,stationary,26.67399207370044,1.0448646545410156,0.3534698486328125,0.6913948059082031
test_0022938,noisy,ambient,5.09392400779567,6.566008567810059,5.20687198638916,1.3591365814208984
test_0022939,noisy,ambient,15.309576264358922,3.2048282623291016,-6.552361011505127,9.757189273834229
test_0022940,noisy,nonstationary,11.36080873713005,4.954545974731445,3.0744762420654297,1.8800697326660156
test_0022942,clean,impulsive,96.62937189140636,-0.07399749755859375,-3.1943092346191406,3.120311737060547
test_0022943,noisy,ambient,9.535202252505341,6.119911193847656,3.0874900817871094,3.032421112060547
test_0022944,noisy,nonstationary,5.669505578337475,5.178205966949463,1.6557106971740723,3.5224952697753906
test_0022945,near_clean,ambient,30.215275678363934,-0.00034332275390625,9.72747802734375e-05,-0.0004405975341796875
test_0022946,near_clean,impulsive,25.905659036148435,0.5401153564453125,-0.18642616271972656,0.7265415191650391
test_0022947,clean,impulsive,89.47376903538411,-0.006633758544921875,-0.11233139038085938,0.1056976318359375
test_0022948,near_clean,nonstationary,31.274582263581927,1.8540401458740234,0.05345344543457031,1.8005867004394531
test_0022949,noisy,ambient,17.09614511178474,2.1585311889648438,1.2306194305419922,0.9279117584228516
test_0022950,noisy,nonstationary,9.128205717009797,5.54909610748291,0.05718421936035156,5.491911888122559
test_0022951,clean,impulsive,83.28400427620699,0.005390167236328125,0.002277374267578125,0.00311279296875
test_0022952,noisy,ambient,14.88189184649456,5.624702453613281,0.5548219680786133,5.069880485534668
test_0022954,noisy,nonstationary,8.235633687104212,7.3241987228393555,5.614072799682617,1.7101259231567383
test_0022955,clean,nonstationary,82.86537108664527,-0.0006999969482421875,-0.0012760162353515625,0.000576019287109375
test_0022956,near_clean,stationary,23.985026813755358,2.6276073455810547,0.38426971435546875,2.243337631225586
test_0022957,clean,nonstationary,95.4638533676608,-0.0002803802490234375,-0.0002918243408203125,1.1444091796875e-05
test_0022958,noisy,stationary,-1.8814554821300336,5.807574272155762,5.298196792602539,0.5093774795532227
test_0022959,noisy,nonstationary,0.06583311666791243,4.197612404823303,4.394450783729553,-0.19683837890625
test_0022960,noisy,nonstationary,-2.508321279388555,12.242623567581177,11.052719354629517,1.1899042129516602
test_0022961,noisy,ambient,10.162168611097197,4.507022857666016,1.7798290252685547,2.727193832397461
test_0022962,near_clean,nonstationary,20.647365240876656,3.676816940307617,3.1582298278808594,0.5185871124267578
test_0022963,noisy,nonstationary,14.367999919165593,3.8598432540893555,1.7463865280151367,2.1134567260742188
test_0022964,noisy,stationary,11.166610787425334,7.340726852416992,5.450325012207031,1.890401840209961
test_0022965,near_clean,impulsive,25.421739199264053,0.045264244079589844,0.034595489501953125,0.010668754577636719
test_0022966,near_clean,impulsive,39.77642022493092,-0.0026035308837890625,-0.00010013580322265625,-0.0025033950805664062
test_0022967,noisy,stationary,6.482109852341984,4.817116737365723,3.808755874633789,1.0083608627319336
test_0022968,near_clean,stationary,20.06498207724586,4.295854568481445,2.4120845794677734,1.8837699890136719
test_0022970,near_clean,impulsive,30.269645764034063,0.00751495361328125,0.0003814697265625,0.00713348388671875
test_0022972,clean,stationary,75.18520597107467,-0.006389617919921875,-0.0027008056640625,-0.003688812255859375
test_0022973,noisy,nonstationary,13.7432520834189,7.882480621337891,2.554475784301758,5.328004837036133
test_0022974,noisy,ambient,17.19085164188051,3.097257614135742,1.0993881225585938,1.9978694915771484
test_0022975,noisy,ambient,10.316068076548326,3.8983402252197266,5.020868301391602,-1.122528076171875
test_0022976,noisy,stationary,4.167187717590782,3.1052613258361816,2.832760810852051,0.27250051498413086
test_0022977,noisy,impulsive,0.459658902598997,12.623956203460693,11.747304439544678,0.8766517639160156
test_0022978,noisy,stationary,14.064567086884345,1.116006851196289,0.27898597717285156,0.8370208740234375
test_0022979,near_clean,impulsive,21.951552480321844,1.2187042236328125,0.028224945068359375,1.1904792785644531
test_0022980,noisy,impulsive,11.494207458129914,5.7416582107543945,0.857264518737793,4.884393692016602
test_0022981,clean,nonstationary,79.7446940687346,0.001720428466796875,-0.14377212524414062,0.1454925537109375
test_0022982,noisy,ambient,6.405043510073954,6.30902624130249,3.362553119659424,2.9464731216430664
test_0022983,clean,impulsive,77.43536364581955,0.009002685546875,-0.5645561218261719,0.5735588073730469
test_0022984,clean,ambient,93.8454493195859,-0.002315521240234375,-0.0053920745849609375,0.0030765533447265625
test_0022985,noisy,nonstationary,-1.7766700792310992,4.790797710418701,3.645815849304199,1.144981861114502
test_0022986,near_clean,impulsive,26.546285540791313,1.1193981170654297,0.5815086364746094,0.5378894805908203
test_0022987,noisy,nonstationary,15.379960775501369,5.233539581298828,4.426324844360352,0.8072147369384766
test_0022988,noisy,impulsive,1.1137769380816935,6.389475226402283,4.677475810050964,1.7119994163513184
test_0022989,near_clean,ambient,20.910317650822854,3.1863555908203125,2.4402198791503906,0.7461357116699219
test_0022990,noisy,nonstationary,17.1861141073495,3.586771011352539,3.0746994018554688,0.5120716094970703
test_0022991,near_clean,stationary,37.715422169863054,-0.13373184204101562,-0.4801177978515625,0.3463859558105469
test_0022992,noisy,nonstationary,17.750505226622884,3.5807342529296875,3.1902847290039062,0.39044952392578125
test_0022993,clean,impulsive,96.0410601334543,-0.017251014709472656,0.000164031982421875,-0.01741504669189453
test_0022994,noisy,impulsive,15.59438605794103,2.6646575927734375,0.3520069122314453,2.312650680541992
test_0022995,noisy,stationary,0.2976735336224858,8.544394969940186,7.930301189422607,0.6140937805175781
test_0022997,near_clean,nonstationary,24.998733941822813,0.15241622924804688,0.002918243408203125,0.14949798583984375
test_0022998,noisy,nonstationary,-3.3311812518316426,6.975226283073425,4.671841979026794,2.303384304046631
test_0022999,noisy,stationary,17.286672168964277,0.7822904586791992,0.6654977798461914,0.11679267883300781
test_0023000,noisy,impulsive,18.950876676683254,3.8802642822265625,0.023149490356445312,3.857114791870117
test_0023001,noisy,nonstationary,18.81116965055453,0.5570888519287109,0.008436203002929688,0.5486526489257812
test_0023002,noisy,impulsive,7.138053206753193,4.896670341491699,3.411355972290039,1.4853143692016602
test_0023003,noisy,impulsive,16.25221149847672,4.9787139892578125,3.7319507598876953,1.2467632293701172
test_0023004,near_clean,nonstationary,24.25416425614134,0.018967628479003906,0.001529693603515625,0.01743793487548828
test_0023005,clean,nonstationary,81.54015170667708,0.000873565673828125,-0.002529144287109375,0.0034027099609375
test_0023006,noisy,nonstationary,1.8582802453045835,8.59195613861084,4.475032806396484,4.1169233322143555
test_0023007,near_clean,nonstationary,26.709760614295437,0.8351669311523438,0.0915374755859375,0.7436294555664062
test_0023008,clean,ambient,79.04308962163314,0.0028476715087890625,-0.09023284912109375,0.09308052062988281
test_0023009,noisy,stationary,6.041757511135147,5.450355529785156,3.8019485473632812,1.648406982421875
test_0023010,noisy,impulsive,-3.806934169537502,7.621299982070923,8.438008785247803,-0.8167088031768799
test_0023011,noisy,ambient,8.37939135682297,7.654121398925781,0.24768781661987305,7.406433582305908
test_0023012,noisy,impulsive,-4.8816516190256065,8.62427544593811,7.168482542037964,1.4557929039001465
test_0023013,near_clean,impulsive,32.35989743944363,0.004901885986328125,0.000911712646484375,0.00399017333984375
test_0023014,near_clean,ambient,29.221842533887816,2.631296157836914,2.127227783203125,0.5040683746337891
test_0023015,noisy,nonstationary,5.51145496385079,6.225067138671875,6.0801286697387695,0.14493846893310547
test_0023016,near_clean,ambient,27.07864752253724,0.18534469604492188,0.12866783142089844,0.05667686462402344
test_0023017,near_clean,nonstationary,22.213028417415025,5.340211868286133,4.17088508605957,1.1693267822265625
test_0023018,noisy,ambient,3.999949689526818,7.612972021102905,2.8180043697357178,4.7949676513671875
test_0023019,noisy,ambient,5.658023356688511,6.6513671875,4.232391357421875,2.418975830078125
test_0023020,noisy,nonstationary,6.550831295717547,0.43340587615966797,0.3117046356201172,0.12170124053955078
test_0023021,noisy,stationary,17.108304463909437,2.162801742553711,1.308542251586914,0.8542594909667969
test_0023022,noisy,ambient,9.556526159887028,6.181777000427246,4.412310600280762,1.7694664001464844
test_0023023,noisy,stationary,10.95150157221819,5.511946678161621,4.363572120666504,1.1483745574951172
test_0023024,noisy,ambient,12.970383834718053,1.8163738250732422,1.200662612915039,0.6157112121582031
test_0023025,noisy,impulsive,17.240841221823796,4.517438888549805,3.0120391845703125,1.5053997039794922
test_0023026,clean,nonstationary,86.59175243143434,-0.006877899169921875,-0.28359222412109375,0.2767143249511719
test_0023028,noisy,ambient,-3.105348959069292,4.0298197865486145,-1.315791130065918,5.3456109166145325
test_0023029,noisy,nonstationary,18.627128210949554,3.2206077575683594,1.9384880065917969,1.2821197509765625
test_0023030,near_clean,nonstationary,26.178606970927785,5.449441909790039,4.255970001220703,1.193471908569336
test_0023031,noisy,ambient,10.107919583519374,2.7921743392944336,0.3322429656982422,2.4599313735961914
test_0023032,near_clean,stationary,26.808682587202032,3.554210662841797,-0.12456893920898438,3.6787796020507812
test_0023033,noisy,nonstationary,12.433037456812945,6.540027618408203,6.305425643920898,0.2346019744873047
test_0023034,noisy,stationary,1.867164859639324,7.589988946914673,7.010919809341431,0.5790691375732422
test_0023035,near_clean,ambient,30.081558189217677,1.2943840026855469,0.22495651245117188,1.069427490234375
test_0023037,noisy,ambient,11.090233314811735,-0.6693038940429688,0.01214599609375,-0.6814498901367188
test_0023038,noisy,impulsive,-3.411275224488351,15.032354593276978,12.512686014175415,2.5196685791015625
test_0023039,clean,stationary,99.0038696523206,-0.000934600830078125,-0.34706878662109375,0.3461341857910156
test_0023040,noisy,nonstationary,5.81946942869982,3.9753570556640625,3.0290422439575195,0.946314811706543
test_0023041,noisy,nonstationary,-0.4420159650613844,12.378007531166077,3.797570586204529,8.580436944961548
test_0023043,noisy,impulsive,3.730923334082847,10.053465366363525,8.341176509857178,1.7122888565063477
test_0023044,noisy,ambient,0.4881111047716024,6.73198638856411,0.05636318027973175,6.675623208284378
test_0023045,near_clean,nonstationary,29.52540854950891,-0.01622772216796875,-0.001552581787109375,-0.014675140380859375
test_0023046,noisy,nonstationary,9.888471686406735,3.884502410888672,3.3499526977539062,0.5345497131347656
test_0023047,noisy,ambient,-0.4504149528319903,3.30419921875,2.30572509765625,0.99847412109375
test_0023049,near_clean,impulsive,32.19801506878385,2.108325958251953,-0.017787933349609375,2.1261138916015625
test_0023051,clean,nonstationary,100.05231736438733,-0.000377655029296875,-0.46257781982421875,0.4622001647949219
test_0023052,near_clean,stationary,24.723167608212968,-0.09837150573730469,-0.0001316070556640625,-0.09823989868164062
test_0023053,near_clean,stationary,26.964674418927814,2.9625587463378906,0.15053939819335938,2.8120193481445312
test_0023054,noisy,impulsive,-0.1145594480685754,8.159370422363281,8.209736824035645,-0.05036640167236328
test_0023055,noisy,stationary,4.314566036942888,4.514894485473633,3.718153953552246,0.7967405319213867
test_0023056,near_clean,impulsive,36.777263930257035,0.1284942626953125,0.008945465087890625,0.11954879760742188
test_0023057,near_clean,nonstationary,32.51378660233365,-0.39762067794799805,-0.0012402534484863281,-0.3963804244995117
test_0023058,noisy,stationary,-2.682283385107724,10.87707805633545,9.097867965698242,1.779210090637207
test_0023059,clean,impulsive,85.37465983123437,0.00069427490234375,-8.290424346923828,8.291118621826172
test_0023060,clean,nonstationary,78.92561004852898,-0.0014705657958984375,0.002536773681640625,-0.0040073394775390625
test_0023061,clean,impulsive,89.06463311858076,-0.0743255615234375,-0.01775360107421875,-0.05657196044921875
test_0023062,noisy,stationary,8.161395191218743,4.9057769775390625,3.5868539810180664,1.318922996520996
test_0023063,noisy,nonstationary,3.2941470186789568,8.036484330892563,7.202478975057602,0.8340053558349609
test_0023064,noisy,nonstationary,0.8153255759638423,7.243301153182983,6.164568662643433,1.0787324905395508
test_0023066,near_clean,impulsive,25.37132970455805,1.2214412689208984,0.07332992553710938,1.148111343383789
test_0023067,noisy,stationary,1.124835094273603,6.262457489967346,5.6359440088272095,0.6265134811401367
test_0023068,near_clean,nonstationary,36.32412428700561,-2.193450927734375e-05,-0.00010967254638671875,8.7738037109375e-05
test_0023069,near_clean,nonstationary,27.880726930372855,1.100088119506836,0.02666473388671875,1.0734233856201172
test_0023070,noisy,ambient,13.86843037556904,7.8877716064453125,2.6692581176757812,5.218513488769531
test_0023071,near_clean,nonstationary,35.07842321287968,-0.1678752899169922,-0.11720466613769531,-0.050670623779296875
test_0023072,noisy,ambient,2.054618693579655,3.530947685241699,2.2545080184936523,1.2764396667480469
test_0023073,noisy,ambient,-1.281432803439012,10.730863332748413,8.533159017562866,2.197704315185547
test_0023074,noisy,stationary,18.579840866011814,1.8784656524658203,1.8175106048583984,0.060955047607421875
test_0023075,noisy,ambient,9.253666749985022,6.336400032043457,2.704648971557617,3.63175106048584
test_0023077,near_clean,impulsive,24.867145121903565,3.425294876098633,0.46254920959472656,2.9627456665039062
test_0023078,near_clean,ambient,20.554476068134576,0.5510282516479492,0.27012062072753906,0.28090763092041016
test_0023079,noisy,ambient,7.819965005234092,5.244146347045898,4.801836967468262,0.4423093795776367
test_0023080,near_clean,ambient,33.12306404535276,-0.0006465911865234375,0.00020694732666015625,-0.0008535385131835938
test_0023081,near_clean,nonstationary,21.28806250466635,1.3226451873779297,0.23574447631835938,1.0869007110595703
test_0023082,clean,impulsive,85.23960006277045,-0.006580352783203125,-0.025295257568359375,0.01871490478515625
test_0023083,noisy,ambient,-4.100102524493671,10.74467420578003,7.678181171417236,3.066493034362793
test_0023084,clean,ambient,89.86827288512379,0.0001220703125,-0.0009212493896484375,0.0010433197021484375
test_0023086,clean,impulsive,91.97009478793626,-0.03472137451171875,-4.137397766113281,4.1026763916015625
test_0023087,noisy,ambient,-0.18476738486060365,5.396060466766357,4.29931640625,1.0967440605163574
test_0023088,near_clean,stationary,28.708838892967215,0.7918643951416016,0.4189929962158203,0.37287139892578125
test_0023089,clean,stationary,82.15758627678484,0.003612518310546875,0.028476715087890625,-0.02486419677734375
test_0023090,noisy,nonstationary,19.98512738600261,0.08265495300292969,0.09330368041992188,-0.010648727416992188
test_0023091,clean,impulsive,76.58866419473796,0.012622833251953125,-1.8120193481445312,1.8246421813964844
test_0023092,noisy,stationary,3.009935688692269,5.333677649497986,4.636082053184509,0.6975955963134766
test_0023093,noisy,stationary,7.99330910962169,4.130135536193848,4.53034782409668,-0.40021228790283203
test_0023095,noisy,ambient,10.292291710703163,5.905542373657227,4.80708122253418,1.0984611511230469
test_0023096,noisy,impulsive,-0.23026597204263696,7.220419645309448,6.441618204116821,0.778801441192627
test_0023097,noisy,impulsive,16.82252275914675,0.31330108642578125,0.07022285461425781,0.24307823181152344
test_0023098,clean,impulsive,81.56249430397432,-0.01596832275390625,-0.1427154541015625,0.12674713134765625
test_0023099,clean,impulsive,77.62899494709181,-0.11703872680664062,-0.0075225830078125,-0.10951614379882812
test_0023100,clean,ambient,89.56440443243622,0.002788543701171875,-0.07077407836914062,0.0735626220703125
test_0023102,near_clean,ambient,33.39330459178446,0.13999176025390625,0.0074100494384765625,0.1325817108154297
test_0023103,clean,ambient,101.13057933391511,-0.000675201416015625,-3.814697265625e-06,-0.00067138671875
test_0023106,near_clean,ambient,33.61257762866753,0.4944877624511719,0.1295928955078125,0.3648948669433594
test_0023107,noisy,ambient,6.234159049518858,2.4727730751037598,2.22515869140625,0.24761438369750977
test_0023108,near_clean,ambient,28.00432794681133,0.15979766845703125,0.020154953002929688,0.13964271545410156
test_0023109,noisy,impulsive,-2.124480932823311,7.2014899253845215,5.691135883331299,1.5103540420532227
test_0023110,near_clean,impulsive,36.419380818095426,-0.2802696228027344,0.0004215240478515625,-0.28069114685058594
test_0023111,noisy,stationary,-3.5194099132520233,10.199020862579346,8.28748369216919,1.9115371704101562
test_0023112,noisy,stationary,-1.0243349144311522,13.81040358543396,10.652522802352905,3.1578807830810547
test_0023113,noisy,impulsive,-2.5905632523974322,11.279844045639038,9.55345606803894,1.7263879776000977
test_0023114,noisy,stationary,8.578009245500333,2.5089111328125,2.4203567504882812,0.08855438232421875
test_0023116,noisy,stationary,10.273821954928412,4.547324180603027,4.269669532775879,0.27765464782714844
test_0023117,noisy,ambient,3.8795516156400245,10.276353597640991,3.855417490005493,6.420936107635498
test_0023118,near_clean,ambient,26.999346303448565,0.016770362854003906,0.0017242431640625,0.015046119689941406
test_0023121,near_clean,impulsive,28.47121543702705,-0.03525543212890625,-0.026149749755859375,-0.009105682373046875
test_0023122,noisy,stationary,6.730207504382436,0.007328033447265625,2.4606447219848633,-2.4533166885375977
test_0023123,noisy,impulsive,9.365273834281885,3.9601612091064453,2.2262744903564453,1.73388671875
test_0023124,near_clean,nonstationary,26.089954951450245,1.281747817993164,0.21088790893554688,1.0708599090576172
test_0023125,noisy,ambient,14.759192056066826,3.3280887603759766,0.03721141815185547,3.290877342224121
test_0023126,noisy,stationary,0.615352353466777,8.246200561523438,6.011619567871094,2.2345809936523438
test_0023127,noisy,nonstationary,7.905808350123626,3.3788375854492188,2.46502685546875,0.9138107299804688
test_0023128,noisy,ambient,17.328705490956104,1.7993659973144531,1.1477413177490234,0.6516246795654297
test_0023129,noisy,stationary,6.144935737691197,2.0378918647766113,1.3783049583435059,0.6595869064331055
test_0023130,clean,impulsive,98.00519899378844,4.57763671875e-05,9.5367431640625e-06,3.62396240234375e-05
test_0023131,noisy,ambient,-4.5073800616686235,6.538896799087524,4.343010127544403,2.1958866715431213
test_0023132,noisy,ambient,-2.219900277451566,14.050082206726074,11.667634010314941,2.382448196411133
test_0023133,noisy,impulsive,18.18579959000057,4.024330139160156,3.4266490936279297,0.5976810455322266
test_0023134,clean,nonstationary,81.24306653181773,-0.011928558349609375,0.01676177978515625,-0.028690338134765625
test_0023135,noisy,stationary,8.569119741621916,2.9450550079345703,1.0558395385742188,1.8892154693603516
test_0023136,clean,stationary,89.43641961786832,0.005420684814453125,0.010761260986328125,-0.005340576171875
test_0023137,noisy,ambient,1.8453601988726005,4.116708040237427,-0.8538081049919128,4.97051614522934
test_0023139,noisy,ambient,1.1297853772135595,15.609208226203918,10.795294880867004,4.813913345336914
test_0023141,noisy,nonstationary,3.7262652287507203,6.814460754394531,5.2388153076171875,1.5756454467773438
test_0023142,noisy,stationary,-2.5326074014578994,6.8819684982299805,7.405526161193848,-0.5235576629638672
test_0023143,clean,stationary,82.84401020304138,-0.0074462890625,-3.2137680053710938,3.2063217163085938
test_0023144,noisy,stationary,-4.829804092879591,3.1404876708984375,3.392362594604492,-0.2518749237060547
test_0023145,noisy,ambient,19.26039963509137,3.0596256256103516,1.774892807006836,1.2847328186035156
test_0023147,clean,impulsive,75.18743257137386,0.00035858154296875,-0.0001926422119140625,0.0005512237548828125
test_0023148,noisy,nonstationary,1.3549950250853051,9.876281023025513,6.058523416519165,3.8177576065063477
test_0023149,noisy,impulsive,6.796156445901534,4.735926628112793,1.4460077285766602,3.289918899536133
test_0023150,noisy,ambient,1.1251472458282887,9.682068586349487,8.761957883834839,0.9201107025146484
test_0023151,clean,ambient,93.55325845891905,-0.02672576904296875,-0.06314849853515625,0.0364227294921875
test_0023152,noisy,stationary,2.7831245309299963,5.86808967590332,5.743995666503906,0.12409400939941406
test_0023153,near_clean,ambient,26.19119880716541,1.2673969268798828,0.8757095336914062,0.39168739318847656
test_0023154,near_clean,ambient,33.39687345734066,0.0004730224609375,-3.24249267578125e-05,0.0005054473876953125
test_0023155,noisy,nonstationary,-3.503853679051968,10.407623529434204,9.989505052566528,0.4181184768676758
test_0023156,noisy,impulsive,-2.6178813096664095,4.756654500961304,5.216694593429565,-0.4600400924682617
test_0023157,noisy,impulsive,18.851486977330573,0.12105941772460938,0.02231121063232422,0.09874820709228516
test_0023158,noisy,ambient,-1.8629290241379692,8.279083490371704,3.8587024807929993,4.420381009578705
test_0023159,clean,impulsive,100.72147997800458,-0.0012660026550292969,-0.0002570152282714844,-0.0010089874267578125
test_0023160,near_clean,impulsive,39.883478565158086,6.67572021484375e-05,-0.0011348724365234375,0.001201629638671875
test_0023161,noisy,ambient,19.576846074953767,0.06482410430908203,0.024358749389648438,0.040465354919433594
test_0023162,noisy,ambient,0.9836754589261708,7.5713353753089905,3.3475123047828674,4.223823070526123
test_0023164,noisy,impulsive,10.0859197340612,4.883652687072754,3.7560367584228516,1.1276159286499023
test_0023166,clean,impulsive,96.6712761834012,0.00018978118896484375,0.025228023529052734,-0.02503824234008789
test_0023167,noisy,impulsive,-2.3007919188084833,11.326250448822975,10.778924360871315,0.5473260879516602
test_0023168,noisy,impulsive,-0.04132278410612412,4.0531721115112305,1.590590476989746,2.4625816345214844
test_0023169,noisy,stationary,7.350019369401916,5.538524627685547,5.374135971069336,0.16438865661621094
test_0023170,noisy,stationary,-4.809198766574203,7.642279624938965,4.345152139663696,3.2971274852752686
test_0023171,noisy,nonstationary,7.68765033694126,4.836883544921875,1.9934959411621094,2.8433876037597656
test_0023172,noisy,impulsive,17.96751289599987,0.2450246810913086,-0.0022430419921875,0.2472677230834961
test_0023173,noisy,ambient,3.444809732980845,15.086773157119751,10.788546800613403,4.298226356506348
test_0023174,noisy,nonstationary,16.861727902828505,0.6377754211425781,0.025440216064453125,0.612335205078125
test_0023175,noisy,stationary,-0.36188577743137584,5.562176704406738,7.1900835037231445,-1.6279067993164062
test_0023176,near_clean,impulsive,39.885886898672574,1.8021011352539062,0.3192787170410156,1.4828224182128906
test_0023177,clean,impulsive,96.47249153896149,0.002017974853515625,-0.0312042236328125,0.033222198486328125
test_0023179,noisy,ambient,0.92435668355222,7.847127437591553,4.925962448120117,2.9211649894714355
test_0023180,noisy,ambient,-1.7028688934192704,2.9459853768348694,1.2617852687835693,1.6842001080513
test_0023181,noisy,nonstationary,-3.329334193714268,10.278946876525879,8.439224481582642,1.8397223949432373
test_0023182,near_clean,stationary,37.42153961244278,1.0602073669433594,0.05722808837890625,1.0029792785644531
test_0023183,noisy,nonstationary,18.01937716179152,5.541852951049805,4.890132904052734,0.6517200469970703
test_0023184,noisy,nonstationary,-1.094320115978351,8.385903358459473,6.399341106414795,1.9865622520446777
test_0023185,clean,impulsive,81.08519651179891,-0.00035858154296875,-0.00592041015625,0.00556182861328125
test_0023186,noisy,stationary,3.9199108144337864,5.766487121582031,5.647544860839844,0.1189422607421875
test_0023187,noisy,ambient,3.9045208242879896,8.738031387329102,7.171418190002441,1.5666131973266602
test_0023188,noisy,stationary,18.33915024496909,1.28863525390625,2.074941635131836,-0.7863063812255859
test_0023190,noisy,nonstationary,-1.2356489876440266,3.2545852661132812,2.435403823852539,0.8191814422607422
test_0023191,noisy,stationary,12.353442123391805,0.8242073059082031,0.16618728637695312,0.65802001953125
test_0023192,near_clean,nonstationary,37.06985960304146,0.012378692626953125,2.09808349609375e-05,0.012357711791992188
test_0023193,near_clean,stationary,37.45978744732012,0.33959197998046875,0.08374404907226562,0.2558479309082031
test_0023194,near_clean,stationary,39.391613630691545,0.04559326171875,0.0945892333984375,-0.0489959716796875
test_0023195,clean,stationary,81.08291254768078,-0.03784942626953125,-0.020263671875,-0.01758575439453125
test_0023196,noisy,impulsive,8.384157199081773,6.234842300415039,2.8151111602783203,3.4197311401367188
test_0023197,clean,ambient,99.24701868653572,-0.002506256103515625,-0.00359344482421875,0.001087188720703125
test_0023198,near_clean,ambient,39.63870541509204,-0.035190582275390625,-0.43346405029296875,0.3982734680175781
test_0023199,near_clean,ambient,30.436285005366727,0.2539405822753906,0.003322601318359375,0.25061798095703125
test_0023200,noisy,nonstationary,9.6145621803462,3.5528316497802734,2.440463066101074,1.1123685836791992
test_0023201,noisy,nonstationary,2.3189411215803477,10.429081678390503,9.073033094406128,1.356048583984375
test_0023202,noisy,nonstationary,-3.1049402557214183,8.720624446868896,6.651779890060425,2.0688445568084717
test_0023203,noisy,nonstationary,11.15298073568412,10.380696296691895,8.785979270935059,1.594717025756836
test_0023204,near_clean,ambient,31.934156680846822,0.13237762451171875,0.00746917724609375,0.124908447265625
test_0023205,noisy,stationary,-3.8415795495791087,10.404803276062012,8.931857109069824,1.4729461669921875
test_0023206,near_clean,impulsive,24.44922326128886,0.051753997802734375,0.6775970458984375,-0.6258430480957031
test_0023207,clean,nonstationary,98.9708890058395,-0.0017242431640625,-0.01325225830078125,0.01152801513671875
test_0023208,noisy,nonstationary,-2.329352918103142,1.8285247087478638,0.10268187522888184,1.725842833518982
test_0023209,noisy,stationary,16.923307271636684,2.592222213745117,2.7306156158447266,-0.13839340209960938
test_0023210,noisy,nonstationary,-1.5928154610797594,8.591458439826965,6.932278275489807,1.6591801643371582
test_0023211,clean,nonstationary,83.53568770882845,-0.00260162353515625,-0.14214706420898438,0.13954544067382812
test_0023212,near_clean,ambient,31.729731864463954,0.022222518920898438,0.028636932373046875,-0.0064144134521484375
test_0023213,noisy,nonstationary,12.704256033821288,5.741586685180664,0.5069580078125,5.234628677368164
test_0023214,near_clean,stationary,24.48251767646522,0.9017200469970703,0.5473861694335938,0.35433387756347656
test_0023215,near_clean,stationary,22.93869656671586,1.5749397277832031,1.50982666015625,0.06511306762695312
test_0023216,noisy,ambient,5.259091171115195,7.220931053161621,4.715731620788574,2.505199432373047
test_0023217,noisy,impulsive,18.763220106245438,0.5739936828613281,0.009801864624023438,0.5641918182373047
test_0023218,noisy,ambient,-0.2645434081722179,4.413636492565274,3.667814062908292,0.7458224296569824
test_0023219,noisy,ambient,10.8011150530454,6.820243835449219,2.593402862548828,4.226840972900391
test_0023220,noisy,nonstationary,11.151801521847098,3.694138526916504,0.4364290237426758,3.257709503173828
test_0023221,noisy,impulsive,8.184445891258433,4.228647708892822,2.106489658355713,2.1221580505371094
test_0023222,near_clean,nonstationary,34.04106262137964,0.7902717590332031,0.011989593505859375,0.7782821655273438
test_0023223,noisy,impulsive,17.53413795767446,2.7181873321533203,1.8450946807861328,0.8730926513671875
test_0023224,clean,impulsive,74.08923152371395,0.00014495849609375,-0.00064849853515625,0.00079345703125
test_0023225,clean,nonstationary,101.1738453518406,6.961822509765625e-05,0.000431060791015625,-0.00036144256591796875
test_0023226,noisy,nonstationary,-2.821609009330327,10.579620838165283,9.472955226898193,1.1066656112670898
test_0023227,noisy,nonstationary,-2.9265954002354477,5.852867603302002,4.76840603351593,1.0844615697860718
test_0023228,noisy,impulsive,8.209573111822419,6.913158416748047,6.51786994934082,0.39528846740722656
test_0023229,clean,impulsive,80.99643919557698,-0.002716064453125,-0.05483245849609375,0.05211639404296875
test_0023230,noisy,impulsive,14.476861435791491,3.501643180847168,2.192439079284668,1.3092041015625
test_0023231,clean,nonstationary,75.55767420829395,-0.02626800537109375,-0.0815582275390625,0.05529022216796875
test_0023232,noisy,ambient,1.231833657203833,9.780274987220764,9.51837694644928,0.2618980407714844
test_0023233,noisy,stationary,17.999568900575195,5.360561370849609,4.267425537109375,1.0931358337402344
test_0023235,noisy,stationary,15.01888822558217,1.8596429824829102,-0.9412908554077148,2.800933837890625
test_0023236,clean,nonstationary,88.7081169818344,-0.00183868408203125,-0.00676727294921875,0.0049285888671875
test_0023237,noisy,stationary,-3.3634875383562384,7.466609001159668,6.322541236877441,1.1440677642822266
test_0023238,noisy,impulsive,13.696617170050464,3.306978225708008,3.420217514038086,-0.11323928833007812
test_0023239,near_clean,nonstationary,30.497219591298425,0.18834495544433594,0.1819438934326172,0.00640106201171875
test_0023240,noisy,ambient,7.334750902092642,5.4802656173706055,3.5742902755737305,1.905975341796875
test_0023242,noisy,impulsive,17.93099038493922,3.3914756774902344,2.2086524963378906,1.1828231811523438
test_0023243,noisy,impulsive,9.663322029077214,6.775297164916992,4.820783615112305,1.9545135498046875
test_0023244,near_clean,impulsive,22.5516355851502,1.81146240234375,0.19045257568359375,1.6210098266601562
test_0023245,noisy,stationary,9.026796728374837,2.4287853240966797,1.845841407775879,0.5829439163208008
test_0023246,noisy,nonstationary,7.918489554875855,6.18218469619751,5.342321872711182,0.8398628234863281
test_0023248,noisy,ambient,16.853362895539476,2.9895668029785156,0.363677978515625,2.6258888244628906
test_0023249,noisy,nonstationary,12.914451555098427,2.9227476119995117,1.4507007598876953,1.4720468521118164
test_0023250,near_clean,nonstationary,26.277133503477565,0.24936485290527344,0.18337249755859375,0.06599235534667969
test_0023251,noisy,impulsive,10.887544416649874,5.044057846069336,1.6401405334472656,3.4039173126220703
test_0023253,near_clean,nonstationary,28.392077779265733,0.9078941345214844,0.211334228515625,0.6965599060058594
test_0023254,near_clean,impulsive,21.20726539421017,2.9576263427734375,1.1870670318603516,1.770559310913086
test_0023256,clean,ambient,73.64617587082358,-0.0767364501953125,-0.0870513916015625,0.01031494140625
test_0023258,noisy,stationary,1.5664930841782019,8.075813293457031,3.9853553771972656,4.090457916259766
test_0023259,noisy,nonstationary,17.14753290677856,4.725868225097656,4.365972518920898,0.3598957061767578
test_0023260,noisy,stationary,5.733532267288391,3.054414749145508,0.8533363342285156,2.201078414916992
test_0023261,noisy,impulsive,4.830725249941665,9.923480033874512,0.44806861877441406,9.475411415100098
test_0023262,clean,ambient,90.54266894745034,-0.002620697021484375,-0.0705413818359375,0.06792068481445312
test_0023263,noisy,nonstationary,-0.9217955521968811,10.225973129272461,9.108438491821289,1.1175346374511719
test_0023265,near_clean,ambient,24.08926370621771,1.0229301452636719,0.361785888671875,0.6611442565917969
test_0023266,noisy,impulsive,3.0557925839176288,5.177515029907227,3.4771270751953125,1.700387954711914
test_0023267,clean,stationary,92.69895270521545,-1.9073486328125e-05,-0.00159454345703125,0.001575469970703125
test_0023268,noisy,nonstationary,1.3531766963783742,6.4305641651153564,5.959034204483032,0.4715299606323242
test_0023269,noisy,ambient,12.347115735586145,4.80621337890625,3.1906089782714844,1.6156044006347656
test_0023270,noisy,stationary,-1.229649457504799,3.3485870361328125,3.0214662551879883,0.3271207809448242
test_0023271,noisy,nonstationary,15.264457735724426,4.725255966186523,4.118520736694336,0.6067352294921875
test_0023272,near_clean,nonstationary,32.82583134130356,1.6790504455566406,0.6708297729492188,1.0082206726074219
test_0023273,noisy,impulsive,3.671515467865713,2.8847665786743164,-3.248058319091797,6.132824897766113
test_0023274,noisy,stationary,-3.989067218049778,9.573537588119507,7.01473069190979,2.558806896209717
test_0023275,noisy,stationary,18.11731255215871,1.611429214477539,1.1843280792236328,0.42710113525390625
test_0023276,noisy,impulsive,-0.0612681574066637,7.790433973073959,5.359977811574936,2.4304561614990234
test_0023277,noisy,ambient,16.403530646535707,0.9482421875,0.12102508544921875,0.8272171020507812
test_0023278,noisy,impulsive,19.320474697833983,0.12444114685058594,0.013090133666992188,0.11135101318359375
test_0023279,noisy,nonstationary,7.171934549239741,2.943775177001953,2.5793304443359375,0.3644447326660156
test_0023281,clean,ambient,86.15415777119622,-0.35761070251464844,-0.015474319458007812,-0.3421363830566406
test_0023282,noisy,nonstationary,14.860791618660691,3.0955286026000977,0.06272125244140625,3.0328073501586914
test_0023283,noisy,nonstationary,-2.8072657634205016,10.281173825263977,6.627311825752258,3.6538619995117188
test_0023284,noisy,impulsive,9.733237612631994,3.710123062133789,1.019118309020996,2.691004753112793
test_0023285,noisy,impulsive,11.87459471748756,4.8340044021606445,1.037419319152832,3.7965850830078125
test_0023286,near_clean,nonstationary,23.4590943571839,1.2200489044189453,0.3301982879638672,0.8898506164550781
test_0023288,noisy,ambient,16.42291702701892,2.023691177368164,-7.4320831298828125,9.455774307250977
test_0023289,noisy,nonstationary,7.020247103572174,0.7984275817871094,0.9294719696044922,-0.1310443878173828
test_0023290,noisy,ambient,10.679457259806309,2.216416358947754,2.13393497467041,0.08248138427734375
test_0023291,noisy,nonstationary,0.8159299048116844,4.168120369315147,3.5729503482580185,0.5951700210571289
test_0023292,noisy,impulsive,2.868963169972367,4.237846374511719,2.732203483581543,1.5056428909301758
test_0023293,noisy,ambient,11.738248593585826,0.8526935577392578,0.6085100173950195,0.24418354034423828
test_0023294,clean,ambient,92.63088858381069,-0.000537872314453125,-0.006946563720703125,0.00640869140625
test_0023295,noisy,stationary,-3.9337777350160694,6.601240634918213,5.6459455490112305,0.9552950859069824
test_0023296,noisy,ambient,15.864930831737805,6.380030632019043,4.077937126159668,2.302093505859375
test_0023297,noisy,stationary,-1.3231087368908754,7.091165244579315,5.56442803144455,1.5267372131347656
test_0023298,clean,ambient,77.14285519546787,-0.015682220458984375,-0.019908905029296875,0.0042266845703125
test_0023299,clean,ambient,95.99206504397829,0.00457763671875,-0.24483108520507812,0.24940872192382812
test_0023300,noisy,nonstationary,-3.201180340379456,3.3774443715810776,0.4428842067718506,2.934560164809227
test_0023301,noisy,ambient,-2.7844077419838182,6.553368330001831,4.109161853790283,2.444206476211548
test_0023302,noisy,stationary,3.411572309590016,7.728331565856934,8.905729293823242,-1.1773977279663086
test_0023303,noisy,impulsive,0.9987805354599998,6.483306407928467,4.836705207824707,1.6466012001037598
test_0023304,noisy,stationary,14.175734253771147,2.6240272521972656,2.5314502716064453,0.09257698059082031
test_0023305,noisy,impulsive,-2.4071881780255495,16.18126630783081,10.882437229156494,5.298829078674316
test_0023306,noisy,stationary,1.53281287167949,5.694200277328491,5.707481145858765,-0.013280868530273438
test_0023307,noisy,stationary,11.134162175516407,2.1273393630981445,1.9368247985839844,0.19051456451416016
test_0023308,near_clean,nonstationary,28.608500361802733,0.6671733856201172,0.07702064514160156,0.5901527404785156
test_0023309,noisy,stationary,7.095534013750252,2.9796829223632812,2.910200595855713,0.06948232650756836
test_0023310,clean,stationary,85.94908225423134,-0.000629425048828125,-0.15853118896484375,0.15790176391601562
test_0023312,noisy,ambient,11.482196808664288,3.80703067779541,1.421858787536621,2.385171890258789
test_0023313,noisy,nonstationary,13.643046296703293,4.320858001708984,1.6824283599853516,2.638429641723633
test_0023314,noisy,stationary,5.069169624848275,6.18056583404541,5.345998764038086,0.8345670700073242
test_0023315,noisy,nonstationary,3.2132149876656744,9.545956373214722,9.093049764633179,0.45290660858154297
test_0023316,clean,stationary,72.2906518693569,-0.0022678375244140625,-0.00649261474609375,0.0042247772216796875
test_0023317,near_clean,impulsive,30.3655317442799,-0.03706932067871094,0.05203437805175781,-0.08910369873046875
test_0023319,noisy,stationary,2.57925809785589,5.568427324295044,4.872740983963013,0.6956863403320312
test_0023320,noisy,nonstationary,9.319073209075793,6.74936580657959,4.905683517456055,1.8436822891235352
test_0023321,noisy,ambient,13.518046005556748,3.035289764404297,1.165456771850586,1.869832992553711
test_0023322,near_clean,nonstationary,20.69774649564976,1.2271289825439453,0.08403205871582031,1.143096923828125
test_0023323,near_clean,ambient,24.97275738109137,2.456491470336914,0.11586952209472656,2.3406219482421875
test_0023324,noisy,nonstationary,14.211208086439331,3.5328521728515625,2.7740955352783203,0.7587566375732422
test_0023325,noisy,ambient,13.646524018072494,3.4964656829833984,1.9122467041015625,1.584218978881836
test_0023326,noisy,nonstationary,11.87363818071788,1.2723822593688965,1.0795211791992188,0.19286108016967773
test_0023328,noisy,nonstationary,16.76277680926151,3.9523086547851562,1.51385498046875,2.4384536743164062
test_0023329,near_clean,nonstationary,32.264215483126044,3.8386592864990234,0.6665782928466797,3.1720809936523438
test_0023330,noisy,ambient,18.118777812941136,5.653411865234375,3.4577713012695312,2.1956405639648438
test_0023331,near_clean,ambient,35.7392997224232,-0.2498931884765625,-0.08440208435058594,-0.16549110412597656
test_0023332,noisy,nonstationary,3.097135312568138,5.985598564147949,5.186614036560059,0.7989845275878906
test_0023333,clean,stationary,97.6170854610169,-8.438560485839844,-0.37705230712890625,-8.061508178710938
test_0023334,noisy,stationary,4.639700864477097,3.1224489212036133,2.6259326934814453,0.49651622772216797
test_0023335,noisy,ambient,19.45350008180716,6.8401336669921875,0.669036865234375,6.1710968017578125
test_0023336,near_clean,nonstationary,37.43482563953915,-0.002582550048828125,0.00023174285888671875,-0.0028142929077148438
test_0023337,noisy,stationary,0.12474400971366222,7.422586441040039,1.315328598022461,6.107257843017578
test_0023338,noisy,nonstationary,8.399953801112023,6.369880676269531,0.6501426696777344,5.719738006591797
test_0023339,clean,nonstationary,85.1307272671992,-0.00012111663818359375,0.0009717941284179688,-0.0010929107666015625
test_0023340,noisy,nonstationary,6.278499433003601,4.368753433227539,3.354250907897949,1.0145025253295898
test_0023341,noisy,stationary,-1.1891067197610712,3.18182373046875,1.7039213180541992,1.4779024124145508
test_0023342,clean,stationary,76.61281217132355,-0.0011310577392578125,-0.0007495880126953125,-0.0003814697265625
test_0023343,near_clean,stationary,39.77723275331885,0.04986572265625,0.07615280151367188,-0.026287078857421875
test_0023344,near_clean,impulsive,20.95992993638187,1.227468490600586,0.013948440551757812,1.2135200500488281
test_0023346,noisy,impulsive,19.583785608894416,2.1444969177246094,1.5282020568847656,0.6162948608398438
test_0023347,clean,ambient,88.43924294406064,-0.0015106201171875,-6.497684478759766,6.496173858642578
test_0023348,noisy,nonstationary,1.4543363995823013,3.93105411529541,2.607545852661133,1.3235082626342773
test_0023349,near_clean,nonstationary,34.837340232281655,-0.11822509765625,3.62396240234375e-05,-0.11826133728027344
test_0023350,near_clean,impulsive,21.941001754307344,0.5393238067626953,0.30953025817871094,0.22979354858398438
test_0023351,noisy,nonstationary,17.17607540388187,1.0109806060791016,-1.3963212966918945,2.407301902770996
test_0023352,noisy,nonstationary,19.38547942037474,1.7174243927001953,0.8854312896728516,0.8319931030273438
test_0023353,noisy,impulsive,-0.5915903443040043,10.849538803100586,8.831502914428711,2.018035888671875
test_0023355,noisy,ambient,3.5054603530020985,8.440786361694336,2.700437545776367,5.740348815917969
test_0023356,noisy,stationary,4.11619111528645,3.92643404006958,3.1321988105773926,0.7942352294921875
test_0023357,near_clean,stationary,33.539498463859296,0.003093719482421875,-0.01212310791015625,0.015216827392578125
test_0023358,noisy,ambient,-1.973611259174224,3.7361939549446106,1.2443884015083313,2.4918055534362793
test_0023359,near_clean,nonstationary,26.133451338836068,0.031447410583496094,0.0075206756591796875,0.023926734924316406
test_0023360,noisy,stationary,6.175489684702299,4.9793806076049805,4.590583801269531,0.3887968063354492
test_0023361,clean,impulsive,80.15041919121404,-0.000621795654296875,-0.0002002716064453125,-0.0004215240478515625
test_0023363,near_clean,stationary,34.68459910510126,3.320964813232422,-0.45645904541015625,3.777423858642578
test_0023364,noisy,stationary,17.353071149675486,0.060543060302734375,0.051659584045410156,0.008883476257324219
test_0023365,noisy,ambient,-2.9721961587282246,4.680653691291809,4.1707682609558105,0.5098854303359985
test_0023366,near_clean,stationary,32.22715425409734,0.0006017684936523438,-0.06029510498046875,0.060896873474121094
test_0023367,near_clean,nonstationary,37.78448108598234,0.0687713623046875,0.020128250122070312,0.04864311218261719
test_0023368,noisy,ambient,6.955490994301199,2.168560028076172,1.618764877319336,0.5497951507568359
test_0023369,noisy,impulsive,7.774744199211182,2.7376017570495605,2.8052783012390137,-0.06767654418945312
test_0023370,noisy,ambient,13.446703636051911,8.219883918762207,7.178116798400879,1.0417671203613281
test_0023371,noisy,ambient,9.548244251378337,4.552162170410156,1.7740850448608398,2.7780771255493164
test_0023372,near_clean,impulsive,20.111581959742853,0.5695514678955078,0.15763092041015625,0.41192054748535156
test_0023373,noisy,ambient,-2.1522695927882003,7.724156141281128,8.40301775932312,-0.6788616180419922
test_0023374,noisy,nonstationary,6.280985866796689,2.879117965698242,3.865957260131836,-0.9868392944335938
test_0023376,noisy,stationary,7.229533156658604,4.407777786254883,3.9920663833618164,0.4157114028930664
test_0023377,near_clean,nonstationary,38.55869874405541,0.00066375732421875,-0.0015926361083984375,0.0022563934326171875
test_0023378,near_clean,impulsive,31.588620074303726,0.3281974792480469,0.002689361572265625,0.32550811767578125
test_0023379,noisy,impulsive,12.201051462243036,0.15877151489257812,0.009632110595703125,0.149139404296875
test_0023380,noisy,ambient,-2.3602353226146837,7.07498836517334,3.5019291639328003,3.5730592012405396
test_0023381,noisy,impulsive,-4.797077567955595,6.684270739555359,11.369356155395508,-4.685085415840149
test_0023382,noisy,stationary,9.262503787481233,3.5153446197509766,1.8795928955078125,1.635751724243164
test_0023383,clean,ambient,76.40876651375378,0.000926971435546875,-0.2771873474121094,0.27811431884765625
test_0023384,noisy,ambient,5.986031056074454,7.055899620056152,3.4688663482666016,3.587033271789551
test_0023385,noisy,nonstationary,3.9861148485103164,2.717340588569641,1.8868299722671509,0.8305106163024902
test_0023386,noisy,nonstationary,16.600661442604157,2.0993728637695312,1.6124076843261719,0.4869651794433594
test_0023387,noisy,nonstationary,7.637043704652679,3.641057014465332,2.3027286529541016,1.3383283615112305
test_0023388,clean,stationary,81.02463929722157,0.000751495361328125,-0.000335693359375,0.001087188720703125
test_0023389,clean,impulsive,99.13104728398332,-0.00034427642822265625,0.0002307891845703125,-0.0005750656127929688
test_0023390,noisy,stationary,0.09008161215247151,8.659925401210785,0.028502941131591797,8.631422460079193
test_0023391,noisy,stationary,13.357820929314798,4.712459564208984,3.4687652587890625,1.2436943054199219
test_0023392,noisy,impulsive,15.615155730981085,2.5268688201904297,1.044351577758789,1.4825172424316406
test_0023393,noisy,ambient,-3.9481639037658676,10.216423034667969,7.244048118591309,2.97237491607666
test_0023394,noisy,stationary,4.7363284121891756,0.33350181579589844,0.2120532989501953,0.12144851684570312
test_0023395,clean,stationary,84.5758696251938,-0.0003204345703125,0.0007343292236328125,-0.0010547637939453125
test_0023396,noisy,stationary,18.570169137803237,3.8878822326660156,0.8721523284912109,3.0157299041748047
test_0023397,noisy,nonstationary,6.8648098216848705,2.614645481109619,2.689528465270996,-0.07488298416137695
test_0023398,noisy,ambient,7.8141257556392985,8.878239631652832,1.799428939819336,7.078810691833496
test_0023399,noisy,ambient,14.096396925596729,2.589120864868164,0.22951030731201172,2.3596105575561523
test_0023400,clean,ambient,97.01402044172008,-0.005709648132324219,0.0012302398681640625,-0.006939888000488281
test_0023401,noisy,nonstationary,2.5137531387409617,4.538124084472656,2.574586868286133,1.9635372161865234
test_0023402,noisy,nonstationary,-0.7431011814322107,8.575319170951843,11.873955130577087,-3.298635959625244
test_0023403,noisy,ambient,12.957020263595746,0.7812709808349609,0.043506622314453125,0.7377643585205078
test_0023404,noisy,nonstationary,1.8651097237433092,5.6647767424583435,4.523039281368256,1.141737461090088
test_0023405,noisy,ambient,5.324348730225468,3.488495349884033,3.041429042816162,0.4470663070678711
test_0023406,near_clean,ambient,37.17758343040207,0.19689178466796875,0.01224517822265625,0.1846466064453125
test_0023407,near_clean,impulsive,39.767491857844135,0.020132064819335938,0.012620925903320312,0.007511138916015625
test_0023408,clean,nonstationary,98.13047803928134,-0.007488250732421875,-0.005886077880859375,-0.0016021728515625
test_0023409,clean,stationary,80.63629135281593,-0.0003509521484375,-0.0012359619140625,0.000885009765625
test_0023410,noisy,impulsive,-1.2934157580104408,2.8518056869506836,-0.5860128402709961,3.4378185272216797
test_0023411,near_clean,nonstationary,37.10317728038585,-0.010311126708984375,-4.233100891113281,4.222789764404297
test_0023412,clean,nonstationary,94.79047538421173,-0.002185821533203125,-2.0761337280273438,2.0739479064941406
test_0023413,noisy,impulsive,15.557047525496792,3.977158546447754,2.8621015548706055,1.1150569915771484
test_0023414,noisy,stationary,11.845203754286267,7.7222137451171875,7.346561431884766,0.3756523132324219
test_0023416,noisy,stationary,5.178931251669214,2.4773311614990234,1.0908656120300293,1.3864655494689941
test_0023417,noisy,nonstationary,-3.480982821277148,4.273184299468994,0.784583568572998,3.488600730895996
test_0023418,near_clean,stationary,27.01219555415795,-0.22166156768798828,-0.009694099426269531,-0.21196746826171875
test_0023419,noisy,stationary,0.4635174822268289,10.934558868408203,0.10802125930786133,10.826537609100342
test_0023420,near_clean,impulsive,39.50683981552779,0.0062656402587890625,0.005137443542480469,0.0011281967163085938
test_0023421,noisy,impulsive,12.01765238144973,3.2629966735839844,0.0025033950805664062,3.260493278503418
test_0023422,noisy,ambient,-1.4459698260004332,9.029421329498291,6.230781555175781,2.7986397743225098
test_0023423,near_clean,stationary,36.44306934500639,0.015401840209960938,-0.2321643829345703,0.24756622314453125
test_0023424,noisy,nonstationary,-1.8829228973909822,13.330712795257568,13.10649824142456,0.2242145538330078
test_0023425,noisy,stationary,3.1188085038111915,5.775435447692871,2.7640419006347656,3.0113935470581055
test_0023426,noisy,impulsive,-3.8695526162775415,11.172911405563354,11.73647952079773,-0.563568115234375
test_0023427,noisy,impulsive,14.696780268445192,2.657362937927246,1.9590301513671875,0.6983327865600586
test_0023429,noisy,nonstationary,19.392594143485667,1.3991889953613281,1.2199287414550781,0.17926025390625
test_0023430,noisy,ambient,1.8385882807596963,3.3216254115104675,1.3245472311973572,1.9970781803131104
test_0023431,noisy,impulsive,-3.24232830352663,7.814209461212158,7.756826877593994,0.05738258361816406
test_0023432,noisy,impulsive,-4.033458090063795,8.037062168121338,7.558255672454834,0.4788064956665039
test_0023433,noisy,impulsive,1.3235003752444316,13.02713668346405,9.669845461845398,3.3572912216186523
test_0023434,noisy,nonstationary,12.566336633398478,1.381598949432373,1.197864055633545,0.18373489379882812
test_0023435,noisy,nonstationary,14.341606925404422,5.334150314331055,1.952402114868164,3.3817481994628906
test_0023436,noisy,impulsive,7.501926574062626,9.378597259521484,9.113239288330078,0.26535797119140625
test_0023437,noisy,ambient,14.409638497578793,5.253643035888672,0.0025587081909179688,5.251084327697754
test_0023438,noisy,stationary,16.73092169215461,2.9448394775390625,1.6514949798583984,1.293344497680664
test_0023439,clean,impulsive,77.20911218699959,-0.010692596435546875,-0.057750701904296875,0.04705810546875
test_0023440,noisy,impulsive,17.94958886265446,7.620954513549805,6.016725540161133,1.6042289733886719
test_0023441,clean,impulsive,86.50698562911757,-0.026073455810546875,-0.6205902099609375,0.5945167541503906
test_0023442,clean,ambient,80.12037124263402,0.0001926422119140625,0.00041961669921875,-0.0002269744873046875
test_0023443,noisy,ambient,-1.9769906311086685,16.358224391937256,14.72269582748413,1.635528564453125
test_0023444,noisy,ambient,-1.9760773193924313,4.216578900814056,1.610944926738739,2.6056339740753174
test_0023445,clean,impulsive,76.69187357898028,-0.03440666198730469,-0.5872611999511719,0.5528545379638672
test_0023447,noisy,stationary,14.576113357743079,0.9814567565917969,0.7369356155395508,0.2445211410522461
test_0023448,near_clean,ambient,28.602302176577442,4.65947151184082,0.4325370788574219,4.226934432983398
test_0023449,near_clean,stationary,29.381199695638372,1.8951988220214844,0.5268173217773438,1.3683815002441406
test_0023450,noisy,stationary,14.37788470590959,2.3783035278320312,1.9034500122070312,0.474853515625
test_0023451,noisy,ambient,2.4143228890938935,7.4900963306427,4.781631708145142,2.7084646224975586
test_0023452,near_clean,nonstationary,22.35989946858421,2.1602706909179688,-3.7599849700927734,5.920255661010742
test_0023453,noisy,impulsive,4.2154168017697184,6.0066914558410645,7.2470526695251465,-1.240361213684082
test_0023454,noisy,impulsive,7.3207777457655565,6.173095703125,5.896404266357422,0.2766914367675781
test_0023455,clean,stationary,98.44346424273488,-4.00543212890625e-05,1.9073486328125e-05,-5.91278076171875e-05
test_0023456,clean,stationary,77.55060570109478,-0.001323699951171875,-0.000667572021484375,-0.0006561279296875
test_0023457,noisy,impulsive,16.53730658748193,1.1968355178833008,2.601719856262207,-1.4048843383789062
test_0023459,clean,ambient,90.30427015903373,-0.049068450927734375,-0.0122528076171875,-0.036815643310546875
test_0023460,clean,nonstationary,80.66724149817856,-0.00063323974609375,-0.0010013580322265625,0.0003681182861328125
test_0023461,near_clean,impulsive,28.843567741721287,7.196598052978516,-4.226070404052734,11.42266845703125
test_0023462,noisy,ambient,9.684769721613506,7.221959114074707,0.15070343017578125,7.071255683898926
test_0023463,noisy,ambient,0.5674185814184709,5.830100059509277,3.7761049270629883,2.053995132446289
test_0023464,noisy,impulsive,10.048135577414271,4.362011909484863,1.7450971603393555,2.616914749145508
test_0023465,near_clean,impulsive,30.497960497613988,0.1330108642578125,0.008525848388671875,0.12448501586914062
test_0023466,noisy,stationary,17.937102692332417,1.4682941436767578,0.8364353179931641,0.6318588256835938
test_0023467,near_clean,impulsive,39.65484478814156,0.09045028686523438,-2.5274085998535156,2.61785888671875
test_0023468,clean,ambient,99.6997694932731,-0.001918792724609375,-0.022274017333984375,0.020355224609375
test_0023469,noisy,nonstationary,-1.6701002459093974,3.141934633255005,2.865597100928426,0.2763375323265791
test_0023470,near_clean,ambient,34.326591325665305,1.1289825439453125,0.60797119140625,0.5210113525390625
test_0023472,noisy,ambient,5.945989272298099,2.261892318725586,1.93471097946167,0.327181339263916
test_0023474,noisy,impulsive,19.719827768068722,6.658580780029297,0.1286029815673828,6.529977798461914
test_0023476,noisy,stationary,11.85750876818693,3.3630619049072266,1.6480579376220703,1.7150039672851562
test_0023477,near_clean,nonstationary,25.43582549147752,0.13634681701660156,-0.2855644226074219,0.42191123962402344
test_0023478,noisy,ambient,-0.8494505356902555,5.738015413284302,0.01858234405517578,5.719433069229126
test_0023480,noisy,nonstationary,6.069014629733371,5.7597432136535645,4.875601291656494,0.8841419219970703
test_0023481,clean,nonstationary,72.161083688613,-0.0061779022216796875,-0.24006080627441406,0.23388290405273438
test_0023482,noisy,ambient,8.424426228886734,6.346906661987305,5.476079940795898,0.8708267211914062
test_0023483,noisy,ambient,6.123198444361241,5.8902506828308105,4.57534646987915,1.3149042129516602
test_0023484,noisy,nonstationary,-0.15545445657868803,7.108536005020142,4.012661933898926,3.095874071121216
test_0023485,near_clean,impulsive,24.806863512745196,0.7563724517822266,0.4907722473144531,0.26560020446777344
test_0023486,noisy,stationary,2.296109581031576,8.258129119873047,6.714679718017578,1.5434494018554688
test_0023487,near_clean,stationary,24.071328188705714,1.2405357360839844,1.0991973876953125,0.14133834838867188
test_0023488,noisy,nonstationary,2.83352661209306,2.761906623840332,2.0351972579956055,0.7267093658447266
test_0023489,noisy,stationary,2.3632517813099927,7.019857406616211,5.494485855102539,1.5253715515136719
test_0023490,noisy,stationary,7.566715081819658,3.427217960357666,0.9774022102355957,2.4498157501220703
test_0023491,clean,stationary,94.45909825053576,0.00478363037109375,-1.1673507690429688,1.1721343994140625
test_0023492,noisy,stationary,-4.202956010629154,6.7592469453811646,6.146742939949036,0.6125040054321289
test_0023494,noisy,ambient,3.3024531371436283,9.335890293121338,4.620946407318115,4.714943885803223
test_0023495,clean,ambient,83.37254862055543,-0.000209808349609375,0.000591278076171875,-0.00080108642578125
test_0023496,near_clean,nonstationary,22.29598075383166,1.433889389038086,0.7510395050048828,0.6828498840332031
test_0023497,clean,ambient,94.95801947453195,-0.08907699584960938,-0.4282989501953125,0.3392219543457031
test_0023498,noisy,nonstationary,2.793595402099403,4.577606201171875,1.8264446258544922,2.751161575317383
test_0023499,noisy,ambient,-2.5100417493137335,6.712176322937012,3.5893839597702026,3.122792363166809
test_0023500,near_clean,nonstationary,39.545284822257464,0.5316886901855469,0.04781341552734375,0.4838752746582031
test_0023501,clean,stationary,85.8446782157425,-5.7220458984375e-06,-0.000888824462890625,0.0008831024169921875
test_0023502,near_clean,stationary,39.51892891491704,-1.33795166015625,-2.3655242919921875,1.0275726318359375
test_0023503,clean,ambient,91.81556563872283,-0.006669044494628906,9.918212890625e-05,-0.006768226623535156
test_0023504,clean,ambient,93.54324430210224,0.004241943359375,-7.150672912597656,7.154914855957031
test_0023505,near_clean,nonstationary,33.37850695403941,0.012523651123046875,-0.1364917755126953,0.1490154266357422
test_0023506,noisy,stationary,-4.7825353362067275,6.719168186187744,5.927728652954102,0.7914395332336426
test_0023507,near_clean,nonstationary,27.724693122199508,3.2888946533203125,1.6124801635742188,1.6764144897460938
test_0023508,noisy,stationary,-0.0813619106478827,4.876207768917084,1.8622586131095886,3.013949155807495
test_0023509,near_clean,impulsive,22.73132957610356,-2.636341094970703,-1.7803764343261719,-0.8559646606445312
test_0023510,clean,impulsive,93.67224155221236,-3.814697265625e-05,9.5367431640625e-06,-4.76837158203125e-05
test_0023511,clean,impulsive,100.61394800341981,-0.00029659271240234375,0.00010776519775390625,-0.00040435791015625
test_0023512,noisy,stationary,5.790351397080084,6.639432907104492,3.335834503173828,3.303598403930664
test_0023514,noisy,stationary,5.514188071252592,8.706249237060547,7.678972244262695,1.0272769927978516
test_0023515,near_clean,ambient,25.04775287054993,0.10598373413085938,0.028308868408203125,0.07767486572265625
test_0023516,noisy,ambient,16.750021849891276,2.7433128356933594,0.24846649169921875,2.4948463439941406
test_0023517,near_clean,ambient,36.302537470376215,2.2068557739257812,0.026611328125,2.1802444458007812
test_0023518,noisy,stationary,12.946780336521789,5.353385925292969,2.0458545684814453,3.3075313568115234
test_0023519,noisy,impulsive,12.145102645267126,-0.19891357421875,0.6596288681030273,-0.8585424423217773
test_0023520,noisy,stationary,13.702168428463677,5.910869598388672,5.914882659912109,-0.0040130615234375
test_0023521,near_clean,nonstationary,29.596242376875516,-0.017660140991210938,-0.000774383544921875,-0.016885757446289062
test_0023523,noisy,stationary,14.19040249167293,1.6342754364013672,0.08604049682617188,1.5482349395751953
test_0023524,noisy,impulsive,0.10604627873578784,4.209405899047852,2.6395838260650635,1.569822072982788
test_0023526,clean,impulsive,91.96188802654245,-0.00751495361328125,0.001312255859375,-0.00882720947265625
test_0023527,noisy,ambient,3.8910655609849494,3.6206488609313965,2.6141295433044434,1.0065193176269531
test_0023528,clean,nonstationary,75.07692984009148,0.032012939453125,0.08155441284179688,-0.049541473388671875
test_0023529,near_clean,stationary,32.20941745485441,0.010389328002929688,-0.04324531555175781,0.0536346435546875
test_0023530,noisy,nonstationary,0.4325257225411147,3.486879825592041,1.2516603469848633,2.2352194786071777
test_0023531,noisy,stationary,14.027186268080072,0.19738388061523438,0.04618072509765625,0.15120315551757812
test_0023532,noisy,impulsive,11.899486411877561,4.099079132080078,3.6908397674560547,0.40823936462402344
test_0023533,clean,stationary,101.44234825147623,-0.0021848678588867188,-4.673004150390625e-05,-0.0021381378173828125
test_0023534,near_clean,stationary,38.808816410923036,0.00029754638671875,-0.0010528564453125,0.00135040283203125
test_0023535,clean,impulsive,96.5166243840927,-0.003943443298339844,-4.76837158203125e-05,-0.0038957595825195312
test_0023536,noisy,stationary,9.707165085794223,1.6991066932678223,1.5243430137634277,0.17476367950439453
test_0023538,noisy,stationary,-0.9669409902594838,6.573294222354889,5.97846657037735,0.5948276519775391
test_0023539,near_clean,ambient,22.13243225785936,2.906312942504883,1.017974853515625,1.8883380889892578
test_0023540,near_clean,ambient,32.48861105697082,2.407613754272461,0.09100723266601562,2.3166065216064453
test_0023541,noisy,impulsive,8.444142416425926,2.184225082397461,0.17618083953857422,2.0080442428588867
test_0023542,near_clean,ambient,24.966686534128065,0.345306396484375,0.1701221466064453,0.1751842498779297
test_0023543,near_clean,stationary,26.232159899378402,-0.12726497650146484,0.06774616241455078,-0.19501113891601562
test_0023544,clean,impulsive,101.85068208219604,-0.011532783508300781,-0.01904296875,0.007510185241699219
test_0023546,near_clean,ambient,39.43577001967286,0.007256507873535156,0.00040721893310546875,0.0068492889404296875
test_0023547,noisy,nonstationary,-1.1436637749390264,12.723430410027504,9.952037587761879,2.771392822265625
test_0023548,noisy,stationary,3.9366740098443183,5.173450946807861,1.2691969871520996,3.9042539596557617
test_0023549,noisy,stationary,8.398987571874528,6.160467624664307,2.447986125946045,3.7124814987182617
test_0023550,noisy,stationary,11.059835540717861,5.059423446655273,4.269258499145508,0.7901649475097656
test_0023551,noisy,ambient,13.319044047196098,6.81588077545166,4.2389726638793945,2.5769081115722656
test_0023552,noisy,nonstationary,8.763942028009504,5.155778884887695,4.209704399108887,0.9460744857788086
test_0023553,near_clean,ambient,30.074097358562348,1.3957443237304688,1.6190547943115234,-0.2233104705810547
test_0023554,near_clean,nonstationary,39.95538847523769,-0.00087738037109375,-0.0018472671508789062,0.0009698867797851562
test_0023555,noisy,nonstationary,10.223486559375367,4.71047306060791,3.9626283645629883,0.7478446960449219
test_0023556,noisy,nonstationary,-3.7099164958233977,5.69530987739563,4.900257110595703,0.7950527667999268
test_0023557,noisy,impulsive,-1.3000095334637325,6.3504815101623535,4.712838649749756,1.6376428604125977
test_0023558,noisy,ambient,17.29419352296316,-3.468709945678711,-4.879270553588867,1.4105606079101562
test_0023559,noisy,nonstationary,18.23579247158925,2.701101303100586,2.246267318725586,0.454833984375
test_0023560,noisy,stationary,7.31526041882728,1.1286678314208984,0.3052558898925781,0.8234119415283203
test_0023561,noisy,ambient,9.75084860140151,2.8968324661254883,0.2892580032348633,2.607574462890625
test_0023562,noisy,ambient,10.976980547013664,8.551403045654297,1.4029035568237305,7.148499488830566
test_0023563,noisy,nonstationary,10.125139786098496,4.47105598449707,-0.33153724670410156,4.802593231201172
test_0023564,noisy,ambient,16.39693566770251,4.729825973510742,2.6079559326171875,2.1218700408935547
test_0023565,clean,ambient,90.34547526273903,-0.020969390869140625,-0.031993865966796875,0.01102447509765625
test_0023566,noisy,stationary,2.106859789224451,0.22210693359375,0.15706348419189453,0.06504344940185547
test_0023567,noisy,nonstationary,19.378263687370115,1.5203914642333984,0.9357738494873047,0.5846176147460938
test_0023568,noisy,nonstationary,5.421675320385554,8.970123291015625,3.4036245346069336,5.566498756408691
test_0023570,noisy,impulsive,-1.0520811326036605,7.571793556213379,6.496241569519043,1.075551986694336
test_0023571,noisy,impulsive,14.625200851559171,1.7549810409545898,-0.3230476379394531,2.078028678894043
test_0023572,noisy,ambient,3.23444663154943,6.49820876121521,3.2643544673919678,3.233854293823242
test_0023573,noisy,stationary,5.506833738878108,5.061872482299805,3.423105239868164,1.6387672424316406
test_0023574,near_clean,ambient,26.436784835192654,0.00640869140625,-1.1153793334960938,1.1217880249023438
test_0023575,noisy,nonstationary,7.505328466546272,5.55306339263916,4.515092849731445,1.0379705429077148
test_0023576,noisy,nonstationary,16.498651361406775,2.007587432861328,-0.286651611328125,2.294239044189453
test_0023578,noisy,impulsive,9.525946699288125,5.296245574951172,0.33548927307128906,4.960756301879883
test_0023579,clean,impulsive,96.57435681984478,-0.0009069442749023438,1.1444091796875e-05,-0.0009183883666992188
test_0023580,clean,ambient,95.92853630149504,-0.019758224487304688,-0.000232696533203125,-0.019525527954101562
test_0023581,noisy,stationary,10.694275192269568,1.747267723083496,0.35065650939941406,1.396611213684082
test_0023582,noisy,ambient,-2.3170166046530336,4.689620286226273,5.773164540529251,-1.0835442543029785
test_0023585,noisy,stationary,9.293004606578158,1.8064393997192383,1.319687843322754,0.4867515563964844
test_0023586,noisy,ambient,12.114860183835301,4.324865341186523,3.6023406982421875,0.7225246429443359
test_0023587,noisy,ambient,19.094764982921653,4.856252670288086,4.635143280029297,0.22110939025878906
test_0023588,noisy,nonstationary,11.476064454397326,1.6768817901611328,1.4651050567626953,0.2117767333984375
test_0023589,clean,nonstationary,95.99792245098668,-0.0020599365234375,-2.7204132080078125,2.718353271484375
test_0023590,noisy,impulsive,0.5026010402633175,2.9316845387220383,0.7565591782331467,2.1751253604888916
test_0023591,noisy,nonstationary,11.982225994688896,2.2120704650878906,0.9237613677978516,1.288309097290039
test_0023592,near_clean,stationary,31.382240653371305,2.480754852294922,0.09640884399414062,2.3843460083007812
test_0023593,noisy,ambient,-2.1605576616432964,10.720461249351501,7.886271834373474,2.8341894149780273
test_0023594,near_clean,nonstationary,28.65434283128289,2.6330814361572266,0.6365146636962891,1.9965667724609375
test_0023595,noisy,stationary,-3.591059838157274,10.981505870819092,10.356654167175293,0.6248517036437988
test_0023596,noisy,stationary,11.563171146768848,4.93757438659668,3.5889320373535156,1.348642349243164
test_0023597,noisy,stationary,15.886020184663748,0.62994384765625,0.6134319305419922,0.016511917114257812
test_0023598,near_clean,ambient,29.81704029897979,2.515718460083008,1.1965312957763672,1.3191871643066406
test_0023599,noisy,ambient,6.027588490034191,2.1926374435424805,1.404456615447998,0.7881808280944824
test_0023600,noisy,stationary,2.162915772888761,8.407908469438553,6.024580508470535,2.3833279609680176
test_0023601,noisy,impulsive,6.535192780648171,12.884838104248047,7.595025062561035,5.289813041687012
test_0023602,noisy,nonstationary,12.560459672468554,3.1768579483032227,2.74075984954834,0.4360980987548828
test_0023603,noisy,nonstationary,6.629917971942994,8.573015689849854,7.83770227432251,0.7353134155273438
test_0023604,noisy,nonstationary,18.619596004160467,3.0385284423828125,2.291210174560547,0.7473182678222656
test_0023606,near_clean,nonstationary,23.023210429510947,0.4358100891113281,0.031093597412109375,0.40471649169921875
test_0023607,noisy,ambient,12.262317247585324,4.062076568603516,2.042184829711914,2.0198917388916016
test_0023608,clean,stationary,85.8668693520734,-0.00127410888671875,-0.639739990234375,0.6384658813476562
test_0023609,noisy,ambient,3.546625272041974,7.780303001403809,6.4095659255981445,1.370737075805664
test_0023610,noisy,impulsive,1.3817210134889093,3.650383949279785,0.00745391845703125,3.642930030822754
test_0023611,noisy,impulsive,2.9593553267128296,3.178264617919922,2.890676498413086,0.28758811950683594
test_0023612,near_clean,ambient,29.999323462873477,3.1531715393066406,0.8111763000488281,2.3419952392578125
test_0023613,noisy,ambient,9.030271451065495,5.874770164489746,0.37328338623046875,5.501486778259277
test_0023614,noisy,ambient,5.099089043500355,5.685622692108154,4.892074108123779,0.793548583984375
test_0023615,noisy,nonstationary,16.591769510815237,2.4812984466552734,-0.019273757934570312,2.5005722045898438
test_0023616,noisy,nonstationary,13.52440907620576,4.482105255126953,3.3499794006347656,1.1321258544921875
test_0023618,noisy,nonstationary,18.253730485997004,2.2133426666259766,1.2227802276611328,0.9905624389648438
test_0023619,noisy,impulsive,-0.9511110207427811,2.871187210083008,2.668123245239258,0.20306396484375
test_0023620,noisy,impulsive,4.168800448084351,3.5646629333496094,0.8743147850036621,2.6903481483459473
test_0023621,noisy,nonstationary,14.321839121135135,2.1188106536865234,1.5722522735595703,0.5465583801269531
test_0023622,clean,stationary,87.60973831742866,-4.76837158203125e-05,-0.00012874603271484375,8.106231689453125e-05
test_0023623,clean,ambient,74.36181609595087,-0.2621650695800781,-5.082511901855469,4.820346832275391
test_0023624,noisy,ambient,15.3564442544311,0.8436994552612305,0.5858278274536133,0.2578716278076172
test_0023625,clean,ambient,79.58609428160385,-0.01972198486328125,-0.01667022705078125,-0.0030517578125
test_0023626,near_clean,nonstationary,21.769101341224687,3.3952159881591797,2.8650341033935547,0.530181884765625
test_0023627,noisy,nonstationary,18.941392376952212,2.669034957885742,2.330181121826172,0.3388538360595703
test_0023628,noisy,nonstationary,13.337252363792778,0.7439517974853516,0.5306673049926758,0.21328449249267578
test_0023629,noisy,nonstationary,-3.0873786261115406,10.161636352539062,9.634700775146484,0.5269355773925781
test_0023630,noisy,nonstationary,15.679153623878095,3.74542236328125,2.0214900970458984,1.7239322662353516
test_0023631,noisy,ambient,2.171886018356903,7.738101243972778,5.489185571670532,2.248915672302246
test_0023632,noisy,stationary,4.993022009616763,2.5461654663085938,2.177206039428711,0.3689594268798828
test_0023633,near_clean,nonstationary,37.13731782140491,0.10996246337890625,0.001331329345703125,0.10863113403320312
test_0023634,noisy,stationary,-0.7153491108750929,5.265942633152008,4.961000025272369,0.30494260787963867
test_0023635,clean,nonstationary,80.38426310501875,-0.005878448486328125,-0.015594482421875,0.009716033935546875
test_0023636,noisy,impulsive,2.423964368362098,5.980762481689453,4.832962989807129,1.1477994918823242
test_0023637,near_clean,stationary,37.942960914829214,0.00426483154296875,0.00019073486328125,0.0040740966796875
test_0023638,noisy,impulsive,18.003182479181806,4.65266227722168,0.5814533233642578,4.071208953857422
test_0023639,noisy,stationary,0.5563719732816478,4.353388786315918,3.4687204360961914,0.8846683502197266
test_0023640,near_clean,stationary,38.73962647393138,0.06531524658203125,-0.023288726806640625,0.08860397338867188
test_0023641,near_clean,stationary,29.904045392692183,-0.00202178955078125,0.000843048095703125,-0.002864837646484375
test_0023643,noisy,nonstationary,19.27203836255564,1.8996467590332031,1.8453636169433594,0.05428314208984375
test_0023644,near_clean,ambient,25.052374227635386,1.3997936248779297,0.3653430938720703,1.0344505310058594
test_0023645,noisy,ambient,-4.25063794742149,0.9860572814941406,0.41089916229248047,0.5751581192016602
test_0023646,near_clean,stationary,32.98771319652842,0.3574676513671875,-1.378997802734375,1.7364654541015625
test_0023647,noisy,nonstationary,4.818859926542526,9.79242992401123,8.898454666137695,0.8939752578735352
test_0023648,clean,impulsive,94.35625945761451,0.0003509521484375,-0.01149749755859375,0.01184844970703125
test_0023649,noisy,stationary,1.962044166022959,5.536152720451355,4.896586775779724,0.6395659446716309
test_0023650,noisy,impulsive,-4.987107864963521,2.9283785820007324,1.5343236923217773,1.394054889678955
test_0023651,noisy,impulsive,5.440659695955652,6.652281761169434,4.0873212814331055,2.564960479736328
test_0023652,noisy,nonstationary,9.91060253576366,3.160633087158203,3.1920318603515625,-0.031398773193359375
test_0023653,noisy,stationary,-3.1534219594229684,10.868812561035156,10.420344829559326,0.4484677314758301
test_0023654,noisy,ambient,7.935688150567417,7.750076413154602,1.361590027809143,6.388486385345459
test_0023656,noisy,stationary,3.1076258934747596,12.94222116470337,4.437270641326904,8.504950523376465
test_0023657,noisy,stationary,5.266238214149838,7.644328594207764,4.566761493682861,3.0775671005249023
test_0023658,clean,nonstationary,85.11085808493839,0.00058746337890625,-0.9937896728515625,0.9943771362304688
test_0023659,noisy,nonstationary,7.573394909481498,8.067289352416992,4.696290016174316,3.370999336242676
test_0023660,noisy,impulsive,2.3700898495027576,11.28242540359497,10.934462070465088,0.3479633331298828
test_0023661,near_clean,impulsive,33.849630004571914,-0.0025415420532226562,9.250640869140625e-05,-0.0026340484619140625
test_0023662,noisy,nonstationary,0.39648019479782554,7.953893184661865,7.3471360206604,0.6067571640014648
test_0023663,noisy,impulsive,15.732430750748003,0.5045299530029297,-0.5072956085205078,1.0118255615234375
test_0023665,clean,impulsive,78.81579621075177,-0.002559661865234375,-1.571075439453125,1.5685157775878906
test_0023666,near_clean,impulsive,33.25750684292569,1.7000312805175781,-0.0154876708984375,1.7155189514160156
test_0023667,near_clean,impulsive,37.65540846686811,-0.012147903442382812,-0.5701084136962891,0.5579605102539062
test_0023668,clean,impulsive,85.32325992291291,-0.0032806396484375,-0.01184844970703125,0.00856781005859375
test_0023669,noisy,impulsive,17.152905693507453,1.9001274108886719,0.8216915130615234,1.0784358978271484
test_0023670,noisy,nonstationary,-4.7051097032021385,11.133063316345215,10.630674839019775,0.5023884773254395
test_0023671,noisy,stationary,1.9428048367114445,12.007438659667969,9.691024780273438,2.3164138793945312
test_0023672,noisy,impulsive,16.18134857697242,0.004268646240234375,0.008518218994140625,-0.00424957275390625
test_0023673,clean,impulsive,76.16790976651112,-0.06846237182617188,-0.03509521484375,-0.033367156982421875
test_0023674,noisy,impulsive,18.58906020588137,1.4289817810058594,-0.0107574462890625,1.4397392272949219
test_0023675,near_clean,nonstationary,34.36413966420458,0.0830841064453125,-0.20943832397460938,0.2925224304199219
test_0023676,noisy,stationary,16.79914898935403,4.142805099487305,4.002870559692383,0.13993453979492188
test_0023677,clean,ambient,81.20776621973638,-0.003753662109375,-10.865459442138672,10.861705780029297
test_0023678,near_clean,nonstationary,31.64045599808741,0.053951263427734375,0.03909873962402344,0.014852523803710938
test_0023679,noisy,impulsive,7.628761009142696,7.739404678344727,4.459842681884766,3.279561996459961
test_0023680,noisy,ambient,11.067385974141896,2.840240478515625,0.5063419342041016,2.3338985443115234
test_0023681,noisy,ambient,19.189102893704455,0.4750661849975586,0.29978466033935547,0.17528152465820312
test_0023682,clean,ambient,98.58232488773572,0.00347137451171875,-0.01862335205078125,0.0220947265625
test_0023683,noisy,ambient,13.425557592170513,3.391407012939453,0.8780097961425781,2.513397216796875
test_0023684,noisy,stationary,18.099644380454475,6.713354110717773,0.8565616607666016,5.856792449951172
test_0023685,noisy,nonstationary,3.215588599883602,9.204476594924927,0.03465008735656738,9.16982650756836
test_0023686,noisy,ambient,12.953379535656671,2.6886720657348633,1.2137880325317383,1.474884033203125
test_0023687,noisy,ambient,16.531842130635784,0.7691230773925781,-0.036167144775390625,0.8052902221679688
test_0023688,noisy,impulsive,8.45667680447837,3.8167247772216797,2.288076400756836,1.5286483764648438
test_0023689,noisy,impulsive,10.75117072318281,3.9838924407958984,3.509261131286621,0.47463130950927734
test_0023690,noisy,stationary,9.92253465957747,2.659482002258301,2.455974578857422,0.2035074234008789
test_0023691,noisy,nonstationary,0.3230452570940544,8.082785725593567,6.592171788215637,1.4906139373779297
test_0023692,noisy,ambient,19.324073550132624,2.0806045532226562,-2.0158863067626953,4.096490859985352
test_0023693,noisy,nonstationary,-2.3030412690661874,12.270559310913086,2.009427070617676,10.26113224029541
test_0023694,near_clean,ambient,31.800722542989472,1.369659423828125,0.7056503295898438,0.6640090942382812
test_0023695,near_clean,stationary,30.215323630036362,0.017805099487304688,-0.09363746643066406,0.11144256591796875
test_0023696,near_clean,stationary,37.666568755636874,-0.0013933181762695312,0.000148773193359375,-0.0015420913696289062
test_0023698,noisy,nonstationary,17.834365808994026,3.9769744873046875,1.9780807495117188,1.9988937377929688
test_0023699,near_clean,nonstationary,21.356162464130094,3.2451400756835938,1.5587940216064453,1.6863460540771484
test_0023700,clean,ambient,88.24319915677349,-0.003582000732421875,-0.18019485473632812,0.17661285400390625
test_0023701,noisy,impulsive,9.781244012249298,7.272632122039795,1.6454277038574219,5.627204418182373
test_0023702,noisy,ambient,0.546115819851667,6.724183917045593,6.159170031547546,0.5650138854980469
test_0023703,near_clean,stationary,22.73066862161121,1.7476539611816406,0.6008796691894531,1.1467742919921875
test_0023704,noisy,nonstationary,-1.9981220280374163,4.211778283119202,3.427560806274414,0.7842174768447876
test_0023705,clean,stationary,75.05742288352299,-0.0103302001953125,-0.03170013427734375,0.02136993408203125
test_0023706,near_clean,ambient,34.89065939539266,0.22536849975585938,-0.2478179931640625,0.4731864929199219
test_0023707,noisy,nonstationary,14.087894950959981,3.451176643371582,2.954495429992676,0.49668121337890625
test_0023708,near_clean,impulsive,27.77094362482388,1.6102638244628906,0.5398273468017578,1.0704364776611328
test_0023709,near_clean,nonstationary,28.35853942529353,0.2516517639160156,0.07049751281738281,0.1811542510986328
test_0023711,noisy,stationary,14.384939474166078,3.793764114379883,3.4599971771240234,0.3337669372558594
test_0023712,noisy,ambient,19.216462409992523,0.07256317138671875,-0.3059225082397461,0.37848567962646484
test_0023713,clean,impulsive,78.75071715961535,0.051387786865234375,0.0153656005859375,0.036022186279296875
test_0023715,noisy,impulsive,13.162627927704737,6.842704772949219,4.662651062011719,2.1800537109375
test_0023716,noisy,stationary,3.3306691693752177,4.672327280044556,1.9412806034088135,2.731046676635742
test_0023717,clean,nonstationary,81.52199384091526,-0.002742767333984375,-1.7128791809082031,1.7101364135742188
test_0023718,clean,impulsive,92.91930800306808,0.006809234619140625,-0.13500595092773438,0.141815185546875
test_0023719,noisy,ambient,7.318064220892414,6.013991355895996,2.7402305603027344,3.2737607955932617
test_0023720,noisy,impulsive,18.06299986151628,4.254753112792969,1.6822547912597656,2.572498321533203
test_0023721,noisy,ambient,8.965858195169957,9.54263687133789,8.012857437133789,1.5297794342041016
test_0023722,clean,nonstationary,98.63268254182611,-0.01189422607421875,-0.15944671630859375,0.147552490234375
test_0023723,near_clean,impulsive,36.35793581799609,1.548675537109375,0.08190536499023438,1.4667701721191406
test_0023724,noisy,stationary,-1.108368792255737,5.83426308631897,3.150790214538574,2.6834728717803955
test_0023725,noisy,ambient,17.177210016013788,4.826684951782227,1.4471721649169922,3.3795127868652344
test_0023726,noisy,nonstationary,4.711654339840324,3.411191463470459,2.3538293838500977,1.0573620796203613
test_0023727,noisy,nonstationary,-0.7826215816871389,5.908570647239685,1.640004575252533,4.268566071987152
test_0023728,noisy,nonstationary,0.6954110301155358,7.979050159454346,6.11386251449585,1.865187644958496
test_0023729,noisy,nonstationary,10.256033545596146,5.388700485229492,3.6231441497802734,1.7655563354492188
test_0023730,noisy,impulsive,-2.7686991313978977,10.94068706035614,8.148284792900085,2.7924022674560547
test_0023731,noisy,nonstationary,-3.3162208486718936,6.412996053695679,4.37082576751709,2.042170286178589
test_0023732,near_clean,stationary,38.82341963682837,-0.0823659896850586,-0.0007371902465820312,-0.08162879943847656
test_0023733,noisy,nonstationary,-3.197353875133864,9.440864562988281,4.621618151664734,4.819246411323547
test_0023734,noisy,impulsive,6.360663848132826,5.656970024108887,0.31580591201782227,5.3411641120910645
test_0023735,noisy,ambient,11.999021181800128,7.855876922607422,2.145122528076172,5.71075439453125
test_0023736,noisy,nonstationary,15.827123385679503,1.6779060363769531,1.1932296752929688,0.4846763610839844
test_0023737,near_clean,ambient,23.416676271660393,0.9222984313964844,0.060337066650390625,0.8619613647460938
test_0023738,noisy,impulsive,13.181583896983879,5.623022079467773,3.6388893127441406,1.9841327667236328
test_0023739,clean,stationary,95.08288032711727,-0.003116607666015625,-0.014957427978515625,0.0118408203125
test_0023740,noisy,ambient,10.772131315474283,2.6011762619018555,2.0364789962768555,0.564697265625
test_0023741,near_clean,impulsive,35.52835463034806,0.06673812866210938,-0.002300262451171875,0.06903839111328125
test_0023742,noisy,stationary,12.04930231498994,3.9494524002075195,1.6218156814575195,2.32763671875
test_0023743,noisy,impulsive,-0.897705930049209,0.9464788436889648,1.3041353225708008,-0.35765647888183594
test_0023745,noisy,ambient,6.149875661355061,7.930593013763428,3.124758243560791,4.805834770202637
test_0023746,clean,nonstationary,75.05215017160316,-0.06003570556640625,-7.061969757080078,7.001934051513672
test_0023747,near_clean,ambient,23.932999952877722,0.9516696929931641,0.006206512451171875,0.9454631805419922
test_0023749,noisy,nonstationary,11.015385275764222,3.620607376098633,3.1175270080566406,0.5030803680419922
test_0023750,noisy,stationary,1.5940751479276174,3.1348509788513184,2.4337000846862793,0.7011508941650391
test_0023751,noisy,impulsive,2.988282243096701,3.2442636489868164,1.3118791580200195,1.9323844909667969
test_0023752,noisy,impulsive,11.515177568597794,-7.374237477779388,-1.014157772064209,-6.360079705715179
test_0023753,noisy,stationary,-2.74066074596862,7.460386514663696,6.662937164306641,0.7974493503570557
test_0023754,near_clean,impulsive,31.851801800989982,1.4440231323242188,0.13501739501953125,1.3090057373046875
test_0023755,near_clean,impulsive,29.05203367168229,0.8904838562011719,0.2593803405761719,0.631103515625
test_0023756,clean,stationary,80.69191134652287,-0.0274200439453125,-0.11237335205078125,0.08495330810546875
test_0023758,noisy,nonstationary,8.971261130551683,3.9050097465515137,3.083858013153076,0.8211517333984375
test_0023759,noisy,impulsive,1.3272605802136617,11.863516807556152,13.220641136169434,-1.3571243286132812
test_0023760,noisy,nonstationary,1.121523781451195,5.168221473693848,0.044898033142089844,5.123323440551758
test_0023761,noisy,impulsive,3.879959826434213,7.333571910858154,7.040783405303955,0.2927885055541992
test_0023762,near_clean,ambient,29.794386618401774,0.5682525634765625,-0.03252410888671875,0.6007766723632812
test_0023763,near_clean,stationary,28.511017160464817,3.353147506713867,2.786367416381836,0.5667800903320312
test_0023764,noisy,impulsive,3.0613561400532188,11.85615849494934,7.976622819900513,3.879535675048828
test_0023765,noisy,impulsive,17.072194126235285,3.7551193237304688,2.933408737182617,0.8217105865478516
test_0023766,clean,ambient,81.66051739492045,-0.24553298950195312,-7.315910339355469,7.070377349853516
test_0023767,clean,nonstationary,93.00330564925211,-0.0039730072021484375,-0.8712882995605469,0.8673152923583984
test_0023768,noisy,nonstationary,-2.2899201698181084,7.112151622772217,5.679068565368652,1.4330830574035645
test_0023769,near_clean,impulsive,36.85076541603984,-0.008884429931640625,-0.00074005126953125,-0.008144378662109375
test_0023770,near_clean,nonstationary,23.609603170444693,0.3838462829589844,-0.017360687255859375,0.40120697021484375
test_0023771,near_clean,nonstationary,29.870476190307418,0.6532363891601562,0.10428237915039062,0.5489540100097656
test_0023772,near_clean,stationary,23.798238771769228,3.2529850006103516,-1.507925033569336,4.7609100341796875
test_0023773,noisy,nonstationary,16.992315713606857,1.4097681045532227,1.2737178802490234,0.13605022430419922
test_0023774,clean,ambient,77.96370173284076,-0.030780792236328125,-2.447467803955078,2.41668701171875
test_0023775,noisy,impulsive,10.75309457803679,0.13469696044921875,5.86008358001709,-5.725386619567871
test_0023776,clean,stationary,94.97903147450822,-0.001094818115234375,-0.0006008148193359375,-0.0004940032958984375
test_0023777,noisy,nonstationary,9.997751764576192,4.40975284576416,5.036910057067871,-0.6271572113037109
test_0023778,noisy,impulsive,11.535458734195721,3.676851272583008,2.2063779830932617,1.470473289489746
test_0023779,noisy,impulsive,14.687498591822422,1.8929004669189453,1.418375015258789,0.47452545166015625
test_0023780,clean,impulsive,81.52013019101801,0.00605010986328125,0.020069122314453125,-0.014019012451171875
test_0023781,clean,ambient,94.17570226016142,-6.179473876953125,-11.25619125366211,5.076717376708984
test_0023782,near_clean,nonstationary,23.158577371404284,-0.9670367240905762,0.05303525924682617,-1.0200719833374023
test_0023783,near_clean,stationary,26.953045572133824,3.258838653564453,2.289703369140625,0.9691352844238281
test_0023784,near_clean,ambient,24.545585647982705,-0.9581661224365234,-0.1026468276977539,-0.8555192947387695
test_0023786,noisy,nonstationary,7.2965053983781605,10.4842529296875,9.221421241760254,1.262831687927246
test_0023787,clean,ambient,90.98099277293271,0.005657196044921875,-0.034526824951171875,0.04018402099609375
test_0023788,clean,ambient,92.37232019767724,-0.0012645721435546875,-2.09808349609375e-05,-0.00124359130859375
test_0023789,noisy,stationary,7.790087819726592,8.001805305480957,6.660508155822754,1.3412971496582031
test_0023790,noisy,stationary,-0.05357710985811282,6.035812139511108,5.191455125808716,0.8443570137023926
test_0023792,noisy,stationary,6.35129362903506,5.573472023010254,5.095616340637207,0.4778556823730469
test_0023793,clean,ambient,91.60692442247029,0.000316619873046875,-0.021770477294921875,0.02208709716796875
test_0023794,clean,impulsive,75.65087910896602,0.0052490234375,-0.02336883544921875,0.02861785888671875
test_0023795,noisy,ambient,-4.232237457743548,12.107800722122192,8.517584085464478,3.590216636657715
test_0023796,near_clean,impulsive,23.499957574807432,3.3743114471435547,0.24463844299316406,3.1296730041503906
test_0023797,noisy,stationary,10.675767548971624,2.9595232009887695,2.571084976196289,0.38843822479248047
test_0023799,noisy,ambient,12.67280357263558,1.4018430709838867,1.7345514297485352,-0.33270835876464844
test_0023800,noisy,ambient,19.677680020848307,0.8834381103515625,0.18162918090820312,0.7018089294433594
test_0023801,noisy,ambient,-0.23310782442131456,9.813887417316437,0.04347789287567139,9.770409524440765
test_0023802,near_clean,stationary,36.4004770360997,0.0128936767578125,0.000972747802734375,0.011920928955078125
test_0023803,noisy,stationary,-2.836288805032527,5.244755029678345,4.249526500701904,0.9952285289764404
test_0023804,noisy,ambient,11.745323014937991,9.704574584960938,10.019254684448242,-0.3146800994873047
test_0023805,noisy,ambient,11.434718947963109,4.840642929077148,4.290134429931641,0.5505084991455078
test_0023807,noisy,ambient,8.381616924884165,3.8311691284179688,0.5635223388671875,3.2676467895507812
test_0023810,noisy,nonstationary,-0.7432760689516724,10.863868713378906,9.952425956726074,0.911442756652832
test_0023811,near_clean,stationary,38.70581373150664,0.2583351135253906,0.019527435302734375,0.23880767822265625
test_0023812,near_clean,nonstationary,26.999829489247542,4.646120071411133,-0.7403373718261719,5.386457443237305
test_0023815,clean,ambient,77.39031174648015,-6.67572021484375e-06,-0.031645774841308594,0.03163909912109375
test_0023816,near_clean,ambient,36.527739602842985,-0.02910614013671875,0.00122833251953125,-0.03033447265625
test_0023817,noisy,nonstationary,-4.370131443879119,13.252439022064209,12.997243404388428,0.25519561767578125
test_0023818,noisy,impulsive,4.268644316099525,5.414450645446777,4.357248306274414,1.0572023391723633
test_0023819,clean,stationary,99.3729588471078,-2.4960970878601074,0.012019634246826172,-2.5081167221069336
test_0023821,noisy,nonstationary,7.809503800984864,3.016101837158203,2.8523902893066406,0.1637115478515625
test_0023822,noisy,ambient,-3.3384671739789717,1.5038270950317383,-0.4522285461425781,1.9560556411743164
test_0023823,clean,stationary,94.18539694336046,-0.011547088623046875,0.000457763671875,-0.012004852294921875
test_0023824,noisy,nonstationary,-2.4383285665861507,11.374455690383911,10.886476278305054,0.4879794120788574
test_0023825,noisy,ambient,11.740273004793014,4.40386962890625,2.8960094451904297,1.5078601837158203
test_0023826,noisy,nonstationary,-3.6904482861112253,6.8725905418396,6.104215860366821,0.7683746814727783
test_0023827,noisy,nonstationary,4.010933717098295,11.250365257263184,8.926478385925293,2.3238868713378906
test_0023828,near_clean,impulsive,28.20483696609308,1.6621551513671875,0.19094467163085938,1.4712104797363281
test_0023829,noisy,ambient,7.457974779522046,4.689173221588135,0.927513599395752,3.761659622192383
test_0023830,noisy,impulsive,7.989733917385716,4.785016059875488,4.493951797485352,0.2910642623901367
test_0023832,near_clean,ambient,23.840348657796405,0.052722930908203125,0.00702667236328125,0.045696258544921875
test_0023833,noisy,impulsive,19.2195487637569,-0.084930419921875,0.21396255493164062,-0.2988929748535156
test_0023834,near_clean,impulsive,35.409266057912546,2.0125732421875,0.027984619140625,1.984588623046875
test_0023835,near_clean,stationary,27.611174923733756,2.2629165649414062,1.5854530334472656,0.6774635314941406
test_0023837,noisy,ambient,-4.899834619091143,6.886883854866028,0.2799038887023926,6.606979966163635
test_0023838,noisy,ambient,-1.007626082912979,12.061936378479004,9.677077770233154,2.3848586082458496
test_0023840,near_clean,impulsive,33.753110962448496,1.8539276123046875,0.2885284423828125,1.565399169921875
test_0023841,clean,impulsive,88.86755647998419,0.000171661376953125,-21.669918060302734,21.670089721679688
test_0023843,noisy,ambient,-3.664316966124864,4.133010029792786,0.8797492980957031,3.2532607316970825
test_0023845,clean,ambient,97.46990479097985,-0.000576019287109375,0.0273895263671875,-0.027965545654296875
test_0023846,noisy,nonstationary,3.4531312525274664,8.121761083602905,7.331397771835327,0.7903633117675781
test_0023847,noisy,nonstationary,-2.658170225690118,4.220614910125732,0.2788572311401367,3.9417576789855957
test_0023848,near_clean,impulsive,30.75346947228233,-0.013486862182617188,-2.255268096923828,2.241781234741211
test_0023849,noisy,nonstationary,17.28318799607746,4.428625106811523,2.4591407775878906,1.9694843292236328
test_0023850,clean,ambient,87.87319470245981,-0.0009613037109375,-16.51367950439453,16.512718200683594
test_0023851,noisy,nonstationary,16.652494077946503,4.051971435546875,1.8540496826171875,2.1979217529296875
test_0023852,clean,stationary,81.85090765103527,-0.01363372802734375,-0.0859832763671875,0.07234954833984375
test_0023853,noisy,ambient,19.77034356678496,0.6259622573852539,0.2552366256713867,0.3707256317138672
test_0023854,noisy,impulsive,12.10536085672738,8.768233299255371,6.850579261779785,1.917654037475586
test_0023855,noisy,impulsive,-4.968199994862505,2.06268310546875,0.6079883575439453,1.4546947479248047
test_0023856,noisy,ambient,18.424011695665623,-0.008792877197265625,0.0322418212890625,-0.041034698486328125
test_0023857,noisy,ambient,-3.136194972276072,5.09504497051239,7.6352458000183105,-2.5402008295059204
test_0023859,noisy,nonstationary,6.234631925330055,5.55400949716568,4.996565878391266,0.5574436187744141
test_0023861,clean,impulsive,73.08589559475125,-0.000568389892578125,-0.002559661865234375,0.00199127197265625
test_0023862,noisy,nonstationary,-4.225412221108161,14.989185810089111,14.612205982208252,0.3769798278808594
test_0023863,noisy,nonstationary,5.576183387615675,8.66630220413208,7.406702518463135,1.2595996856689453
test_0023864,near_clean,nonstationary,22.449358515749296,1.3039970397949219,0.2373504638671875,1.0666465759277344
test_0023865,clean,impulsive,97.90573288933845,2.193450927734375e-05,0.0006837844848632812,-0.0006618499755859375
test_0023866,clean,stationary,82.1708913931549,-0.003345489501953125,-0.057430267333984375,0.05408477783203125
test_0023867,noisy,stationary,0.49786785560021596,3.9992288649082184,3.6340416967868805,0.3651871681213379
test_0023868,noisy,impulsive,8.598838514763635,3.3148345947265625,2.1120643615722656,1.2027702331542969
test_0023869,noisy,impulsive,3.56954298404885,8.123373031616211,7.226343154907227,0.8970298767089844
test_0023870,noisy,ambient,7.219417912544194,3.5648159980773926,0.02908945083618164,3.535726547241211
test_0023871,noisy,ambient,15.841896031248911,1.0843467712402344,0.42617034912109375,0.6581764221191406
test_0023872,noisy,stationary,18.84291351222923,2.0488147735595703,1.121297836303711,0.9275169372558594
test_0023873,noisy,ambient,-3.134212854651496,11.027595520019531,10.024929523468018,1.0026659965515137
test_0023874,noisy,impulsive,0.3847069462548859,6.482553005218506,3.600494861602783,2.8820581436157227
test_0023875,noisy,ambient,0.8461221286318977,4.726316928863525,3.2278237342834473,1.4984931945800781
test_0023876,noisy,impulsive,4.973791839598713,6.380692481994629,5.784206390380859,0.5964860916137695
test_0023877,noisy,stationary,-3.5290339708261476,11.142242908477783,9.2027907371521,1.9394521713256836
test_0023878,near_clean,impulsive,31.317266436187534,0.039760589599609375,-0.0001049041748046875,0.03986549377441406
test_0023879,noisy,ambient,18.814864339536136,6.354137420654297,4.16041374206543,2.193723678588867
test_0023880,noisy,impulsive,1.969550254630921,10.081356048583984,8.511554718017578,1.5698013305664062
test_0023883,noisy,impulsive,-3.0834270781605384,5.5547637939453125,4.233624577522278,1.3211392164230347
test_0023884,noisy,nonstationary,14.642254800364283,5.466610908508301,3.8010568618774414,1.6655540466308594
test_0023886,noisy,nonstationary,-1.8574505778888675,2.7505178451538086,2.6842145919799805,0.06630325317382812
test_0023887,noisy,nonstationary,0.442322120708205,5.629038333892822,5.032855272293091,0.5961830615997314
test_0023888,noisy,impulsive,17.430063023198308,6.31904411315918,4.123510360717773,2.1955337524414062
test_0023889,near_clean,ambient,30.762167721840417,5.551534652709961,1.2319488525390625,4.319585800170898
test_0023890,noisy,stationary,18.831204152996406,0.7116222381591797,0.1821584701538086,0.5294637680053711
test_0023891,noisy,stationary,9.955242769473378,-0.3037986755371094,5.319314956665039,-5.623113632202148
test_0023892,noisy,nonstationary,-3.5545592485396016,10.222442150115967,8.427683115005493,1.7947590351104736
test_0023893,noisy,ambient,2.127078113517394,2.9477643966674805,3.8875908851623535,-0.939826488494873
test_0023894,noisy,nonstationary,19.473303563145897,1.3395671844482422,0.13509559631347656,1.2044715881347656
test_0023896,noisy,nonstationary,8.38490965717097,2.488983154296875,1.5609359741210938,0.9280471801757812
test_0023897,noisy,stationary,17.688521966539106,2.6711177825927734,2.122844696044922,0.5482730865478516
test_0023898,noisy,ambient,19.251481164186462,5.83819580078125,3.0806522369384766,2.7575435638427734
test_0023899,noisy,nonstationary,9.135257350957772,3.3470096588134766,2.707942008972168,0.6390676498413086
test_0023900,noisy,impulsive,1.0567312585499251,7.942103385925293,5.93946647644043,2.0026369094848633
test_0023901,noisy,stationary,16.06727438259241,0.22885704040527344,-1.863067626953125,2.0919246673583984
test_0023902,noisy,impulsive,-3.9662137101188506,15.76436471939087,9.519895076751709,6.24446964263916
test_0023903,noisy,stationary,19.581494232102983,1.8638324737548828,1.1777095794677734,0.6861228942871094
test_0023904,clean,stationary,87.61433509357305,-0.0002288818359375,-0.0614166259765625,0.061187744140625
test_0023905,clean,impulsive,84.36875443474887,0.000522613525390625,-0.0014591217041015625,0.0019817352294921875
test_0023906,noisy,nonstationary,15.534481956615977,1.7232742309570312,0.927581787109375,0.7956924438476562
test_0023907,noisy,ambient,-3.9386689937413526,3.800965890288353,0.9801015853881836,2.8208643049001694
test_0023908,noisy,stationary,1.906982434740102,3.468043327331543,2.982084274291992,0.4859590530395508
test_0023909,noisy,ambient,2.52509272006024,5.284771919250488,4.485847473144531,0.798924446105957
test_0023910,noisy,ambient,-0.6638081584066512,9.164972648024559,7.388973578810692,1.7759990692138672
test_0023911,clean,stationary,100.18226817534054,-0.07975625991821289,0.00012826919555664062,-0.07988452911376953
test_0023912,noisy,nonstationary,16.87331455478884,6.902105331420898,1.568368911743164,5.333736419677734
test_0023914,noisy,impulsive,1.9047945872054248,7.387938618659973,8.286985516548157,-0.8990468978881836
test_0023915,clean,stationary,72.63761136152775,-0.00986480712890625,-0.14616012573242188,0.13629531860351562
test_0023916,noisy,ambient,-4.355192972004297,8.957552671432495,4.963948726654053,3.9936039447784424
test_0023917,near_clean,ambient,23.496417666209908,0.13294601440429688,0.10899734497070312,0.02394866943359375
test_0023918,noisy,nonstationary,9.536970610104547,1.7390823364257812,2.4104957580566406,-0.6714134216308594
test_0023919,noisy,impulsive,11.973065995613883,1.9175291061401367,1.4620275497436523,0.4555015563964844
test_0023920,noisy,ambient,8.52357994874342,5.445668697357178,1.7356066703796387,3.710062026977539
test_0023922,noisy,nonstationary,12.426414659577834,4.588155746459961,4.796745300292969,-0.2085895538330078
test_0023924,noisy,ambient,3.1402526974482345,6.3349151611328125,5.558244705200195,0.7766704559326172
test_0023925,noisy,stationary,19.452658283917955,3.1463394165039062,0.4168872833251953,2.729452133178711
test_0023927,near_clean,nonstationary,36.68441933474179,-0.010381698608398438,-0.000308990478515625,-0.010072708129882812
test_0023928,noisy,ambient,-3.4975237499713856,7.823914527893066,4.826580882072449,2.9973336458206177
test_0023929,noisy,stationary,12.914636649021382,5.88271427154541,1.4165849685668945,4.466129302978516
test_0023930,noisy,nonstationary,16.75062054037369,1.5095367431640625,-8.423192024230957,9.93272876739502
test_0023933,near_clean,nonstationary,32.00042025009591,0.012420654296875,-0.07088375091552734,0.08330440521240234
test_0023934,clean,nonstationary,100.01262340661543,-0.00281524658203125,-0.00096893310546875,-0.0018463134765625
test_0023935,noisy,nonstationary,14.190170168363618,4.792573928833008,2.125009536743164,2.6675643920898438
test_0023936,near_clean,ambient,22.61461074690313,4.492555618286133,0.6521816253662109,3.840373992919922
test_0023937,near_clean,impulsive,31.388251588424687,-0.027631759643554688,-2.311056137084961,2.2834243774414062
test_0023938,noisy,nonstationary,13.281243279929836,3.3089284896850586,2.816603660583496,0.4923248291015625
test_0023939,noisy,ambient,18.188865845823564,4.494163513183594,1.952718734741211,2.541444778442383
test_0023940,clean,ambient,89.83370580747459,-0.00222015380859375,-0.00392913818359375,0.001708984375
test_0023941,noisy,nonstationary,15.047654957084283,3.3147993087768555,2.9047727584838867,0.41002655029296875
test_0023942,noisy,impulsive,9.44176723778999,5.838561058044434,3.9336061477661133,1.9049549102783203
test_0023943,noisy,nonstationary,-1.737315537929711,4.945971488952637,4.595538139343262,0.350433349609375
test_0023944,noisy,nonstationary,-3.689444983779637,4.340507984161377,1.9766029119491577,2.3639050722122192
test_0023945,clean,ambient,99.2608201063255,-0.0015673637390136719,0.00010967254638671875,-0.0016770362854003906
test_0023946,near_clean,impulsive,35.23567862383709,-1.0262527465820312,-0.5300445556640625,-0.49620819091796875
test_0023947,noisy,nonstationary,2.78130079638083,5.2941436767578125,2.8309850692749023,2.46315860748291
test_0023948,near_clean,stationary,21.75182624130826,1.1728477478027344,-1.0174789428710938,2.190326690673828
test_0023949,noisy,stationary,-4.101091008132706,13.168187141418457,11.02232551574707,2.1458616256713867
test_0023950,noisy,nonstationary,3.862302141674239,4.464929580688477,3.9701948165893555,0.4947347640991211
test_0023951,near_clean,impulsive,24.468004705227106,0.21199417114257812,-0.07651329040527344,0.28850746154785156
test_0023952,noisy,impulsive,16.795907030527204,9.122095108032227,5.79240608215332,3.3296890258789062
test_0023953,noisy,impulsive,7.988681709654387,6.204167366027832,4.880946159362793,1.323221206665039
test_0023954,noisy,ambient,12.405923198635167,0.046820640563964844,0.05532550811767578,-0.008504867553710938
test_0023955,clean,nonstationary,82.74902040143476,-0.05535888671875,-0.02205657958984375,-0.03330230712890625
test_0023956,clean,ambient,87.91526380957494,-0.000965118408203125,-1.4819526672363281,1.480987548828125
test_0023960,near_clean,impulsive,36.710692565576906,0.038482666015625,-0.24506759643554688,0.2835502624511719
test_0023961,near_clean,impulsive,26.749997427131586,0.2544593811035156,0.12505531311035156,0.12940406799316406
test_0023962,noisy,ambient,-4.685515440693996,8.726348161697388,7.609452843666077,1.116895318031311
test_0023963,noisy,impulsive,5.140133606944196,5.250087738037109,0.13015460968017578,5.119933128356934
test_0023964,noisy,ambient,2.0933112405860537,8.270843982696533,1.763305425643921,6.507538557052612
test_0023965,near_clean,impulsive,35.20795989637534,-0.10099315643310547,-1.430511474609375e-05,-0.10097885131835938
test_0023966,noisy,stationary,2.66059324266058,3.0114078521728516,2.0696964263916016,0.94171142578125
test_0023968,clean,ambient,84.79832788936403,-5.7220458984375e-06,-0.0012493133544921875,0.00124359130859375
test_0023969,near_clean,ambient,29.08114642567547,0.6995677947998047,-0.001186370849609375,0.7007541656494141
test_0023970,near_clean,impulsive,37.32457940322514,1.0091438293457031,0.037052154541015625,0.9720916748046875
test_0023971,clean,ambient,98.46518900911137,-0.005242347717285156,6.389617919921875e-05,-0.005306243896484375
test_0023972,near_clean,nonstationary,36.11772008902611,0.18068695068359375,-0.9321403503417969,1.1128273010253906
test_0023974,noisy,stationary,1.5775184588325724,5.399590015411377,6.697295665740967,-1.2977056503295898
test_0023975,clean,ambient,78.76126256524026,-0.0703582763671875,-6.409160614013672,6.338802337646484
test_0023976,noisy,stationary,11.427153886242618,3.002976417541504,0.44622802734375,2.556748390197754
test_0023977,near_clean,impulsive,38.550591301240324,1.3822860717773438,0.0059356689453125,1.3763504028320312
test_0023978,noisy,nonstationary,12.49711399977997,4.060209274291992,2.955657958984375,1.1045513153076172
test_0023980,near_clean,stationary,23.262332574693495,1.8262672424316406,1.2377700805664062,0.5884971618652344
test_0023981,noisy,impulsive,15.435807260511314,1.1447601318359375,0.2027587890625,0.9420013427734375
test_0023982,noisy,stationary,8.404991400163803,5.283952236175537,4.236450672149658,1.047501564025879
test_0023983,noisy,nonstationary,9.96045649051111,3.390255928039551,3.331822395324707,0.05843353271484375
test_0023984,near_clean,nonstationary,37.27048606292706,0.3398170471191406,0.09955596923828125,0.24026107788085938
test_0023985,noisy,impulsive,13.267530286352757,3.9705047607421875,1.807856559753418,2.1626482009887695
test_0023986,noisy,nonstationary,0.6378394253108094,5.046137630939484,8.443517029285431,-3.3973793983459473
test_0023988,noisy,ambient,2.406436041472492,2.4814095497131348,2.419747829437256,0.061661720275878906
test_0023989,noisy,nonstationary,1.6980042020816626,6.111210107803345,5.509448289871216,0.6017618179321289
test_0023990,clean,ambient,83.88795426694966,-0.1021575927734375,-3.3151626586914062,3.2130050659179688
test_0023991,clean,stationary,93.35542959316123,-0.0016117095947265625,-0.000850677490234375,-0.0007610321044921875
test_0023992,noisy,ambient,1.2080298689855535,6.890451431274414,0.8411483764648438,6.04930305480957
test_0023993,noisy,impulsive,17.707617372720556,0.015750885009765625,0.2729911804199219,-0.25724029541015625
test_0023994,near_clean,impulsive,20.584965278288117,0.8393383026123047,0.039104461669921875,0.8002338409423828
test_0023996,noisy,nonstationary,3.1106336393122853,6.82552444934845,6.12767231464386,0.6978521347045898
test_0023997,noisy,impulsive,19.337301274308555,1.2743606567382812,0.06731796264648438,1.2070426940917969
test_0023998,near_clean,stationary,29.37072118919486,1.5085563659667969,0.8070182800292969,0.7015380859375
test_0023999,noisy,nonstationary,14.123682994779232,3.3220443725585938,2.9618911743164062,0.3601531982421875
test_0024000,clean,stationary,98.25902257204115,-0.00022411346435546875,1.621246337890625e-05,-0.000240325927734375
test_0024001,noisy,impulsive,4.128718897133312,1.3115873336791992,0.42206382751464844,0.8895235061645508
test_0024002,noisy,ambient,5.073714547083705,4.698528289794922,-0.3536376953125,5.052165985107422
test_0024003,noisy,ambient,4.5200092247127275,9.803583920001984,4.3643911480903625,5.439192771911621
test_0024004,noisy,stationary,16.847663658212088,2.905069351196289,1.1969642639160156,1.7081050872802734
test_0024005,near_clean,nonstationary,34.314870122016316,0.39188385009765625,-3.4780349731445312,3.8699188232421875
test_0024006,near_clean,stationary,37.09911201928466,0.27678680419921875,-0.13564300537109375,0.4124298095703125
test_0024007,noisy,ambient,11.191919269932384,2.97890567779541,1.780242919921875,1.1986627578735352
test_0024008,near_clean,stationary,20.063665831337776,0.1049337387084961,-0.009021759033203125,0.11395549774169922
test_0024010,clean,stationary,100.58183128876935,-0.0024280548095703125,-0.022635459899902344,0.02020740509033203
test_0024011,noisy,impulsive,17.074137813035787,8.09933853149414,0.005748748779296875,8.093589782714844
test_0024012,noisy,stationary,18.747766034760037,2.1654624938964844,1.9565048217773438,0.20895767211914062
test_0024013,noisy,ambient,12.679295339628586,1.1577644348144531,1.3839969635009766,-0.22623252868652344
test_0024014,noisy,stationary,3.278742874103507,6.985522747039795,6.9294352531433105,0.056087493896484375
test_0024015,near_clean,impulsive,33.975516085986975,3.0912017822265625,0.15503692626953125,2.9361648559570312
test_0024016,clean,stationary,77.08857005264139,-0.0007171630859375,-0.0046138763427734375,0.0038967132568359375
test_0024017,near_clean,ambient,34.77183705696852,0.3416290283203125,0.06877517700195312,0.2728538513183594
test_0024018,clean,impulsive,86.85358605657791,0.00325775146484375,-0.9527778625488281,0.9560356140136719
test_0024019,near_clean,stationary,26.93901054026864,2.2524490356445312,1.6818828582763672,0.5705661773681641
test_0024020,noisy,stationary,3.1821371795356113,1.4436016082763672,-0.20878219604492188,1.652383804321289
test_0024021,noisy,nonstationary,-2.7186394480742226,4.36850905418396,3.7477429509162903,0.6207661032676697
test_0024022,noisy,stationary,6.30840060148366,4.145320892333984,4.138077735900879,0.007243156433105469
test_0024023,noisy,ambient,4.629145640300524,12.717993259429932,11.444384098052979,1.2736091613769531
test_0024024,noisy,nonstationary,15.85164745715592,4.267206192016602,3.550252914428711,0.7169532775878906
test_0024025,noisy,impulsive,8.599038598202158,0.016305923461914062,0.0019626617431640625,0.01434326171875
test_0024026,noisy,stationary,3.1537843482639905,5.873459339141846,5.069909572601318,0.8035497665405273
test_0024027,near_clean,impulsive,20.199374369413604,0.8385839462280273,1.140040397644043,-0.3014564514160156
test_0024028,clean,stationary,77.36585963616405,-0.007976531982421875,-0.4137382507324219,0.40576171875
test_0024029,noisy,nonstationary,8.578917693298557,5.615254878997803,2.7659287452697754,2.8493261337280273
test_0024030,near_clean,nonstationary,29.761658359969147,0.4642982482910156,0.0207977294921875,0.4435005187988281
test_0024031,noisy,ambient,0.14138656671466346,8.66050410270691,2.707935094833374,5.952569007873535
test_0024032,near_clean,impulsive,33.84441576674399,0.19348907470703125,0.001277923583984375,0.19221115112304688
test_0024033,noisy,stationary,9.438468439587753,6.159336090087891,6.146404266357422,0.01293182373046875
test_0024034,noisy,ambient,-2.4333340540985002,13.1871337890625,8.145677089691162,5.041456699371338
test_0024036,noisy,nonstationary,5.580268555794618,6.282661437988281,3.292635917663574,2.990025520324707
test_0024037,noisy,stationary,5.904376250476355,3.5586633682250977,2.893617630004883,0.6650457382202148
test_0024038,near_clean,ambient,37.92264481942561,-3.8890724182128906,-7.14848518371582,3.2594127655029297
test_0024039,noisy,ambient,5.565202829326187,3.1451339721679688,2.7613000869750977,0.3838338851928711
test_0024042,near_clean,ambient,30.452364088177838,2.358448028564453,0.4901885986328125,1.8682594299316406
test_0024044,clean,nonstationary,83.53721687954207,-0.0091705322265625,0.0047760009765625,-0.013946533203125
test_0024045,noisy,stationary,4.714005036028157,5.379848480224609,4.887199401855469,0.4926490783691406
test_0024046,clean,ambient,87.53706726228077,-0.00799560546875,-2.481548309326172,2.473552703857422
test_0024047,near_clean,stationary,39.501687939257735,0.0844879150390625,0.0251617431640625,0.059326171875
test_0024048,noisy,stationary,11.864438098461354,10.53553295135498,5.502240180969238,5.033292770385742
test_0024049,noisy,ambient,5.258923859169723,3.8388617038726807,3.2017862796783447,0.6370754241943359
test_0024050,near_clean,impulsive,39.82546084459551,2.659839630126953,0.10510635375976562,2.5547332763671875
test_0024051,noisy,ambient,4.908246403103403,5.0982489585876465,2.8750667572021484,2.223182201385498
test_0024052,noisy,impulsive,6.02850179752656,5.4707865715026855,4.4375176429748535,1.033268928527832
test_0024053,noisy,impulsive,1.8898073192715938,10.005559504032135,8.114989817142487,1.8905696868896484
test_0024054,noisy,impulsive,12.8285711366995,7.000063896179199,5.527295112609863,1.472768783569336
test_0024055,near_clean,stationary,20.29989766711068,3.6195507049560547,3.1789627075195312,0.44058799743652344
test_0024058,clean,impulsive,78.19215428021151,-0.01572418212890625,-12.26641845703125,12.250694274902344
test_0024059,near_clean,impulsive,24.34288979484483,0.20070457458496094,0.012180328369140625,0.1885242462158203
test_0024060,clean,impulsive,83.37092026124077,-0.0001430511474609375,-0.05998802185058594,0.059844970703125
test_0024061,noisy,stationary,13.586892740392,2.0358095169067383,1.5027809143066406,0.5330286026000977
test_0024062,noisy,ambient,0.4860785323981353,4.737110376358032,4.1511619091033936,0.5859484672546387
test_0024063,noisy,nonstationary,-4.575831274291677,6.618880033493042,6.408198595046997,0.21068143844604492
test_0024064,near_clean,impulsive,34.39991585008674,0.09876823425292969,-0.138946533203125,0.2377147674560547
test_0024065,noisy,impulsive,8.567057911618571,4.709220886230469,2.4941043853759766,2.215116500854492
test_0024066,noisy,stationary,12.60568016140839,8.421611785888672,3.5535640716552734,4.868047714233398
test_0024067,near_clean,ambient,30.4684116879006,-0.6625967025756836,-0.03507232666015625,-0.6275243759155273
test_0024069,clean,impulsive,89.24728220596414,-0.002063751220703125,-0.2595787048339844,0.25751495361328125
test_0024070,noisy,nonstationary,4.116564264784034,6.730633735656738,6.216611862182617,0.5140218734741211
test_0024072,near_clean,impulsive,26.546832875273356,0.179290771484375,0.03083038330078125,0.14846038818359375
test_0024073,near_clean,impulsive,34.738593929425114,0.20406532287597656,-0.031764984130859375,0.23583030700683594
test_0024074,noisy,nonstationary,5.18368018886059,3.6125965118408203,2.9590249061584473,0.653571605682373
test_0024075,noisy,stationary,7.26855200618494,5.377810001373291,4.460245609283447,0.9175643920898438
test_0024076,clean,nonstationary,92.43477575042908,-0.000362396240234375,-0.00307464599609375,0.002712249755859375
test_0024077,noisy,ambient,-0.7385771357053689,10.128861665725708,5.5804603099823,4.548401355743408
test_0024078,noisy,ambient,2.644911563412267,14.176682829856873,9.99855363368988,4.178129196166992
test_0024079,noisy,ambient,0.027403832038428458,8.766354754567146,0.3338770419359207,8.432477712631226
test_0024080,noisy,impulsive,0.8953883911889239,6.079415321350098,3.945319652557373,2.1340956687927246
test_0024081,noisy,impulsive,-1.0897220041465785,9.948205471038818,4.458704233169556,5.489501237869263
test_0024082,noisy,impulsive,11.698546763131521,8.0084228515625,7.017852783203125,0.990570068359375
test_0024083,noisy,ambient,-4.045179389961906,8.798787117004395,3.848644971847534,4.95014214515686
test_0024084,clean,stationary,76.17856777337758,-0.001941680908203125,-0.011777877807617188,0.009836196899414062
test_0024085,noisy,stationary,-0.3696709870789704,9.690590858459473,0.48234081268310547,9.208250045776367
test_0024086,near_clean,ambient,36.1631280129202,1.0865974426269531,0.14827728271484375,0.9383201599121094
test_0024087,noisy,stationary,9.147320263062412,1.4004249572753906,1.5078163146972656,-0.107391357421875
test_0024089,clean,ambient,99.49063161665649,-0.007793426513671875,-0.04389190673828125,0.036098480224609375
test_0024090,near_clean,nonstationary,29.93134898954652,0.7046279907226562,-0.04388427734375,0.7485122680664062
test_0024092,near_clean,impulsive,25.57313361562262,3.181915283203125,0.15047073364257812,3.031444549560547
test_0024093,noisy,ambient,14.2478402193141,0.5860705375671387,0.07514238357543945,0.5109281539916992
test_0024094,noisy,stationary,0.16636661211902393,6.189956903457642,4.428577661514282,1.7613792419433594
test_0024095,near_clean,nonstationary,22.365396548827153,0.40830326080322266,0.003742218017578125,0.40456104278564453
test_0024096,noisy,stationary,5.487022190139605,1.390878677368164,0.7538166046142578,0.6370620727539062
test_0024097,noisy,impulsive,-2.9268433489690446,3.2864062786102295,2.637956380844116,0.6484498977661133
test_0024098,noisy,stationary,13.701457828286545,4.95721435546875,4.340278625488281,0.6169357299804688
test_0024099,near_clean,impulsive,38.136018908466795,0.0009775161743164062,0.00033855438232421875,0.0006389617919921875
test_0024100,near_clean,ambient,39.16692324225679,0.23432540893554688,0.001129150390625,0.23319625854492188
test_0024101,noisy,nonstationary,6.37088675603617,10.9419264793396,9.872345447540283,1.0695810317993164
test_0024102,noisy,stationary,8.294991385028473,1.3493461608886719,0.9921054840087891,0.3572406768798828
test_0024103,near_clean,stationary,33.151156950310096,-0.00978851318359375,-0.08697891235351562,0.07719039916992188
test_0024105,near_clean,nonstationary,32.15044745405374,0.4148387908935547,0.02664947509765625,0.38818931579589844
test_0024106,noisy,stationary,2.5918578269357924,8.218506574630737,6.797349691390991,1.421156883239746
test_0024107,noisy,ambient,5.766607787874348,10.523067474365234,8.284608840942383,2.2384586334228516
test_0024108,clean,ambient,96.140925986204,0.000347137451171875,0.0002460479736328125,0.0001010894775390625
test_0024109,clean,ambient,74.47548728403083,-0.20816421508789062,-0.1483173370361328,-0.05984687805175781
test_0024110,noisy,ambient,13.054578156106352,2.6155824661254883,0.11137104034423828,2.50421142578125
test_0024111,noisy,nonstationary,18.5281237335821,5.8719024658203125,0.32475852966308594,5.547143936157227
test_0024112,noisy,stationary,12.794262551658456,4.881852149963379,3.8628053665161133,1.0190467834472656
test_0024113,clean,nonstationary,97.72090169634842,-0.001834869384765625,-0.098876953125,0.09704208374023438
test_0024114,noisy,stationary,-4.5207743198265185,8.271337509155273,6.644841194152832,1.6264963150024414
test_0024115,near_clean,ambient,33.98892328937573,0.087982177734375,0.05434608459472656,0.03363609313964844
test_0024116,noisy,ambient,16.267616502833313,2.3961124420166016,0.012401580810546875,2.3837108612060547
test_0024117,near_clean,nonstationary,29.470975450495164,0.20000839233398438,-0.9603118896484375,1.1603202819824219
test_0024118,noisy,nonstationary,-0.7938480468533758,5.303749084472656,3.130377769470215,2.1733713150024414
test_0024120,noisy,nonstationary,4.7426548900819645,5.087271213531494,4.129750728607178,0.9575204849243164
test_0024121,noisy,ambient,-1.8857072443976775,7.651671886444092,7.000885009765625,0.6507868766784668
test_0024122,noisy,stationary,11.02157431088012,0.9185047149658203,0.7541599273681641,0.16434478759765625
test_0024123,noisy,ambient,4.964630908017843,7.115746021270752,3.697007656097412,3.41873836517334
test_0024125,noisy,ambient,-1.7032318404513433,10.099212527275085,8.846975207328796,1.252237319946289
test_0024126,noisy,ambient,-0.3311225027482986,4.123462200164795,1.7893562316894531,2.334105968475342
test_0024127,noisy,impulsive,16.44807328169007,2.797710418701172,1.9868850708007812,0.8108253479003906
test_0024128,noisy,impulsive,7.217925105080619,5.784058094024658,2.310126781463623,3.473931312561035
test_0024129,clean,impulsive,91.03293897923406,-9.918212890625e-05,-0.00083160400390625,0.000732421875
test_0024130,noisy,ambient,11.471887558665625,2.4094247817993164,1.5932645797729492,0.8161602020263672
test_0024131,near_clean,stationary,36.42126307449006,0.06555938720703125,0.0098114013671875,0.05574798583984375
test_0024132,noisy,impulsive,17.09842858409983,6.868099212646484,3.975584030151367,2.892515182495117
test_0024133,noisy,impulsive,0.9557764045240471,6.437933921813965,5.363231658935547,1.074702262878418
test_0024134,noisy,impulsive,12.689215589024572,0.29804229736328125,0.01251983642578125,0.2855224609375
test_0024135,near_clean,stationary,20.026327226492697,0.2682046890258789,0.23305034637451172,0.03515434265136719
test_0024136,noisy,ambient,-3.46932605500424,5.305280447006226,4.695977449417114,0.6093029975891113
test_0024137,noisy,ambient,17.389897467574258,4.0103302001953125,3.0195236206054688,0.9908065795898438
test_0024138,noisy,impulsive,8.800704977483452,5.019217491149902,5.118691444396973,-0.09947395324707031
test_0024139,noisy,impulsive,-0.757458119759979,4.852571487426758,4.068855285644531,0.7837162017822266
test_0024140,noisy,nonstationary,4.362330211644565,7.806204319000244,6.581820964813232,1.2243833541870117
test_0024142,noisy,impulsive,12.565351366992585,3.8375539779663086,4.500035285949707,-0.6624813079833984
test_0024143,noisy,nonstationary,-2.3203687869096807,9.573233604431152,9.535786628723145,0.03744697570800781
test_0024144,clean,stationary,91.06490090625098,-0.00018310546875,-7.62939453125e-05,-0.0001068115234375
test_0024145,noisy,ambient,19.96097643298746,0.5495758056640625,0.37366676330566406,0.17590904235839844
test_0024146,noisy,stationary,9.882868436406438,3.780986785888672,3.2673654556274414,0.5136213302612305
test_0024147,clean,stationary,79.78120682506136,-0.051670074462890625,-0.043338775634765625,-0.008331298828125
test_0024148,near_clean,ambient,20.481747649868804,6.964580535888672,4.383623123168945,2.5809574127197266
test_0024149,clean,ambient,81.10536122393984,-0.00537109375,-0.007862091064453125,0.002490997314453125
test_0024150,clean,ambient,74.04785427792541,-0.05524444580078125,0.3978118896484375,-0.45305633544921875
test_0024151,noisy,stationary,-1.0384129063440222,2.922268867492676,2.2001514434814453,0.7221174240112305
test_0024152,noisy,nonstationary,5.587022907624682,9.741535186767578,9.208297729492188,0.5332374572753906
test_0024153,noisy,stationary,12.64849119196266,4.557590484619141,3.3695812225341797,1.188009262084961
test_0024154,noisy,nonstationary,14.723268865706887,3.4159536361694336,2.515944480895996,0.9000091552734375
test_0024155,noisy,nonstationary,14.450327314533695,4.779165267944336,1.7987909317016602,2.980374336242676
test_0024156,noisy,nonstationary,12.958412321699544,1.980722427368164,1.8960800170898438,0.08464241027832031
test_0024157,near_clean,impulsive,32.96131923459252,0.4564933776855469,0.01073455810546875,0.4457588195800781
test_0024158,near_clean,stationary,24.19298650477569,1.3965835571289062,0.2461719512939453,1.150411605834961
test_0024159,noisy,ambient,18.659897341698045,6.281610488891602,0.33869361877441406,5.9429168701171875
test_0024160,near_clean,nonstationary,34.71290874466699,0.6466903686523438,0.01891326904296875,0.627777099609375
test_0024161,noisy,ambient,18.482099933307417,1.3612861633300781,0.1456432342529297,1.2156429290771484
test_0024162,near_clean,nonstationary,33.832118401119104,0.0018482208251953125,-0.009723663330078125,0.011571884155273438
test_0024163,noisy,stationary,0.6284272038192675,6.309232711791992,5.679338455200195,0.6298942565917969
test_0024164,noisy,stationary,1.6736126893426981,5.36325478553772,4.830494165420532,0.5327606201171875
test_0024165,clean,stationary,91.45141414336035,-0.00063323974609375,0.000141143798828125,-0.000774383544921875
test_0024166,noisy,nonstationary,12.70894543047424,5.2169952392578125,2.060304641723633,3.1566905975341797
test_0024167,near_clean,nonstationary,38.38567067687927,0.42035675048828125,0.04449462890625,0.37586212158203125
test_0024168,clean,ambient,98.37989970961169,8.0108642578125e-05,0.0002231597900390625,-0.0001430511474609375
test_0024169,noisy,nonstationary,-4.324006358605165,2.2452473640441895,2.0331506729125977,0.2120966911315918
test_0024170,noisy,nonstationary,9.00436189554682,7.361422538757324,6.117035865783691,1.2443866729736328
test_0024171,near_clean,stationary,27.117550214689928,0.3674430847167969,0.13095474243164062,0.23648834228515625
test_0024172,near_clean,impulsive,21.321354433695504,0.5701541900634766,0.27313232421875,0.29702186584472656
test_0024173,noisy,stationary,5.826193165717498,5.990827560424805,5.569222450256348,0.42160511016845703
test_0024175,noisy,stationary,-4.046988745893633,9.072704166173935,0.624002605676651,8.448701560497284
test_0024176,noisy,nonstationary,1.7258525033863386,4.407863140106201,4.177224636077881,0.2306385040283203
test_0024177,noisy,impulsive,2.175225844360518,9.161614298820496,7.607079386711121,1.554534912109375
test_0024179,noisy,nonstationary,14.676447646993413,4.728384971618652,1.1264467239379883,3.601938247680664
test_0024180,near_clean,ambient,25.171824020661514,1.3054046630859375,0.7742843627929688,0.5311203002929688
test_0024181,noisy,ambient,6.52073293454806,4.572791576385498,1.8610234260559082,2.71176815032959
test_0024182,clean,ambient,85.45412665681047,-0.2789278030395508,-0.0027761459350585938,-0.2761516571044922
test_0024184,noisy,impulsive,9.415928791883934,11.016070365905762,10.748021125793457,0.2680492401123047
test_0024185,noisy,impulsive,14.703523063534478,4.438794136047363,1.2302656173706055,3.208528518676758
test_0024186,near_clean,impulsive,22.871681223591796,0.10201311111450195,0.10059976577758789,0.0014133453369140625
test_0024187,clean,nonstationary,81.9812547808401,-0.01682281494140625,-0.036418914794921875,0.019596099853515625
test_0024188,noisy,ambient,2.2034391970306597,5.855522632598877,3.846322536468506,2.009200096130371
test_0024189,near_clean,stationary,34.69191598295997,0.0050678253173828125,0.0020618438720703125,0.0030059814453125
test_0024190,noisy,nonstationary,2.833069336411103,13.33331298828125,16.35201358795166,-3.01870059967041
test_0024191,noisy,stationary,10.791835721576291,1.4085359573364258,-0.12463855743408203,1.5331745147705078
test_0024192,clean,nonstationary,81.24508053313251,-1.53643798828125,-0.04509544372558594,-1.491342544555664
test_0024194,noisy,nonstationary,12.1410329193116,4.072780609130859,2.2267608642578125,1.8460197448730469
test_0024195,noisy,stationary,1.721616990575611,6.953336238861084,5.884338855743408,1.0689973831176758
test_0024196,noisy,ambient,0.8542213853489568,4.123011112213135,2.6555094718933105,1.4675016403198242
test_0024197,clean,impulsive,85.17434575561944,-0.0015468597412109375,-0.0029296875,0.0013828277587890625
test_0024198,clean,stationary,89.25015012895119,-0.05208587646484375,-0.03014373779296875,-0.021942138671875
test_0024199,noisy,nonstationary,13.145608214387563,6.686457633972168,2.6162843704223633,4.070173263549805
test_0024200,noisy,stationary,14.005352345565548,2.3502559661865234,2.096099853515625,0.25415611267089844
test_0024201,near_clean,ambient,24.40296688443719,2.784669876098633,0.46393394470214844,2.3207359313964844
test_0024203,noisy,nonstationary,15.741637465103128,3.5483226776123047,1.7856864929199219,1.7626361846923828
test_0024204,near_clean,nonstationary,31.05193276944529,-0.008107185363769531,0.007500648498535156,-0.015607833862304688
test_0024205,noisy,nonstationary,13.417555056956445,3.7467422485351562,3.899442672729492,-0.15270042419433594
test_0024206,noisy,ambient,7.59450550771319,9.603070259094238,0.0005331039428710938,9.602537155151367
test_0024207,clean,stationary,83.14050869400535,-0.01995849609375,-0.05670166015625,0.0367431640625
test_0024208,noisy,nonstationary,-3.115107179064717,7.515808820724487,5.2966978549957275,2.2191109657287598
test_0024209,noisy,stationary,19.857121849759597,3.566875457763672,0.2501506805419922,3.3167247772216797
test_0024210,near_clean,nonstationary,32.73146092186448,-0.024600982666015625,0.20833587646484375,-0.23293685913085938
test_0024211,near_clean,ambient,27.587449985199136,0.7018947601318359,0.2405071258544922,0.46138763427734375
test_0024212,noisy,impulsive,-0.25317803516610005,5.306105867028236,2.846981778740883,2.4591240882873535
test_0024213,noisy,impulsive,8.417009518558716,10.116609573364258,9.263198852539062,0.8534107208251953
test_0024214,clean,nonstationary,92.2518482183475,0.0,5.626678466796875e-05,-5.626678466796875e-05
test_0024215,clean,stationary,88.27960239331973,-0.00263214111328125,-0.11755752563476562,0.11492538452148438
test_0024217,noisy,ambient,8.610409410382493,2.2376108169555664,1.7685928344726562,0.46901798248291016
test_0024218,noisy,impulsive,2.3291121047722028,4.743466377258301,1.7850937843322754,2.9583725929260254
test_0024219,clean,nonstationary,94.09478329025694,-0.008816719055175781,-2.384185791015625e-05,-0.008792877197265625
test_0024220,noisy,nonstationary,-0.6473059664968507,9.480041027069092,7.791714191436768,1.6883268356323242
test_0024221,clean,stationary,92.50181617293337,-0.020626068115234375,-0.07684707641601562,0.05622100830078125
test_0024222,noisy,ambient,15.870238743108816,6.983633041381836,4.846590042114258,2.137042999267578
test_0024223,clean,impulsive,83.68080188207999,-0.0001583099365234375,-0.0003814697265625,0.0002231597900390625
test_0024224,noisy,nonstationary,16.949541024200016,2.2614173889160156,1.5364837646484375,0.7249336242675781
test_0024225,near_clean,impulsive,26.8966429127915,1.3589649200439453,0.6206493377685547,0.7383155822753906
test_0024226,noisy,ambient,5.19813557688307,6.598294258117676,5.290140151977539,1.3081541061401367
test_0024227,near_clean,impulsive,23.791867655858777,-0.05290985107421875,-0.04010772705078125,-0.0128021240234375
test_0024228,noisy,ambient,17.41454965845755,2.8416061401367188,0.002620697021484375,2.8389854431152344
test_0024229,noisy,stationary,9.496749411910093,2.6974315643310547,2.8480472564697266,-0.15061569213867188
test_0024230,noisy,ambient,-4.32031548270312,11.584715843200684,1.9051110744476318,9.679604768753052
test_0024231,near_clean,ambient,25.102930317010056,0.3358802795410156,0.02623748779296875,0.3096427917480469
test_0024232,clean,stationary,86.97200957180019,-0.007106781005859375,-0.07162094116210938,0.06451416015625
test_0024234,noisy,impulsive,-3.01275503792907,2.6149749755859375,1.9501590728759766,0.6648159027099609
test_0024235,near_clean,stationary,20.749474819652008,2.7174739837646484,0.47025108337402344,2.247222900390625
test_0024236,clean,impulsive,88.77175708431386,-7.05718994140625e-05,-0.000484466552734375,0.0004138946533203125
test_0024238,noisy,stationary,-4.929969084784691,10.806318759918213,10.342302799224854,0.4640159606933594
test_0024239,noisy,stationary,-4.439628746786701,8.973955631256104,8.508000373840332,0.4659552574157715
test_0024240,noisy,nonstationary,14.458164321060265,8.255109786987305,8.03683090209961,0.2182788848876953
test_0024241,noisy,stationary,7.89977713729483,4.139827251434326,2.912475109100342,1.2273521423339844
test_0024242,near_clean,nonstationary,22.101050390700742,2.036853790283203,1.3003406524658203,0.7365131378173828
test_0024243,noisy,impulsive,1.0787499383764476,0.5392799377441406,0.095977783203125,0.4433021545410156
test_0024244,noisy,nonstationary,9.864330843508672,4.022520065307617,3.266857147216797,0.7556629180908203
test_0024245,near_clean,stationary,37.53365074674214,0.14873886108398438,0.0263214111328125,0.12241744995117188
test_0024246,clean,stationary,91.24497393917247,-0.033710479736328125,-0.29627227783203125,0.2625617980957031
test_0024247,noisy,ambient,-0.15260543108192798,9.646731108427048,9.189909666776657,0.4568214416503906
test_0024248,near_clean,impulsive,25.399748651300428,0.1338481903076172,0.0009717941284179688,0.13287639617919922
test_0024249,clean,nonstationary,88.27438116885803,0.00380706787109375,0.0187530517578125,-0.01494598388671875
test_0024250,near_clean,nonstationary,28.218420141640213,1.2673873901367188,0.29521942138671875,0.97216796875
test_0024252,noisy,impulsive,2.3954536609942605,4.420663237571716,2.7178033590316772,1.702859878540039
test_0024254,noisy,stationary,0.4355282348316498,8.232375144958496,5.988101959228516,2.2442731857299805
test_0024255,clean,stationary,77.67084340278947,-0.0004119873046875,-0.00048828125,7.62939453125e-05
test_0024257,noisy,impulsive,-2.3296739027108497,9.241819143295288,7.979315996170044,1.2625031471252441
test_0024258,noisy,nonstationary,-1.925372022796512,0.8432750701904297,1.3155603408813477,-0.47228527069091797
test_0024259,noisy,stationary,-2.7169335292451,4.531379014253616,1.3671648800373077,3.1642141342163086
test_0024260,noisy,ambient,8.77538766751946,4.517914772033691,3.0656604766845703,1.452254295349121
test_0024261,noisy,ambient,13.112027736261407,4.525920867919922,3.00823974609375,1.5176811218261719
test_0024262,clean,nonstationary,90.79580930803006,-0.000278472900390625,-0.054203033447265625,0.053924560546875
test_0024263,noisy,nonstationary,13.328663540033709,3.914229393005371,2.3774099349975586,1.5368194580078125
test_0024264,noisy,stationary,10.81722638159736,4.320294380187988,0.047351837158203125,4.272942543029785
test_0024265,noisy,impulsive,9.774008672424609,12.007115364074707,11.935576438903809,0.07153892517089844
test_0024266,clean,stationary,89.49213687486663,-0.002307891845703125,-0.024616241455078125,0.022308349609375
test_0024267,clean,impulsive,74.02221516528273,0.0005397796630859375,-0.00611114501953125,0.0066509246826171875
test_0024268,noisy,stationary,-0.9698793950069372,4.3123321533203125,2.6503864526748657,1.6619457006454468
test_0024269,noisy,impulsive,12.694016445872718,8.86148452758789,6.831626892089844,2.029857635498047
test_0024270,noisy,ambient,17.112417614353273,2.9621353149414062,-0.897796630859375,3.8599319458007812
test_0024271,noisy,ambient,11.325869080238514,3.2639122009277344,2.8930511474609375,0.3708610534667969
test_0024272,noisy,nonstationary,15.894891708855997,2.690762519836426,1.7834844589233398,0.9072780609130859
test_0024273,near_clean,impulsive,22.88201247511321,2.0187149047851562,1.2970352172851562,0.7216796875
test_0024274,near_clean,ambient,26.403476095494398,1.2214126586914062,0.367340087890625,0.8540725708007812
test_0024275,noisy,impulsive,15.0915627940729,2.59112548828125,0.9734153747558594,1.6177101135253906
test_0024276,noisy,nonstationary,7.260281855924241,6.003849983215332,4.094109535217285,1.9097404479980469
test_0024277,clean,impulsive,90.71736859125855,-0.00505828857421875,-13.71591567993164,13.710857391357422
test_0024278,noisy,impulsive,-2.970844291912338,7.700618267059326,8.882833003997803,-1.1822147369384766
test_0024280,noisy,ambient,11.651663662171094,2.8533897399902344,0.8108959197998047,2.0424938201904297
test_0024281,noisy,stationary,19.786397375046697,1.2884140014648438,0.42336082458496094,0.8650531768798828
test_0024282,noisy,ambient,0.7631548492025481,10.453272581100464,1.7277730703353882,8.725499510765076
test_0024284,noisy,stationary,0.5166770990409285,7.411112308502197,7.07082986831665,0.3402824401855469
test_0024285,noisy,ambient,6.047294450419819,5.173247337341309,3.0660438537597656,2.107203483581543
test_0024286,noisy,ambient,-3.6553450149206594,5.910172700881958,2.4730132818222046,3.4371594190597534
test_0024287,clean,nonstationary,73.14578173497002,-0.061916351318359375,-0.054134368896484375,-0.007781982421875
test_0024288,noisy,ambient,-3.1094585055329764,6.02381706237793,3.561896562576294,2.4619204998016357
test_0024289,near_clean,stationary,28.992265973699773,0.019193649291992188,-0.03774070739746094,0.056934356689453125
test_0024290,noisy,stationary,6.926569950927927,2.536374092102051,1.1251463890075684,1.4112277030944824
test_0024291,near_clean,stationary,31.85627969648302,0.005970001220703125,0.00620269775390625,-0.000232696533203125
test_0024292,near_clean,ambient,38.1744880158243,0.012853622436523438,0.00052642822265625,0.012327194213867188
test_0024293,noisy,ambient,16.6126828063279,1.1002368927001953,0.19895172119140625,0.9012851715087891
test_0024294,near_clean,stationary,36.56934468470155,-0.0008211135864257812,0.0010585784912109375,-0.0018796920776367188
test_0024295,near_clean,nonstationary,34.42572607130356,0.0218963623046875,-0.4269294738769531,0.4488258361816406
test_0024296,clean,stationary,96.27658053430045,-0.005374908447265625,-0.024295806884765625,0.0189208984375
test_0024297,near_clean,ambient,34.567678513170584,1.0411968231201172,-3.0984745025634766,4.139671325683594
test_0024298,near_clean,ambient,36.45099928692122,-0.1430225372314453,-3.148242950439453,3.005220413208008
test_0024299,noisy,ambient,12.555797157264701,4.477302551269531,2.505007743835449,1.972294807434082
test_0024300,clean,stationary,74.89625547431135,-0.012401580810546875,-8.453453063964844,8.441051483154297
test_0024301,clean,stationary,83.7943033513142,-0.00182342529296875,-0.750732421875,0.7489089965820312
test_0024302,noisy,stationary,19.982503393039536,5.074451446533203,4.63401985168457,0.4404315948486328
test_0024303,noisy,stationary,-0.500421365559631,8.753162324428558,7.937058389186859,0.8161039352416992
test_0024304,noisy,ambient,13.207888201396571,3.908267021179199,1.4647035598754883,2.443563461303711
test_0024305,clean,nonstationary,101.50621735471269,0.000240325927734375,0.000171661376953125,6.866455078125e-05
test_0024306,noisy,nonstationary,15.01647185344048,4.145739555358887,2.711846351623535,1.4338932037353516
test_0024307,noisy,impulsive,12.871036569982959,5.05612850189209,3.406418800354004,1.649709701538086
test_0024308,noisy,stationary,18.839305700984266,-1.4010610580444336,-0.12823963165283203,-1.2728214263916016
test_0024309,noisy,nonstationary,15.413447422598958,2.745664596557617,0.8577518463134766,1.8879127502441406
test_0024310,noisy,ambient,1.7246778035191237,4.358434677124023,4.100220203399658,0.25821447372436523
test_0024311,clean,stationary,76.44928874228262,-6.1407012939453125,-0.078338623046875,-6.0623626708984375
test_0024312,near_clean,ambient,34.5256182717875,-0.20229053497314453,-0.04905414581298828,-0.15323638916015625
test_0024313,clean,nonstationary,92.06046901418344,0.000286102294921875,0.0001621246337890625,0.0001239776611328125
test_0024314,noisy,nonstationary,0.9794807997532655,9.338665544986725,6.276629030704498,3.0620365142822266
test_0024315,noisy,impulsive,14.822345512843357,0.9435501098632812,0.05417633056640625,0.889373779296875
test_0024316,clean,stationary,95.37020420198232,-0.00142669677734375,-1.1510047912597656,1.1495780944824219
test_0024317,noisy,impulsive,17.67307436329579,0.2716245651245117,0.0032491683959960938,0.2683753967285156
test_0024319,noisy,impulsive,-4.688760374160118,5.315703451633453,3.424153447151184,1.8915500044822693
test_0024321,noisy,ambient,-1.3244913426037868,5.911981105804443,5.444634675979614,0.4673464298248291
test_0024322,noisy,impulsive,4.0205636006375824,11.180779457092285,9.300874710083008,1.8799047470092773
test_0024323,near_clean,nonstationary,35.54830441468014,1.8879280090332031,0.8739204406738281,1.014007568359375
test_0024324,noisy,ambient,9.802868880198687,1.9844732284545898,0.4967021942138672,1.4877710342407227
test_0024325,near_clean,impulsive,37.427669160947694,2.7076416015625,0.09956741333007812,2.608074188232422
test_0024326,noisy,impulsive,19.13509314629404,0.5036373138427734,0.270355224609375,0.23328208923339844
test_0024327,near_clean,ambient,38.0953133232125,1.5831565856933594,-2.399026870727539,3.9821834564208984
test_0024328,noisy,impulsive,2.5683368695350643,8.896090388298035,4.999762415885925,3.8963279724121094
test_0024329,clean,impulsive,82.33779278292593,-0.000194549560546875,-0.000751495361328125,0.00055694580078125
test_0024330,clean,impulsive,101.1173508440131,-0.0013942718505859375,-0.008920669555664062,0.007526397705078125
test_0024331,near_clean,ambient,21.199841342896825,0.8666820526123047,0.20920372009277344,0.6574783325195312
test_0024332,noisy,nonstationary,6.457239206043735,3.493032932281494,0.6922168731689453,2.800816059112549
test_0024333,noisy,impulsive,12.532112088090056,1.5298938751220703,1.320840835571289,0.20905303955078125
test_0024334,noisy,stationary,11.628351609060907,3.913161277770996,2.0947065353393555,1.8184547424316406
test_0024336,noisy,impulsive,14.025641307149934,2.9675397872924805,5.685357093811035,-2.7178173065185547
test_0024337,clean,ambient,89.15769988503803,-0.013675689697265625,-0.6416854858398438,0.6280097961425781
test_0024340,noisy,impulsive,-1.4509569043534727,12.827758073806763,13.124938249588013,-0.29718017578125
test_0024341,noisy,impulsive,1.288939205516286,7.314078330993652,6.304209232330322,1.00986909866333
test_0024342,noisy,nonstationary,5.024280461228061,7.043918609619141,2.655233383178711,4.38868522644043
test_0024343,clean,nonstationary,95.7406894443593,0.0,-0.000255584716796875,0.000255584716796875
test_0024344,clean,impulsive,95.6275608864796,-0.00608062744140625,-0.00287628173828125,-0.003204345703125
test_0024346,noisy,nonstationary,7.4083259757472995,8.667495727539062,8.17579460144043,0.4917011260986328
test_0024347,noisy,stationary,6.429419417411868,6.2666168212890625,0.4535636901855469,5.813053131103516
test_0024348,near_clean,ambient,20.48560125869566,16.63235855102539,14.10104751586914,2.53131103515625
test_0024349,noisy,stationary,6.053568431593215,3.6309919357299805,3.1561203002929688,0.4748716354370117
test_0024350,noisy,impulsive,8.100034780175069,9.035002708435059,7.957465171813965,1.0775375366210938
test_0024351,clean,ambient,74.22911931754174,-0.08108139038085938,-0.5407676696777344,0.459686279296875
test_0024352,near_clean,impulsive,35.28521684189305,0.6110420227050781,0.10780715942382812,0.50323486328125
test_0024354,noisy,impulsive,15.94849258717426,6.022512435913086,6.3928070068359375,-0.37029457092285156
test_0024355,noisy,impulsive,1.0836688085712285,4.9601205587387085,4.353019595146179,0.6071009635925293
test_0024357,clean,stationary,80.42297764702357,-0.06231689453125,-0.05417633056640625,-0.00814056396484375
test_0024358,noisy,stationary,-1.7938160951329771,6.17702841758728,3.5748367309570312,2.602191686630249
test_0024359,noisy,impulsive,7.610853681597687,8.817255020141602,7.718715667724609,1.0985393524169922
test_0024361,near_clean,nonstationary,31.261540386423366,0.027757644653320312,0.0020046234130859375,0.025753021240234375
test_0024362,noisy,ambient,9.19797534683968,9.762107849121094,0.02003955841064453,9.74206829071045
test_0024363,near_clean,impulsive,29.547062112988588,3.0105209350585938,2.6363391876220703,0.37418174743652344
test_0024364,noisy,impulsive,3.917889662309691,5.416082382202148,5.459519386291504,-0.04343700408935547
test_0024365,noisy,stationary,4.353444633204405,5.085078716278076,4.305380821228027,0.7796978950500488
test_0024366,near_clean,ambient,22.322174701377328,0.17860794067382812,-0.026763916015625,0.20537185668945312
test_0024367,clean,stationary,76.68017535185106,-0.016571044921875,-0.00862884521484375,-0.00794219970703125
test_0024368,clean,nonstationary,87.3238362712357,0.04598236083984375,0.009326934814453125,0.036655426025390625
test_0024369,clean,nonstationary,86.73015570183034,-0.001583099365234375,-0.034152984619140625,0.03256988525390625
test_0024370,near_clean,impulsive,33.054286932149076,0.8574180603027344,0.07978439331054688,0.7776336669921875
test_0024371,clean,stationary,92.21384380319053,-0.002269744873046875,0.0045833587646484375,-0.0068531036376953125
test_0024372,noisy,nonstationary,-1.6620255181600672,9.760319232940674,9.135302066802979,0.6250171661376953
test_0024373,noisy,impulsive,18.608655202535076,5.237775802612305,2.6777095794677734,2.5600662231445312
test_0024374,noisy,ambient,12.33921701265519,6.406818389892578,4.406867980957031,1.9999504089355469
test_0024375,noisy,impulsive,3.2240336162749066,6.684477806091309,5.813235282897949,0.8712425231933594
test_0024376,clean,nonstationary,87.85007857314736,-0.0016326904296875,-9.497684478759766,9.496051788330078
test_0024378,near_clean,stationary,37.772874735316925,0.2669219970703125,0.023834228515625,0.2430877685546875
test_0024379,noisy,impulsive,5.785635202815813,0.025522232055664062,-3.326793670654297,3.352315902709961
test_0024380,noisy,ambient,-2.5444525902951054,10.520949482917786,10.032608151435852,0.4883413314819336
test_0024381,near_clean,ambient,29.868290527010345,0.8926448822021484,0.033512115478515625,0.8591327667236328
test_0024382,near_clean,ambient,28.79088293502484,0.00128173828125,0.00699615478515625,-0.00571441650390625
test_0024383,near_clean,ambient,30.666982151946655,2.359394073486328,0.6806564331054688,1.6787376403808594
test_0024384,noisy,nonstationary,0.026664645166236428,8.091774940490723,4.102105140686035,3.9896697998046875
test_0024387,noisy,stationary,14.458863072351118,4.052373886108398,3.553243637084961,0.4991302490234375
test_0024389,noisy,ambient,11.645848535523198,3.0408267974853516,-0.20526123046875,3.2460880279541016
test_0024390,noisy,impulsive,16.9848270916021,2.1291704177856445,1.8450136184692383,0.28415679931640625
test_0024391,noisy,stationary,13.413733598255233,3.037043571472168,2.469914436340332,0.5671291351318359
test_0024394,near_clean,nonstationary,34.304555917506356,-0.0020532608032226562,0.0006256103515625,-0.0026788711547851562
test_0024395,near_clean,nonstationary,24.046945426367028,3.3885650634765625,0.8046607971191406,2.583904266357422
test_0024396,noisy,nonstationary,2.2118216882428126,8.203221499919891,6.1932660937309265,2.009955406188965
test_0024397,noisy,impulsive,9.942220103901663,8.651935577392578,6.419307708740234,2.2326278686523438
test_0024398,noisy,impulsive,10.350313606975233,3.4979848861694336,2.7628087997436523,0.7351760864257812
test_0024399,clean,impulsive,73.48661785720502,-0.001018524169921875,-0.00640869140625,0.005390167236328125
test_0024400,clean,ambient,77.04094762543389,-0.30105113983154297,-0.48802661895751953,0.18697547912597656
test_0024401,near_clean,impulsive,25.748190152254544,1.0922183990478516,0.3040275573730469,0.7881908416748047
test_0024402,clean,impulsive,72.01106627932995,-0.013153076171875,-0.0482940673828125,0.0351409912109375
test_0024403,near_clean,nonstationary,31.849380037820247,0.5784053802490234,0.2850151062011719,0.29339027404785156
test_0024404,near_clean,nonstationary,24.60055885512719,2.410930633544922,1.47674560546875,0.9341850280761719
test_0024405,noisy,impulsive,-4.774637759746806,3.8325088024139404,3.5804402828216553,0.25206851959228516
test_0024406,noisy,stationary,1.5525040914484622,4.972663879394531,4.046093940734863,0.926569938659668
test_0024407,near_clean,ambient,34.55052073453734,3.0938072204589844,1.5002784729003906,1.5935287475585938
test_0024408,noisy,ambient,7.43275737439813,5.927812576293945,4.6553192138671875,1.2724933624267578
test_0024409,near_clean,ambient,27.83685028305476,0.8539714813232422,-0.046115875244140625,0.9000873565673828
test_0024410,clean,impulsive,95.29957086036971,-0.06937026977539062,-1.79827880859375,1.7289085388183594
test_0024411,noisy,stationary,13.53863434485216,1.9876537322998047,1.034663200378418,0.9529905319213867
test_0024412,noisy,ambient,2.645790469850766,8.73316740989685,5.888695478439331,2.8444719314575195
test_0024413,noisy,stationary,16.58933938568675,0.49926185607910156,0.3958272933959961,0.10343456268310547
test_0024414,noisy,ambient,-2.978879538078499,8.753524214029312,2.844994693994522,5.90852952003479
test_0024415,noisy,nonstationary,14.593581214893149,3.6288394927978516,3.4717140197753906,0.15712547302246094
test_0024416,near_clean,ambient,29.48883072495399,-0.0027170181274414062,-0.000377655029296875,-0.0023393630981445312
test_0024417,clean,ambient,72.79984922660417,-0.1227264404296875,-0.14719772338867188,0.024471282958984375
test_0024418,noisy,nonstationary,7.913477042721579,3.29591703414917,2.6533141136169434,0.6426029205322266
test_0024419,noisy,impulsive,6.8113898655649905,7.154773712158203,6.3952741622924805,0.7594995498657227
test_0024420,noisy,ambient,2.580951980955369,10.943253755569458,8.329282999038696,2.6139707565307617
test_0024421,noisy,nonstationary,19.97620674074929,0.014799118041992188,1.4905624389648438,-1.4757633209228516
test_0024422,near_clean,ambient,36.23804406128451,0.0098724365234375,-0.0026264190673828125,0.012498855590820312
test_0024423,noisy,ambient,8.057943797181984,2.4583749771118164,1.6761045455932617,0.7822704315185547
test_0024424,clean,ambient,86.41204531012522,-0.00757598876953125,-3.210094451904297,3.2025184631347656
test_0024425,near_clean,nonstationary,28.370299113401227,0.030622482299804688,0.00042057037353515625,0.03020191192626953
test_0024426,noisy,stationary,-1.5662727676798103,5.589306592941284,5.066816329956055,0.5224902629852295
test_0024427,near_clean,nonstationary,30.328539967269133,-0.18511581420898438,-0.0559234619140625,-0.12919235229492188
test_0024428,noisy,stationary,11.40819950037663,1.2218856811523438,0.2367095947265625,0.9851760864257812
test_0024429,near_clean,impulsive,37.92727651249379,-0.1161651611328125,0.0003814697265625,-0.116546630859375
test_0024430,near_clean,ambient,28.250624978906224,0.27124595642089844,-0.035839080810546875,0.3070850372314453
test_0024431,noisy,ambient,5.207894815168474,6.733368873596191,5.954079627990723,0.7792892456054688
test_0024432,near_clean,ambient,35.59112544603789,0.926544189453125,0.05721282958984375,0.8693313598632812
test_0024433,clean,impulsive,77.94470913448764,0.00653076171875,-2.1234054565429688,2.1299362182617188
test_0024434,clean,impulsive,95.61483825657136,0.0013885498046875,0.00096893310546875,0.00041961669921875
test_0024435,noisy,stationary,1.1896114696731983,3.783257871866226,3.414039760828018,0.369218111038208
test_0024436,clean,nonstationary,76.31243473998975,0.003326416015625,-0.24375152587890625,0.24707794189453125
test_0024437,noisy,stationary,14.38753519842667,0.0455780029296875,0.0060901641845703125,0.03948783874511719
test_0024438,noisy,ambient,15.29375449879459,5.144217491149902,3.5138635635375977,1.6303539276123047
test_0024439,noisy,nonstationary,17.582708821440374,5.645519256591797,3.513120651245117,2.1323986053466797
test_0024440,noisy,ambient,-3.1046133093233825,1.6102581024169922,1.0398750305175781,0.5703830718994141
test_0024441,clean,impulsive,90.43210560302211,3.24249267578125e-05,-0.000316619873046875,0.0003490447998046875
test_0024442,noisy,ambient,0.10989749845487769,4.8744359984993935,4.547155000269413,0.32728099822998047
test_0024443,noisy,nonstationary,1.4167978475183605,8.019846200942993,4.958844900131226,3.0610013008117676
test_0024444,noisy,stationary,-2.8056389282450604,7.3406431674957275,5.829481840133667,1.5111613273620605
test_0024445,clean,impulsive,82.77874315318682,-0.0092620849609375,-0.6787300109863281,0.6694679260253906
test_0024446,noisy,stationary,5.442632659694661,7.480672836303711,6.669488906860352,0.8111839294433594
test_0024447,noisy,ambient,18.68352334978728,4.636543273925781,2.9425487518310547,1.6939945220947266
test_0024448,clean,impulsive,87.30036949020332,0.0008525848388671875,-0.0002460479736328125,0.0010986328125
test_0024449,near_clean,stationary,30.049660293738153,0.7128028869628906,-0.3412437438964844,1.054046630859375
test_0024450,noisy,impulsive,3.8572758249225942,7.0755698680877686,6.629430532455444,0.4461393356323242
test_0024451,noisy,ambient,2.9861346717104738,4.083492279052734,2.2485427856445312,1.8349494934082031
test_0024452,noisy,nonstationary,17.60998599885473,0.11957931518554688,0.03408622741699219,0.08549308776855469
test_0024453,noisy,impulsive,13.33165963488236,3.163846969604492,1.0237083435058594,2.140138626098633
test_0024454,clean,impulsive,80.99113171179972,-2.384908676147461,-0.0012912750244140625,-2.383617401123047
test_0024455,noisy,nonstationary,11.126597729962619,5.5407257080078125,4.592489242553711,0.9482364654541016
test_0024456,near_clean,stationary,35.21338900335888,0.9592132568359375,0.017177581787109375,0.9420356750488281
test_0024457,near_clean,stationary,20.750937534148978,2.2985076904296875,-0.1694774627685547,2.467985153198242
test_0024458,noisy,impulsive,17.814649363985204,2.3156509399414062,1.5428829193115234,0.7727680206298828
test_0024459,noisy,stationary,4.649503495034917,7.062773704528809,6.489955902099609,0.5728178024291992
test_0024460,noisy,ambient,2.5762488472711143,8.630378484725952,6.919489622116089,1.7108888626098633
test_0024461,noisy,stationary,-2.346649830609329,5.577674150466919,3.6027979850769043,1.9748761653900146
test_0024462,noisy,impulsive,3.8524661781626786,7.6326597929000854,4.325949549674988,3.3067102432250977
test_0024463,noisy,stationary,10.473528769203211,3.8663225173950195,2.3904428482055664,1.4758796691894531
test_0024464,near_clean,stationary,35.974708676802535,0.3688507080078125,0.0309906005859375,0.337860107421875
test_0024465,noisy,impulsive,-3.065920661489787,12.443907380104065,5.195522665977478,7.248384714126587
test_0024467,noisy,nonstationary,1.7151649761761005,3.359501838684082,2.290646553039551,1.0688552856445312
test_0024468,clean,stationary,96.1601229827963,-0.0001068115234375,-0.0027980804443359375,0.0026912689208984375
test_0024469,noisy,ambient,-2.0851219848180844,8.284160614013672,0.0014972686767578125,8.282663345336914
test_0024470,near_clean,nonstationary,20.10036913992209,0.3602275848388672,0.07141399383544922,0.28881359100341797
test_0024471,noisy,impulsive,11.57194093406861,-1.518453598022461,2.3056421279907227,-3.8240957260131836
test_0024472,noisy,ambient,2.6953297447955507,5.976250410079956,4.137821435928345,1.8384289741516113
test_0024473,noisy,impulsive,6.055174400971929,3.9675493240356445,0.7252793312072754,3.242269992828369
test_0024474,noisy,nonstationary,0.30615837437182114,3.403529167175293,1.6029634475708008,1.8005657196044922
test_0024475,clean,stationary,88.88642438690054,-9.822845458984375e-05,0.0003910064697265625,-0.0004892349243164062
test_0024476,clean,nonstationary,73.98211719293384,-0.9141845703125,-2.4118194580078125,1.4976348876953125
test_0024477,noisy,stationary,11.598149656315424,1.3820514678955078,1.034174919128418,0.34787654876708984
test_0024478,clean,ambient,92.1198965031683,0.008457183837890625,0.011867523193359375,-0.00341033935546875
test_0024479,noisy,impulsive,14.930844762944375,3.771575927734375,0.005620002746582031,3.765955924987793
test_0024480,noisy,impulsive,6.681243301292568,3.1666946411132812,2.278484344482422,0.8882102966308594
test_0024481,noisy,nonstationary,2.6915665288494948,11.080432653427124,8.831915616989136,2.2485170364379883
test_0024482,clean,ambient,80.36556185193703,0.0007610321044921875,-0.0002918243408203125,0.0010528564453125
test_0024483,noisy,ambient,14.235450500015043,4.61845588684082,2.3471155166625977,2.2713403701782227
test_0024484,near_clean,nonstationary,25.86217881618805,1.8598155975341797,0.5714912414550781,1.2883243560791016
test_0024485,clean,stationary,100.26688097934382,-0.09644699096679688,0.000118255615234375,-0.09656524658203125
test_0024486,noisy,impulsive,12.165182055109137,9.486065864562988,12.022049903869629,-2.5359840393066406
test_0024487,clean,nonstationary,80.65752611768183,-0.00039005279541015625,-0.05872058868408203,0.058330535888671875
test_0024488,noisy,ambient,3.2862098413127354,7.851604223251343,2.857879877090454,4.993724346160889
test_0024490,noisy,stationary,-0.9544349155094953,6.958686590194702,5.86179518699646,1.0968914031982422
test_0024491,noisy,stationary,0.6518537358240767,4.531261444091797,2.1835155487060547,2.347745895385742
test_0024492,near_clean,impulsive,24.415473057839353,0.2452716827392578,0.05066108703613281,0.194610595703125
test_0024493,noisy,ambient,9.371376729957085,4.124693870544434,1.1488151550292969,2.9758787155151367
test_0024494,noisy,impulsive,9.031473818560565,-0.010744094848632812,0.024213790893554688,-0.0349578857421875
test_0024496,noisy,nonstationary,0.5638861474354716,4.080321669578552,1.183453917503357,2.8968677520751953
test_0024497,noisy,ambient,18.898296469043828,6.823047637939453,0.61279296875,6.210254669189453
test_0024498,noisy,ambient,3.680776675359563,5.70900821685791,1.7532405853271484,3.9557676315307617
test_0024499,near_clean,stationary,30.281857319443688,0.5760040283203125,-0.016216278076171875,0.5922203063964844
test_0024500,near_clean,ambient,21.748209794884218,1.3663063049316406,1.0349578857421875,0.3313484191894531
test_0024501,noisy,nonstationary,19.020644850687766,0.31093788146972656,-0.45101070404052734,0.7619485855102539
test_0024502,noisy,stationary,3.8785933180375185,8.03804075717926,1.399919867515564,6.638120889663696
test_0024503,noisy,ambient,10.469540460471665,5.228872299194336,3.8535594940185547,1.3753128051757812
test_0024504,noisy,nonstationary,-0.0269337867131649,1.64410400390625,1.6698150634765625,-0.0257110595703125
test_0024505,near_clean,stationary,31.712479283090133,0.0001506805419921875,0.003223419189453125,-0.0030727386474609375
test_0024506,noisy,impulsive,11.299029492345502,1.3425540924072266,1.3103857040405273,0.03216838836669922
test_0024507,noisy,nonstationary,-4.241541754963005,13.772234439849854,12.74873685836792,1.0234975814819336
test_0024508,noisy,nonstationary,6.3713462178192835,5.179368019104004,3.9373903274536133,1.2419776916503906
test_0024509,near_clean,ambient,21.587783611799402,1.8257579803466797,1.2174854278564453,0.6082725524902344
test_0024510,noisy,nonstationary,18.160084907161185,2.2759151458740234,0.9653167724609375,1.310598373413086
test_0024511,noisy,impulsive,-0.42908595817657935,7.199245721101761,1.5685854256153107,5.63066029548645
test_0024512,clean,stationary,89.17105930434347,-0.0295867919921875,-0.01882171630859375,-0.01076507568359375
test_0024513,noisy,impulsive,18.4552521410658,0.1790933609008789,0.060944557189941406,0.1181488037109375
test_0024514,noisy,stationary,1.7212069830347692,3.5337376594543457,2.720095157623291,0.8136425018310547
test_0024515,noisy,stationary,-0.964737152131262,3.6762475967407227,2.6493873596191406,1.026860237121582
test_0024516,noisy,stationary,12.670366725874956,4.348126411437988,1.3570852279663086,2.9910411834716797
test_0024517,noisy,stationary,5.390230307463499,6.600809097290039,6.0413408279418945,0.5594682693481445
test_0024518,noisy,stationary,14.836954883744898,0.4541807174682617,0.4689817428588867,-0.014801025390625
test_0024519,noisy,stationary,-2.652400940050081,7.684647083282471,4.314626216888428,3.370020866394043
test_0024521,noisy,nonstationary,0.7274328939491423,4.709397554397583,4.262402296066284,0.44699525833129883
test_0024522,noisy,stationary,4.9897728925648,9.180171966552734,8.376667022705078,0.8035049438476562
test_0024523,noisy,impulsive,17.92661728393714,1.8078060150146484,0.10567474365234375,1.7021312713623047
test_0024524,noisy,nonstationary,19.917576337227118,3.6324081420898438,3.114839553833008,0.5175685882568359
test_0024526,noisy,stationary,12.391026717837889,2.9848861694335938,2.6734485626220703,0.31143760681152344
test_0024527,clean,impulsive,72.51568380346825,-0.000301361083984375,-0.00020599365234375,-9.5367431640625e-05
test_0024528,noisy,ambient,14.808953237174007,3.8356752395629883,-1.2279386520385742,5.0636138916015625
test_0024529,clean,nonstationary,86.89887085632002,-0.00455474853515625,-0.00209808349609375,-0.0024566650390625
test_0024530,near_clean,impulsive,28.362831581133506,0.16543960571289062,0.003398895263671875,0.16204071044921875
test_0024531,clean,nonstationary,97.99752463862212,0.000240325927734375,0.0005893707275390625,-0.0003490447998046875
test_0024532,noisy,impulsive,3.91947027415201,5.0453386306762695,2.8180694580078125,2.227269172668457
test_0024533,near_clean,nonstationary,29.22147317911466,-0.0075397491455078125,0.007847785949707031,-0.015387535095214844
test_0024534,noisy,nonstationary,-2.784147974684081,12.093497514724731,11.71182656288147,0.3816709518432617
test_0024535,noisy,ambient,3.0571782709054203,8.953950881958008,5.106142044067383,3.847808837890625
test_0024536,noisy,stationary,1.778202778231366,5.802644968032837,3.52223801612854,2.280406951904297
test_0024537,near_clean,nonstationary,33.26469933916651,0.1452178955078125,-3.5272445678710938,3.6724624633789062
test_0024538,near_clean,stationary,25.62919992235509,2.5626869201660156,1.822824478149414,0.7398624420166016
test_0024539,noisy,stationary,7.537542526073664,3.486104965209961,3.1241750717163086,0.36192989349365234
test_0024540,noisy,ambient,10.711061689899275,7.608295440673828,0.5533857345581055,7.054909706115723
test_0024541,noisy,nonstationary,4.379289461407368,12.231378555297852,9.45610237121582,2.7752761840820312
test_0024542,clean,stationary,89.15448349417483,-0.06719589233398438,-2.8031768798828125,2.735980987548828
test_0024543,noisy,stationary,-3.1433056399958517,7.975131154060364,7.599597096443176,0.3755340576171875
test_0024544,noisy,nonstationary,0.8228915835948827,6.174511075019836,6.498417496681213,-0.32390642166137695
test_0024545,noisy,stationary,8.150758442147039,3.208372116088867,3.324033737182617,-0.11566162109375
test_0024546,noisy,nonstationary,11.757211042867544,4.337215423583984,3.4431610107421875,0.8940544128417969
test_0024547,noisy,stationary,15.111448893343809,3.076150894165039,1.8290824890136719,1.2470684051513672
test_0024548,noisy,ambient,19.685055930043987,4.763147354125977,1.7215404510498047,3.041606903076172
test_0024549,noisy,ambient,9.81948765381391,11.499116897583008,3.415699005126953,8.083417892456055
test_0024550,clean,nonstationary,95.13855829956736,-0.00563812255859375,-2.6702880859375e-05,-0.005611419677734375
test_0024551,noisy,impulsive,-2.822426292503893,1.352216124534607,3.38569213449955,-2.033476009964943
test_0024552,noisy,impulsive,-2.4237167856062176,7.062422752380371,6.710031986236572,0.35239076614379883
test_0024553,noisy,nonstationary,2.1554639750691345,3.5252997875213623,3.0131781101226807,0.5121216773986816
test_0024554,noisy,impulsive,13.998953343487685,3.4750471115112305,1.234893798828125,2.2401533126831055
test_0024555,clean,ambient,73.03748220563969,0.0006771087646484375,-0.00617218017578125,0.0068492889404296875
test_0024556,noisy,impulsive,4.825535638673975,2.0552377700805664,1.7013330459594727,0.35390472412109375
test_0024557,noisy,nonstationary,12.878130168709372,2.5703134536743164,1.4256057739257812,1.1447076797485352
test_0024558,noisy,ambient,5.238916288177128,4.875234127044678,0.8857474327087402,3.9894866943359375
test_0024559,clean,impulsive,75.53413921864461,-21.73126220703125,-35.32794380187988,13.596681594848633
test_0024560,noisy,nonstationary,14.743574977209569,3.2349891662597656,2.374530792236328,0.8604583740234375
test_0024561,near_clean,nonstationary,21.44223570976201,4.258577346801758,2.5487728118896484,1.7098045349121094
test_0024562,noisy,ambient,2.216345691541256,14.053959131240845,0.01097869873046875,14.042980432510376
test_0024563,noisy,ambient,12.660973815004619,5.614668846130371,1.3519229888916016,4.2627458572387695
test_0024564,noisy,ambient,2.5840318095682893,12.56310486793518,6.398552179336548,6.164552688598633
test_0024565,clean,impulsive,76.59842846637399,0.0005035400390625,0.0001373291015625,0.0003662109375
test_0024566,near_clean,impulsive,39.05312536679627,-0.012251853942871094,0.0010671615600585938,-0.013319015502929688
test_0024567,noisy,impulsive,6.521193134171774,6.167690277099609,3.1606855392456055,3.007004737854004
test_0024568,near_clean,ambient,29.264902534653597,0.060882568359375,-0.0023593902587890625,0.06324195861816406
test_0024569,noisy,stationary,15.854749452576373,0.7958335876464844,0.7223978042602539,0.07343578338623047
test_0024570,noisy,impulsive,11.560803911994508,4.90080451965332,3.2241134643554688,1.6766910552978516
test_0024571,noisy,stationary,9.561772736278877,3.9717893600463867,2.703742027282715,1.2680473327636719
test_0024572,noisy,impulsive,-3.587664259256745,7.64879846572876,0.8517093658447266,6.797089099884033
test_0024573,noisy,impulsive,-3.3317694999964607,14.678595542907715,9.892868995666504,4.785726547241211
test_0024574,near_clean,nonstationary,34.70734578973486,0.17596817016601562,0.007587432861328125,0.1683807373046875
test_0024575,clean,ambient,92.26204964662406,0.00026702880859375,-0.655487060546875,0.6557540893554688
test_0024576,noisy,stationary,-0.9618601828992401,10.978983879089355,10.472113609313965,0.5068702697753906
test_0024577,noisy,impulsive,0.960987341868098,7.838240027427673,6.289391398429871,1.5488486289978027
test_0024578,near_clean,impulsive,32.22457151501853,-0.33345603942871094,-0.1349334716796875,-0.19852256774902344
test_0024579,noisy,impulsive,18.067839017771128,5.872987747192383,3.0286293029785156,2.844358444213867
test_0024580,noisy,stationary,18.999815214141,4.792051315307617,0.8143672943115234,3.9776840209960938
test_0024581,noisy,nonstationary,9.423099326588826,9.38547134399414,6.797935485839844,2.587535858154297
test_0024582,near_clean,impulsive,34.32885837322612,0.06739616394042969,-0.0052814483642578125,0.0726776123046875
test_0024583,clean,nonstationary,99.78140801220285,-0.005179405212402344,0.0003795623779296875,-0.005558967590332031
test_0024584,near_clean,impulsive,25.154282444228407,2.3698806762695312,0.18231582641601562,2.1875648498535156
test_0024585,noisy,stationary,-4.733954065773284,10.85767126083374,7.093327760696411,3.764343500137329
test_0024586,noisy,nonstationary,8.876170290544819,2.4960498809814453,1.2773609161376953,1.21868896484375
test_0024587,clean,ambient,78.22528777020806,-0.00506591796875,-0.037136077880859375,0.032070159912109375
test_0024588,noisy,ambient,10.065943790572918,0.4151163101196289,1.8716096878051758,-1.4564933776855469
test_0024589,noisy,ambient,9.049915317921414,2.996615409851074,1.840278148651123,1.1563372611999512
test_0024590,noisy,ambient,-2.5644339842153725,6.942210674285889,5.718132734298706,1.2240779399871826
test_0024591,noisy,nonstationary,4.497948548898228,2.3717551231384277,0.23291635513305664,2.138838768005371
test_0024592,noisy,nonstationary,13.483841302575765,0.3182392120361328,1.9507884979248047,-1.6325492858886719
test_0024593,clean,ambient,82.30634339024127,0.0023345947265625,0.04602813720703125,-0.04369354248046875
test_0024594,near_clean,nonstationary,21.565783331786005,2.436899185180664,0.982208251953125,1.454690933227539
test_0024595,clean,ambient,72.09208062123506,-0.17992401123046875,-0.11701202392578125,-0.0629119873046875
test_0024596,near_clean,ambient,22.361365138044857,0.87652587890625,0.00433349609375,0.8721923828125
test_0024597,near_clean,impulsive,21.036701183507084,0.005410194396972656,0.000457763671875,0.004952430725097656
test_0024598,clean,ambient,97.96137659484081,-0.0006647109985351562,-0.5334157943725586,0.5327510833740234
test_0024599,noisy,stationary,0.510570027162407,8.285380363464355,6.533510208129883,1.7518701553344727
test_0024600,noisy,stationary,8.016330293820685,6.704777717590332,4.578082084655762,2.1266956329345703
test_0024601,noisy,ambient,11.352931809229897,4.862920761108398,4.638208389282227,0.22471237182617188
test_0024602,near_clean,stationary,36.299180271882975,0.6322708129882812,-0.4044990539550781,1.0367698669433594
test_0024603,noisy,nonstationary,16.38523925069493,2.72802734375,2.3259544372558594,0.4020729064941406
test_0024604,noisy,nonstationary,16.14444392023088,4.2989501953125,3.84979248046875,0.44915771484375
test_0024605,noisy,nonstationary,13.685992755493206,5.981170654296875,4.2126312255859375,1.7685394287109375
test_0024606,noisy,stationary,1.0805834911006187,16.854270800948143,3.3714836686849594,13.482787132263184
test_0024607,noisy,ambient,5.795068267132335,7.219891548156738,1.7337827682495117,5.486108779907227
test_0024608,near_clean,stationary,27.02843999138834,0.3199901580810547,0.000278472900390625,0.31971168518066406
test_0024609,noisy,impulsive,5.6300246107789835,10.38486099243164,8.474340438842773,1.9105205535888672
test_0024610,noisy,nonstationary,1.009481722979678,11.329817026853561,11.047151774168015,0.2826652526855469
test_0024611,noisy,ambient,7.090477149161254,2.3418688774108887,1.952578067779541,0.38929080963134766
test_0024612,noisy,stationary,10.488651330931408,4.431830406188965,3.674941062927246,0.7568893432617188
test_0024613,noisy,nonstationary,12.390341866669344,5.419757843017578,4.931577682495117,0.48818016052246094
test_0024614,noisy,nonstationary,10.109018747950396,3.459591865539551,2.3805599212646484,1.0790319442749023
test_0024615,noisy,nonstationary,11.13881356699065,2.2197461128234863,1.595139980316162,0.6246061325073242
test_0024616,noisy,impulsive,17.104031971632917,1.928359031677246,1.2955865859985352,0.6327724456787109
test_0024617,noisy,nonstationary,10.607418627874065,3.5988502502441406,-3.5376129150390625,7.136463165283203
test_0024618,noisy,nonstationary,-4.719708634025226,7.2897422313690186,6.645731687545776,0.6440105438232422
test_0024619,near_clean,nonstationary,37.335063984287274,0.00616455078125,-0.3796234130859375,0.3857879638671875
test_0024620,clean,stationary,82.64045781825513,-0.001537322998046875,-0.021160125732421875,0.019622802734375
test_0024622,noisy,ambient,3.3127743378651413,5.164870023727417,4.6237547397613525,0.5411152839660645
test_0024623,near_clean,impulsive,24.84596727760753,2.5581321716308594,0.41774749755859375,2.1403846740722656
test_0024625,noisy,stationary,-3.078291904184235,4.0548295974731445,3.5908926725387573,0.4639369249343872
test_0024626,clean,ambient,77.76558426655663,-0.031566619873046875,-0.11371231079101562,0.08214569091796875
test_0024627,clean,impulsive,97.69019692730622,-0.0018815994262695312,-0.015521049499511719,0.013639450073242188
test_0024628,near_clean,impulsive,39.12845793456433,0.01506805419921875,-3.994140625,4.009208679199219
test_0024629,noisy,nonstationary,-2.8984914891300306,9.223074197769165,6.829777240753174,2.393296957015991
test_0024630,noisy,ambient,11.134934471232665,6.381311416625977,3.327505111694336,3.0538063049316406
test_0024633,noisy,impulsive,-2.3148718491631284,4.715098857879639,3.3747488260269165,1.3403500318527222
test_0024634,noisy,stationary,9.377415878913238,5.831970691680908,2.155205249786377,3.6767654418945312
test_0024635,noisy,stationary,2.383943344904456,8.838332176208496,7.261192321777344,1.5771398544311523
test_0024636,noisy,nonstationary,-1.928555794936336,0.05184745788574219,1.1725730895996094,-1.1207256317138672
test_0024637,noisy,ambient,2.8839522208666866,8.90379810333252,6.030587196350098,2.873210906982422
test_0024638,noisy,nonstationary,13.754615724780454,1.4370594024658203,0.9185409545898438,0.5185184478759766
test_0024639,near_clean,nonstationary,29.88480467672453,0.48258209228515625,-0.08379554748535156,0.5663776397705078
test_0024640,noisy,nonstationary,-4.931492225429434,5.300178542733192,4.534647345542908,0.7655311971902847
test_0024641,noisy,stationary,16.41252874620992,2.4874401092529297,2.4121131896972656,0.07532691955566406
test_0024642,clean,stationary,81.99729488487628,-1.5392494201660156,-0.0008344650268554688,-1.5384149551391602
test_0024643,near_clean,stationary,20.0319688847583,1.5803852081298828,0.7944049835205078,0.785980224609375
test_0024644,noisy,stationary,8.224810754154817,3.488353729248047,3.3658008575439453,0.12255287170410156
test_0024645,noisy,stationary,12.4335952031835,2.049724578857422,1.1050949096679688,0.9446296691894531
test_0024646,noisy,impulsive,17.459168101509476,2.634857177734375,0.028749465942382812,2.606107711791992
test_0024647,clean,impulsive,72.18428080817213,-0.0024871826171875,-0.11827278137207031,0.11578559875488281
test_0024648,noisy,impulsive,3.943556498895475,3.743030071258545,2.8199238777160645,0.9231061935424805
test_0024649,noisy,stationary,2.317918901577944,7.112500905990601,6.885361433029175,0.22713947296142578
test_0024650,noisy,ambient,-2.9949512210623768,3.3127880096435547,2.9992475509643555,0.3135404586791992
test_0024652,noisy,impulsive,-1.040106373418118,6.252783358097076,4.999005854129791,1.2537775039672852
test_0024653,near_clean,stationary,28.890347214850994,-0.0365447998046875,-0.011178970336914062,-0.025365829467773438
test_0024654,noisy,ambient,15.415964404075854,2.197831153869629,1.1293420791625977,1.0684890747070312
test_0024656,noisy,nonstationary,6.296052749298445,4.801115036010742,4.206474304199219,0.5946407318115234
test_0024657,clean,nonstationary,98.4709416287849,2.574920654296875e-05,0.00034332275390625,-0.00031757354736328125
test_0024658,noisy,impulsive,16.312490459219987,14.064311027526855,12.699727058410645,1.364583969116211
test_0024659,noisy,ambient,11.00575867319278,3.620603561401367,1.565770149230957,2.05483341217041
test_0024660,near_clean,ambient,27.04919549128837,-0.21487808227539062,-0.02819061279296875,-0.18668746948242188
test_0024661,noisy,stationary,1.8939643263233137,3.210771083831787,3.5540261268615723,-0.34325504302978516
test_0024662,noisy,ambient,6.9162101438003205,6.5316877365112305,5.061216354370117,1.4704713821411133
test_0024663,clean,ambient,96.71692983817722,-2.288818359375e-05,0.0002193450927734375,-0.0002422332763671875
test_0024664,near_clean,nonstationary,21.513643359734708,4.275278091430664,2.421527862548828,1.853750228881836
test_0024666,noisy,ambient,17.984664703896463,-1.59722900390625,0.14531707763671875,-1.7425460815429688
test_0024668,near_clean,ambient,31.13348651647183,0.8226757049560547,0.06865119934082031,0.7540245056152344
test_0024669,noisy,ambient,1.9523158690378584,7.512660980224609,6.775595664978027,0.737065315246582
test_0024670,clean,ambient,87.05917044447133,-0.02315521240234375,-0.07179641723632812,0.048641204833984375
test_0024671,clean,ambient,76.17519067782162,-0.0010089874267578125,-0.0006561279296875,-0.0003528594970703125
test_0024672,near_clean,stationary,22.470837739777572,0.054508209228515625,-0.08474540710449219,0.1392536163330078
test_0024673,noisy,ambient,15.059674357045909,4.274968147277832,3.412539482116699,0.8624286651611328
test_0024674,clean,impulsive,85.73242939999778,-0.0211181640625,-0.04895782470703125,0.02783966064453125
test_0024675,noisy,stationary,-3.654531236290424,8.776090621948242,7.532841920852661,1.243248701095581
test_0024676,clean,ambient,86.54470152932505,-0.00041961669921875,-0.019939422607421875,0.019519805908203125
test_0024678,noisy,nonstationary,8.621543500409354,3.6939029693603516,2.9735355377197266,0.720367431640625
test_0024679,near_clean,ambient,27.917629540452392,1.2719459533691406,1.1346511840820312,0.13729476928710938
test_0024680,clean,ambient,87.31554978649825,0.0004987716674804688,0.005642890930175781,-0.0051441192626953125
test_0024681,near_clean,nonstationary,20.928819137258298,0.020183563232421875,0.001087188720703125,0.01909637451171875
test_0024682,noisy,stationary,-4.250026049745762,7.123984336853027,6.6538405418396,0.47014379501342773
test_0024683,noisy,impulsive,1.3347913182051976,5.688755989074707,5.087307929992676,0.6014480590820312
test_0024684,clean,nonstationary,78.41676014012029,-0.0013446807861328125,-0.00035762786865234375,-0.0009870529174804688
test_0024685,near_clean,ambient,30.639510369955183,-1.60711669921875,0.8571357727050781,-2.464252471923828
test_0024686,noisy,impulsive,10.619280734384871,5.060052871704102,3.63671875,1.4233341217041016
test_0024687,noisy,ambient,9.164019203003669,5.057879447937012,0.8509283065795898,4.206951141357422
test_0024688,clean,impulsive,96.50661404478855,-0.00698089599609375,0.0069122314453125,-0.01389312744140625
test_0024689,near_clean,ambient,21.915260776525656,4.088966369628906,0.7446784973144531,3.344287872314453
test_0024690,noisy,ambient,-2.0704126357322794,5.5059027671813965,1.9005545377731323,3.605348229408264
test_0024691,noisy,ambient,0.416630893118348,8.032502606511116,6.55816026031971,1.4743423461914062
test_0024692,noisy,nonstationary,-3.879242023983923,6.748126029968262,0.299879789352417,6.448246240615845
test_0024693,near_clean,stationary,25.92103615593135,0.5575485229492188,-1.69891357421875,2.2564620971679688
test_0024694,near_clean,stationary,32.273641754729525,0.9238033294677734,0.5460796356201172,0.37772369384765625
test_0024696,noisy,stationary,10.449875635716028,3.7091732025146484,3.3539772033691406,0.3551959991455078
test_0024697,noisy,ambient,-4.444154560628105,7.069248557090759,6.370643138885498,0.6986054182052612
test_0024698,near_clean,impulsive,36.196305959788376,1.0726089477539062,0.07509231567382812,0.9975166320800781
test_0024699,noisy,nonstationary,8.315988678814705,2.0480117797851562,1.7179522514343262,0.3300595283508301
test_0024700,noisy,nonstationary,9.543274009811833,8.418861389160156,6.1112518310546875,2.3076095581054688
test_0024701,noisy,ambient,-2.9548360595006207,8.834918022155762,6.4524986743927,2.3824193477630615
test_0024702,near_clean,impulsive,36.70950487465275,0.5083847045898438,0.00479888916015625,0.5035858154296875
test_0024703,clean,ambient,89.39269622346423,0.006618499755859375,-0.4408378601074219,0.44745635986328125
test_0024704,near_clean,ambient,35.65299255513236,0.008174896240234375,0.0062618255615234375,0.0019130706787109375
test_0024705,noisy,impulsive,3.2529670838544837,8.433821201324463,3.3199052810668945,5.113915920257568
test_0024707,near_clean,stationary,33.36741246847787,0.0058383941650390625,-0.003261566162109375,0.009099960327148438
test_0024708,near_clean,nonstationary,26.79843329438492,0.042415618896484375,0.011516571044921875,0.0308990478515625
test_0024709,noisy,ambient,-0.5071505574384929,8.615306854248047,8.343950271606445,0.27135658264160156
test_0024710,noisy,nonstationary,4.2083813148061235,5.671440124511719,5.324553489685059,0.34688663482666016
test_0024711,noisy,stationary,5.03631697151455,2.603555679321289,1.203054428100586,1.4005012512207031
test_0024712,noisy,stationary,0.1611230408606789,5.625270783901215,5.215114533901215,0.41015625
test_0024713,clean,impulsive,95.40277888643936,-0.00307464599609375,-2.1593589782714844,2.1562843322753906
test_0024714,noisy,stationary,10.381082898704268,4.411346435546875,3.851398468017578,0.5599479675292969
test_0024715,noisy,stationary,14.211167686895013,1.44610595703125,1.4716815948486328,-0.025575637817382812
test_0024716,noisy,impulsive,2.8681070893018843,10.063201427459717,10.530345439910889,-0.4671440124511719
test_0024717,noisy,nonstationary,5.84430217306525,6.709863662719727,2.6717443466186523,4.038119316101074
test_0024718,clean,ambient,74.17218664833514,-0.16275405883789062,-16.20084571838379,16.0380916595459
test_0024719,noisy,nonstationary,9.717527617777403,9.017173767089844,7.825286865234375,1.1918869018554688
test_0024720,noisy,ambient,13.387254954781746,2.2921276092529297,1.3743133544921875,0.9178142547607422
test_0024722,noisy,impulsive,14.960413734852365,5.042390823364258,4.343223571777344,0.6991672515869141
test_0024723,noisy,ambient,5.727852039190245,12.224335670471191,5.592658042907715,6.631677627563477
test_0024724,noisy,impulsive,14.194206668906464,9.10727596282959,8.796870231628418,0.3104057312011719
test_0024725,noisy,stationary,5.958959687601118,1.2192401885986328,0.016431808471679688,1.2028083801269531
test_0024726,noisy,nonstationary,-2.8342424557604584,11.36908483505249,5.686746776103973,5.682338058948517
test_0024727,noisy,impulsive,14.404862635491034,4.187984466552734,3.4391136169433594,0.748870849609375
test_0024728,clean,impulsive,87.5544074625956,-0.006420135498046875,-0.06420135498046875,0.057781219482421875
test_0024729,noisy,ambient,5.925235095999505,3.8593997955322266,0.1164407730102539,3.7429590225219727
test_0024730,noisy,nonstationary,12.130574968715376,2.433563232421875,0.026758193969726562,2.4068050384521484
test_0024731,noisy,ambient,2.2141135185487086,3.8436044454574585,2.48418128490448,1.3594231605529785
test_0024732,noisy,nonstationary,4.678122278883409,5.008446216583252,4.403685092926025,0.6047611236572266
test_0024733,noisy,ambient,2.4357644121848567,2.4548165798187256,1.1773579120635986,1.277458667755127
test_0024734,noisy,ambient,16.549857719275746,1.976613998413086,1.4845447540283203,0.4920692443847656
test_0024735,noisy,ambient,6.2778887797305085,4.832098007202148,0.016630172729492188,4.815467834472656
test_0024736,noisy,impulsive,4.175975328541822,8.550086975097656,7.98820686340332,0.5618801116943359
test_0024738,noisy,stationary,-0.64162698807612,8.284434735774994,6.942157208919525,1.3422775268554688
test_0024739,noisy,stationary,12.118421042478024,3.9591684341430664,4.077200889587402,-0.11803245544433594
test_0024740,noisy,nonstationary,5.068459448759311,6.976773738861084,5.957784652709961,1.018989086151123
test_0024742,clean,stationary,100.79044662709933,-0.0050449371337890625,-2.1376991271972656,2.1326541900634766
test_0024743,noisy,stationary,12.12083048277128,4.398069381713867,3.139484405517578,1.258584976196289
test_0024744,clean,stationary,87.6033946443639,0.002025604248046875,-0.005077362060546875,0.00710296630859375
test_0024745,near_clean,stationary,31.46805128609359,0.5995388031005859,0.3721580505371094,0.22738075256347656
test_0024746,near_clean,nonstationary,20.67143829975504,1.3897457122802734,0.08655357360839844,1.303192138671875
test_0024747,near_clean,impulsive,31.653237724136744,0.19433021545410156,0.031131744384765625,0.16319847106933594
test_0024748,noisy,stationary,15.686782080205596,1.7007274627685547,0.9408664703369141,0.7598609924316406
test_0024749,clean,impulsive,94.52696156906526,-0.0001621246337890625,-6.866455078125e-05,-9.34600830078125e-05
test_0024750,noisy,nonstationary,12.407313847422934,6.642498016357422,4.3770294189453125,2.2654685974121094
test_0024751,noisy,nonstationary,0.5720902188498217,5.880289018154144,5.402030885219574,0.4782581329345703
test_0024752,clean,nonstationary,87.29041169631712,-0.11219406127929688,-9.972724914550781,9.860530853271484
test_0024754,noisy,ambient,3.5197762915286264,6.327059507369995,0.5455994606018066,5.7814600467681885
test_0024756,noisy,ambient,4.895258725161649,0.2326498031616211,0.25757408142089844,-0.024924278259277344
test_0024757,near_clean,stationary,23.716931499029617,2.4551849365234375,0.3439369201660156,2.111248016357422
test_0024758,clean,nonstationary,81.84119997025476,-0.0056304931640625,-0.0155029296875,0.0098724365234375
test_0024761,noisy,nonstationary,-3.416971706542413,6.8856306076049805,6.429403781890869,0.45622682571411133
test_0024762,noisy,ambient,9.273752159617503,1.8856172561645508,0.005459785461425781,1.880157470703125
test_0024763,near_clean,ambient,25.000011092617946,-8.867114067077637,-1.0085697174072266,-7.85854434967041
test_0024764,noisy,nonstationary,8.192660447672749,4.751349449157715,4.521130561828613,0.23021888732910156
test_0024765,clean,stationary,95.79271676887792,0.000873565673828125,-0.5304222106933594,0.5312957763671875
test_0024766,noisy,stationary,12.317157659127226,3.4840660095214844,2.4808712005615234,1.003194808959961
test_0024767,near_clean,impulsive,35.060885088764074,-0.0017309188842773438,0.0018091201782226562,-0.0035400390625
test_0024768,noisy,nonstationary,19.698793342595668,5.1398162841796875,3.9388561248779297,1.2009601593017578
test_0024769,noisy,nonstationary,18.53836395822269,0.9801979064941406,0.32844066619873047,0.6517572402954102
test_0024770,near_clean,impulsive,39.667693171586514,0.000438690185546875,0.0015745162963867188,-0.0011358261108398438
test_0024771,noisy,nonstationary,4.6357719307083,2.6394691467285156,2.1759543418884277,0.4635148048400879
test_0024772,noisy,stationary,-2.1455969963334494,4.1864635944366455,0.024069786071777344,4.162393808364868
test_0024773,noisy,ambient,-1.1943756261223464,10.613844633102417,4.258357107639313,6.355487525463104
test_0024774,near_clean,ambient,29.461817375242827,1.5486640930175781,0.7692184448242188,0.7794456481933594
test_0024775,near_clean,nonstationary,24.05273147666059,0.16370010375976562,0.2010955810546875,-0.037395477294921875
test_0024776,near_clean,ambient,29.676632621511835,-0.043128013610839844,-2.956390380859375e-05,-0.04309844970703125
test_0024777,noisy,ambient,15.898519257345798,0.8010363578796387,0.1892991065979004,0.6117372512817383
test_0024778,near_clean,stationary,26.260660903303297,2.7080154418945312,1.8162193298339844,0.8917961120605469
test_0024779,near_clean,nonstationary,37.743983794275366,0.05853271484375,-3.2144927978515625,3.2730255126953125
test_0024780,near_clean,impulsive,28.249906244429937,-0.5806446075439453,0.07636070251464844,-0.6570053100585938
test_0024781,noisy,impulsive,-4.9939690342735785,15.953064918518066,13.832170486450195,2.120894432067871
test_0024782,noisy,nonstationary,-0.6263276706875588,8.246600866317749,7.911752462387085,0.33484840393066406
test_0024783,near_clean,ambient,26.157420460724236,0.0001506805419921875,0.0001354217529296875,1.52587890625e-05
test_0024784,noisy,stationary,2.3952979247487387,4.343576669692993,1.7556202411651611,2.587956428527832
test_0024785,noisy,ambient,18.915619581714584,5.402793884277344,2.6887283325195312,2.7140655517578125
test_0024786,clean,nonstationary,99.62106875738881,-0.0023632049560546875,-1.33514404296875e-05,-0.002349853515625
test_0024787,noisy,stationary,4.693762510355858,6.907003879547119,6.853701114654541,0.053302764892578125
test_0024788,noisy,stationary,16.989395446721787,3.9028263092041016,3.3871288299560547,0.5156974792480469
test_0024789,near_clean,stationary,35.573939943172434,0.009309768676757812,0.0006809234619140625,0.00862884521484375
test_0024790,noisy,impulsive,11.256003418703049,3.032360076904297,1.5322093963623047,1.5001506805419922
test_0024791,noisy,impulsive,0.37447905785382685,4.440166473388672,2.2830190658569336,2.1571474075317383
test_0024792,near_clean,nonstationary,30.885430368097687,0.15894699096679688,-0.09960746765136719,0.25855445861816406
test_0024794,clean,stationary,94.08547446519637,-0.0055713653564453125,-7.43865966796875e-05,-0.005496978759765625
test_0024795,near_clean,impulsive,29.447254637932005,-0.010969161987304688,0.0002231597900390625,-0.01119232177734375
test_0024796,noisy,stationary,-2.080201255279831,3.2101590633392334,2.1290900707244873,1.081068992614746
test_0024797,noisy,impulsive,11.208716500932683,0.6828937530517578,0.39702415466308594,0.2858695983886719
test_0024798,near_clean,ambient,35.86844991759696,0.5379447937011719,0.001682281494140625,0.5362625122070312
test_0024799,noisy,ambient,-3.459675097534014,3.1463236808776855,2.118701934814453,1.0276217460632324
test_0024801,near_clean,stationary,29.057651127022798,0.23982620239257812,0.13072967529296875,0.10909652709960938
test_0024802,clean,impulsive,90.6111099855159,-0.000125885009765625,-8.0108642578125e-05,-4.57763671875e-05
test_0024803,noisy,stationary,5.827700230428963,4.271541118621826,3.268768787384033,1.002772331237793
test_0024804,noisy,impulsive,1.4742136496190863,6.5013885498046875,6.086538314819336,0.41485023498535156
test_0024805,noisy,nonstationary,-1.7216952466655375,6.718577861785889,5.682542324066162,1.0360355377197266
test_0024806,noisy,stationary,7.065752306257844,7.445257186889648,4.53678035736084,2.9084768295288086
test_0024807,clean,stationary,85.15123774511392,0.000438690185546875,-0.0024852752685546875,0.0029239654541015625
test_0024808,noisy,nonstationary,1.4440795331222782,8.332757949829102,6.0060272216796875,2.326730728149414
test_0024809,clean,stationary,93.292629059554,-0.00421905517578125,-0.04107666015625,0.03685760498046875
test_0024810,noisy,impulsive,14.779856750081077,16.277257919311523,3.205608367919922,13.071649551391602
test_0024811,noisy,ambient,3.9525906594045335,4.452302932739258,3.488950729370117,0.9633522033691406
test_0024812,near_clean,stationary,35.11124916722753,0.020671844482421875,0.015796661376953125,0.00487518310546875
test_0024813,noisy,impulsive,1.5717384093113653,6.783149480819702,4.428485631942749,2.354663848876953
test_0024814,noisy,nonstationary,-0.637100919740713,5.873371601104736,5.8292975425720215,0.044074058532714844
test_0024815,near_clean,ambient,22.93626807713322,0.7564697265625,0.0051517486572265625,0.7513179779052734
test_0024816,near_clean,stationary,21.44608877439573,2.474658966064453,0.4925994873046875,1.9820594787597656
test_0024817,noisy,ambient,10.396113978250822,5.823556900024414,2.3580551147460938,3.4655017852783203
test_0024818,noisy,ambient,4.473327681139001,4.586668014526367,4.225844383239746,0.3608236312866211
test_0024819,near_clean,impulsive,32.727400059261896,0.00836944580078125,0.0008869171142578125,0.0074825286865234375
test_0024820,near_clean,ambient,29.404510841353634,0.61846923828125,0.5371322631835938,0.08133697509765625
test_0024822,noisy,impulsive,-4.54706070729625,11.304263591766357,9.610633373260498,1.6936302185058594
test_0024824,near_clean,nonstationary,31.656766902851658,1.5300312042236328,0.5664730072021484,0.9635581970214844
test_0024825,noisy,stationary,-3.12083751046236,8.245653629302979,7.303629636764526,0.9420239925384521
test_0024826,near_clean,ambient,25.95865659931514,2.554719924926758,1.4039058685302734,1.1508140563964844
test_0024827,noisy,ambient,16.736554288131597,4.319463729858398,2.245637893676758,2.0738258361816406
test_0024828,clean,ambient,95.37501917866226,-0.014174461364746094,0.00016117095947265625,-0.01433563232421875
test_0024829,near_clean,stationary,27.181479445237805,1.318206787109375,0.7413311004638672,0.5768756866455078
test_0024830,near_clean,impulsive,25.6439785289272,-0.011524200439453125,-0.03912353515625,0.027599334716796875
test_0024831,noisy,impulsive,16.604531067632642,5.545853614807129,0.4868898391723633,5.058963775634766
test_0024832,noisy,impulsive,2.727474199989625,7.149807453155518,6.911849498748779,0.23795795440673828
test_0024833,noisy,ambient,12.068320515360778,2.52091121673584,3.1112356185913086,-0.5903244018554688
test_0024834,noisy,impulsive,1.3941562043723688,6.487439393997192,6.562131881713867,-0.0746924877166748
test_0024835,noisy,impulsive,19.994613620163246,3.4723777770996094,-0.77288818359375,4.245265960693359
test_0024836,noisy,stationary,14.776606322596585,2.0651988983154297,1.5973148345947266,0.4678840637207031
test_0024837,near_clean,ambient,37.052895505653225,-0.05398368835449219,0.0011615753173828125,-0.055145263671875
test_0024838,noisy,nonstationary,2.7851183929444696,7.962423324584961,6.072212219238281,1.8902111053466797
test_0024839,noisy,nonstationary,9.463536600942588,4.179994106292725,3.9185309410095215,0.2614631652832031
test_0024840,noisy,stationary,1.3562610665319332,4.780171871185303,1.905606746673584,2.8745651245117188
test_0024841,noisy,stationary,19.773482960817383,2.6374568939208984,2.128591537475586,0.5088653564453125
test_0024842,noisy,impulsive,12.917315239406514,6.109750747680664,0.19832801818847656,5.9114227294921875
test_0024843,noisy,impulsive,13.360964850648935,2.706439971923828,1.3630304336547852,1.343409538269043
test_0024844,noisy,impulsive,15.456507195749703,1.5720796585083008,-0.9613046646118164,2.533384323120117
test_0024845,noisy,stationary,7.392994509966244,5.021418571472168,5.04024600982666,-0.018827438354492188
test_0024846,noisy,ambient,-1.273745446813497,7.444057941436768,1.023115634918213,6.420942306518555
test_0024847,noisy,stationary,-2.0440866350045224,7.072619676589966,5.228862524032593,1.843757152557373
test_0024848,noisy,ambient,9.375374418184864,8.579925537109375,4.754519462585449,3.825406074523926
test_0024849,noisy,ambient,-3.067928191288298,6.50277304649353,5.922492504119873,0.5802805423736572
test_0024850,noisy,stationary,4.465467103437745,3.1491165161132812,2.932490348815918,0.21662616729736328
test_0024851,clean,ambient,86.65144729158051,-0.003704071044921875,-0.4410972595214844,0.4373931884765625
test_0024852,noisy,ambient,3.624541163942716,1.7180194854736328,1.9349451065063477,-0.21692562103271484
test_0024853,noisy,impulsive,7.181960278283082,9.034832000732422,5.657735824584961,3.377096176147461
test_0024854,noisy,stationary,-4.125934669349027,4.826651573181152,4.114300727844238,0.7123508453369141
test_0024855,clean,stationary,98.5143434511894,-0.0724935531616211,0.00035858154296875,-0.07285213470458984
test_0024856,noisy,ambient,3.29470599718435,9.897748947143555,3.692215919494629,6.205533027648926
test_0024857,noisy,impulsive,5.007585631279624,7.228654861450195,3.962259292602539,3.2663955688476562
test_0024858,noisy,nonstationary,14.314380785736684,2.9064626693725586,1.3428277969360352,1.5636348724365234
test_0024859,near_clean,nonstationary,34.17487408777296,0.7911491394042969,-0.0950775146484375,0.8862266540527344
test_0024860,noisy,nonstationary,-2.875706777164322,3.8486719131469727,6.157963752746582,-2.3092918395996094
test_0024861,noisy,nonstationary,13.192817279068025,4.647073745727539,2.9207820892333984,1.7262916564941406
test_0024862,noisy,impulsive,17.74900250326789,0.6311302185058594,0.6526374816894531,-0.02150726318359375
test_0024863,near_clean,ambient,21.219625809231943,0.7882308959960938,0.07071685791015625,0.7175140380859375
test_0024865,near_clean,impulsive,34.26643402288849,0.0001354217529296875,0.012911796569824219,-0.012776374816894531
test_0024866,noisy,nonstationary,5.220094004442684,6.337236404418945,4.625114440917969,1.7121219635009766
test_0024868,near_clean,stationary,25.092245785903252,2.313873291015625,0.7438716888427734,1.5700016021728516
test_0024869,noisy,nonstationary,7.781559583167429,9.660945415496826,4.570684909820557,5.0902605056762695
test_0024870,noisy,stationary,3.6334616372397166,2.7824935913085938,1.7140512466430664,1.0684423446655273
test_0024871,noisy,impulsive,12.150612604052668,0.4992866516113281,-0.14730262756347656,0.6465892791748047
test_0024872,noisy,nonstationary,3.2588996144902205,7.580771446228027,6.5142621994018555,1.0665092468261719
test_0024873,clean,impulsive,99.0512519590301,0.08273696899414062,0.0117034912109375,0.07103347778320312
test_0024874,noisy,nonstationary,2.4786240348254833,6.128435850143433,5.743146657943726,0.38528919219970703
test_0024877,noisy,impulsive,17.911186755064282,0.4541187286376953,0.16487693786621094,0.2892417907714844
test_0024878,noisy,nonstationary,19.187038693718236,5.375827789306641,1.9879226684570312,3.3879051208496094
test_0024879,noisy,stationary,18.758252625107712,3.0561447143554688,1.9746742248535156,1.0814704895019531
test_0024880,noisy,ambient,8.555871441161145,0.24144744873046875,0.006603240966796875,0.23484420776367188
test_0024881,noisy,stationary,18.977617721942426,0.12830734252929688,0.0306243896484375,0.09768295288085938
test_0024883,noisy,ambient,11.208040544825398,3.464221954345703,2.805936813354492,0.6582851409912109
test_0024884,noisy,nonstationary,-1.0372549605678774,7.441391639411449,5.414518527686596,2.0268731117248535
test_0024885,near_clean,stationary,35.809759892775205,0.03131866455078125,-0.03289031982421875,0.064208984375
test_0024886,clean,impulsive,74.7590668460745,-0.0011529922485351562,0.00035572052001953125,-0.0015087127685546875
test_0024887,noisy,stationary,1.0746307820916359,3.287578582763672,3.775014877319336,-0.48743629455566406
test_0024888,noisy,nonstationary,2.6988792678752875,5.0949928760528564,4.647538900375366,0.44745397567749023
test_0024890,noisy,impulsive,1.6017813813192912,7.076506614685059,4.4969563484191895,2.579550266265869
test_0024891,noisy,impulsive,17.84131083526316,4.693597793579102,1.6854972839355469,3.0081005096435547
test_0024892,noisy,impulsive,15.51249596216427,4.178350448608398,0.1849193572998047,3.9934310913085938
test_0024893,noisy,stationary,-4.334008840983015,8.19908881187439,9.112106084823608,-0.9130172729492188
test_0024894,near_clean,stationary,36.835166811705335,0.07249832153320312,-1.2014617919921875,1.2739601135253906
test_0024895,noisy,nonstationary,0.6422087609118212,4.609427183866501,4.049619406461716,0.5598077774047852
test_0024896,noisy,nonstationary,0.567736966978781,5.203296318650246,4.322660580277443,0.8806357383728027
test_0024897,clean,nonstationary,91.30671450336509,0.003559112548828125,-0.05206298828125,0.055622100830078125
test_0024898,noisy,nonstationary,-0.13088202716633768,5.796605110168457,5.527815818786621,0.26878929138183594
test_0024899,clean,stationary,82.45549652218753,-0.009548187255859375,-0.023586273193359375,0.0140380859375
test_0024900,near_clean,nonstationary,36.95758274510621,0.2559051513671875,-4.065372467041016,4.321277618408203
test_0024901,noisy,ambient,12.851319526592599,7.557794570922852,3.924004554748535,3.6337900161743164
test_0024902,noisy,impulsive,10.2816003150831,5.158666610717773,4.469231605529785,0.6894350051879883
test_0024903,noisy,ambient,13.442746061026249,0.8731651306152344,0.3478679656982422,0.5252971649169922
test_0024904,noisy,impulsive,5.14324709386849,15.920454978942871,15.66706371307373,0.2533912658691406
test_0024905,noisy,impulsive,11.751439242078325,8.482525825500488,7.379788398742676,1.1027374267578125
test_0024906,noisy,impulsive,16.187367344522595,6.39747428894043,5.371274948120117,1.0261993408203125
test_0024907,noisy,impulsive,-4.317960972906633,11.253424882888794,6.411418199539185,4.842006683349609
test_0024908,noisy,ambient,4.657232776876736,0.0006303787231445312,1.5362577438354492,-1.5356273651123047
test_0024909,clean,ambient,89.61107357988455,0.00058746337890625,-0.0039348602294921875,0.0045223236083984375
test_0024910,noisy,nonstationary,13.692453256216075,3.7220706939697266,2.555908203125,1.1661624908447266
test_0024911,noisy,stationary,0.867898053924876,8.275787115097046,7.8047168254852295,0.4710702896118164
test_0024912,clean,nonstationary,99.69824694173187,0.00286102294921875,-0.022212982177734375,0.025074005126953125
test_0024914,clean,impulsive,93.7806469493747,-0.008686065673828125,-20.282756805419922,20.274070739746094
test_0024915,clean,nonstationary,81.45434297245856,-0.01653289794921875,-11.731971740722656,11.715438842773438
test_0024916,noisy,impulsive,-3.406140503995717,7.548666000366211,7.109522819519043,0.43914318084716797
test_0024917,noisy,stationary,13.201133887456988,3.4099369049072266,1.7772445678710938,1.6326923370361328
test_0024918,clean,ambient,73.27352614620418,0.0005731582641601562,0.00010013580322265625,0.0004730224609375
test_0024919,noisy,nonstationary,1.1336253774720575,5.718038618564606,3.744239389896393,1.973799228668213
test_0024920,noisy,nonstationary,16.288568487910926,0.7587389945983887,0.6225490570068359,0.13618993759155273
test_0024921,near_clean,ambient,26.534745668200607,0.8248195648193359,0.07533836364746094,0.749481201171875
test_0024922,clean,nonstationary,99.80241137170636,-0.0002460479736328125,0.00011730194091796875,-0.00036334991455078125
test_0024923,noisy,impulsive,12.912184047781675,2.742351531982422,1.24835205078125,1.4939994812011719
test_0024924,noisy,stationary,2.703161855537255,4.558771133422852,1.7299599647521973,2.8288111686706543
test_0024925,clean,nonstationary,84.67039978068506,-0.01041412353515625,-0.029346466064453125,0.018932342529296875
test_0024926,clean,nonstationary,91.27960595224324,-0.004505157470703125,-11.921499252319336,11.916994094848633
test_0024928,near_clean,stationary,27.469000588203713,0.35949134826660156,0.7964916229248047,-0.4370002746582031
test_0024929,clean,nonstationary,76.93681962443237,-0.0056304931640625,-0.11467361450195312,0.10904312133789062
test_0024930,near_clean,nonstationary,25.59835751383581,-0.024582862854003906,0.0018014907836914062,-0.026384353637695312
test_0024931,noisy,ambient,8.051231604832015,3.086324691772461,1.4616127014160156,1.6247119903564453
test_0024932,noisy,ambient,-4.497925493038743,9.452288150787354,10.060800552368164,-0.6085124015808105
test_0024933,clean,impulsive,94.39800099952751,1.71661376953125e-05,-0.047092437744140625,0.04710960388183594
test_0024934,clean,impulsive,96.37045340192813,-7.82012939453125e-05,-3.4332275390625e-05,-4.38690185546875e-05
test_0024935,clean,nonstationary,100.80511986390191,-0.07485675811767578,-6.389617919921875e-05,-0.07479286193847656
test_0024936,noisy,impulsive,2.3552778140685624,6.839704990386963,5.760094165802002,1.079610824584961
test_0024937,noisy,stationary,3.141146913063568,4.634978532791138,3.3397858142852783,1.2951927185058594
test_0024938,noisy,nonstationary,4.719283062659957,5.944126129150391,5.0061235427856445,0.9380025863647461
test_0024939,noisy,stationary,7.020301063559434,7.576528549194336,7.17697811126709,0.3995504379272461
test_0024940,near_clean,stationary,36.203996623943624,0.0002193450927734375,7.915496826171875e-05,0.00014019012451171875
test_0024941,clean,nonstationary,100.8080742346888,-0.00063323974609375,-1.71661376953125e-05,-0.0006160736083984375
test_0024942,noisy,nonstationary,19.33288854333245,1.990966796875,0.18328285217285156,1.8076839447021484
test_0024943,noisy,stationary,1.1298996617902541,3.1308116912841797,3.6548595428466797,-0.5240478515625
test_0024944,noisy,ambient,7.922993217758325,5.93914794921875,-0.0017337799072265625,5.940881729125977
test_0024945,noisy,impulsive,19.33766932280931,0.8630886077880859,0.5057525634765625,0.35733604431152344
test_0024946,near_clean,nonstationary,32.70526086985652,0.009743690490722656,-0.02667522430419922,0.036418914794921875
test_0024948,clean,ambient,84.68224306891246,4.00543212890625e-05,0.0003070831298828125,-0.00026702880859375
test_0024950,near_clean,nonstationary,39.289731800310555,-0.000640869140625,0.0001964569091796875,-0.0008373260498046875
test_0024951,noisy,impulsive,2.864695006629005,3.3213653564453125,1.347475528717041,1.9738898277282715
test_0024952,noisy,nonstationary,-1.1072572244312098,2.842052459716797,3.308704376220703,-0.46665191650390625
test_0024954,noisy,nonstationary,4.171111304554688,8.377634286880493,3.7291858196258545,4.648448467254639
test_0024955,noisy,nonstationary,17.054379050769203,0.3833446502685547,0.018472671508789062,0.3648719787597656
test_0024957,noisy,stationary,17.376647540234533,0.7182025909423828,0.5405483245849609,0.17765426635742188
test_0024958,noisy,nonstationary,8.967529232469895,7.269725799560547,3.790508270263672,3.479217529296875
test_0024959,noisy,ambient,17.554955624023897,1.7693243026733398,0.9237098693847656,0.8456144332885742
test_0024960,noisy,nonstationary,18.81390938509542,4.620311737060547,2.6575965881347656,1.9627151489257812
test_0024961,noisy,nonstationary,-4.156609496375826,13.231163024902344,12.603723526000977,0.6274394989013672
test_0024962,near_clean,ambient,32.86026475748568,0.08798027038574219,-0.09557628631591797,0.18355655670166016
test_0024963,noisy,nonstationary,4.174414451462218,5.1819233894348145,5.505065441131592,-0.32314205169677734
test_0024964,clean,impulsive,97.04106297741846,0.0013580322265625,-0.1355743408203125,0.136932373046875
test_0024965,clean,stationary,96.61768556741863,-0.003162860870361328,-0.0005879402160644531,-0.002574920654296875
test_0024966,near_clean,nonstationary,32.68083616461231,0.016483306884765625,-0.9866676330566406,1.0031509399414062
test_0024967,noisy,nonstationary,10.210694559268278,2.819535255432129,1.603602409362793,1.215932846069336
test_0024968,clean,impulsive,79.83972408389528,-0.0015869140625,-0.2731132507324219,0.2715263366699219
test_0024970,noisy,nonstationary,4.209812930635393,7.44657039642334,6.809445381164551,0.6371250152587891
test_0024971,near_clean,stationary,29.793382591481624,8.96453857421875e-05,0.0007238388061523438,-0.0006341934204101562
test_0024972,clean,ambient,96.88960864904163,-0.06696510314941406,-0.1713714599609375,0.10440635681152344
test_0024973,near_clean,impulsive,30.98082039999983,0.70623779296875,-9.578071594238281,10.284309387207031
test_0024974,near_clean,impulsive,32.90163104607943,0.008974075317382812,0.003040313720703125,0.0059337615966796875
test_0024975,noisy,nonstationary,8.26300528063754,5.170770645141602,3.1405887603759766,2.030181884765625
test_0024976,near_clean,nonstationary,35.495835172230194,1.8802452087402344,0.8927764892578125,0.9874687194824219
test_0024977,clean,nonstationary,80.28546706723836,-0.002803802490234375,-2.3573036193847656,2.3544998168945312
test_0024978,clean,ambient,94.45241242360933,-1.9073486328125e-05,-0.0038051605224609375,0.0037860870361328125
test_0024979,noisy,stationary,13.951965699606617,3.263273239135742,2.6673107147216797,0.5959625244140625
test_0024980,clean,impulsive,78.4975824980096,-0.014904022216796875,-0.032352447509765625,0.01744842529296875
test_0024981,clean,nonstationary,89.13678232714594,-0.001155853271484375,0.0272369384765625,-0.028392791748046875
test_0024982,noisy,impulsive,1.4295635049383157,14.354548931121826,13.040329456329346,1.3142194747924805
test_0024983,clean,stationary,79.12871269695093,-0.037731170654296875,-1.2435379028320312,1.2058067321777344
test_0024984,noisy,stationary,15.276159091511785,5.301601409912109,3.8218021392822266,1.4797992706298828
test_0024985,near_clean,impulsive,20.898424035721582,1.4133491516113281,0.9933109283447266,0.42003822326660156
test_0024986,noisy,stationary,1.2434191452385686,5.144019842147827,4.4611828327178955,0.6828370094299316
test_0024987,noisy,stationary,0.47350228329697436,6.023098468780518,5.192098617553711,0.8309998512268066
test_0024988,near_clean,nonstationary,33.21009134829023,-0.4004364013671875,-0.003170013427734375,-0.3972663879394531
test_0024989,clean,stationary,80.98793527146982,-0.02204132080078125,-0.03942108154296875,0.0173797607421875
test_0024990,noisy,stationary,9.93744985852873,1.3843355178833008,1.3823184967041016,0.0020170211791992188
test_0024991,noisy,stationary,17.07258718836714,2.9393672943115234,2.4781417846679688,0.4612255096435547
test_0024992,clean,impulsive,99.45695230034836,-0.004268646240234375,0.001094818115234375,-0.00536346435546875
test_0024993,near_clean,nonstationary,25.92026771968483,2.9330101013183594,0.505279541015625,2.4277305603027344
test_0024994,clean,impulsive,86.4825566133016,-0.00530242919921875,-0.046222686767578125,0.040920257568359375
test_0024995,near_clean,ambient,27.17181689673772,0.7226009368896484,0.16531753540039062,0.5572834014892578
test_0024996,clean,stationary,83.1376360476977,-0.0006656646728515625,-0.0057964324951171875,0.005130767822265625
test_0024997,clean,ambient,99.07980810269558,-0.00054931640625,-0.004802703857421875,0.004253387451171875
test_0024998,clean,impulsive,82.89262453322614,-5.53131103515625e-05,-0.0046787261962890625,0.0046234130859375
test_0024999,noisy,nonstationary,8.953380601937948,8.657920837402344,6.822104454040527,1.8358163833618164
