file_id,output_path,source,original_path,speaker_id,chapter_id,language,original_sample_rate,output_sample_rate,channels_in,duration_sec,rms_dbfs,peak_dbfs,clip_ratio,dc_abs,quality_status,quality_reason
5baa18f6bea74e1d,clean\english\5baa18f6bea74e1d.wav,librispeech,C:\Users\Suhaan\Downloads\dev-clean\LibriSpeech\dev-clean\1272\128104\1272-128104-0000.flac,1272,128104,english,16000,16000,1,5.855,-24.16084461933992,-8.224721015207896,0.0,9.15006148716202e-06,KEEP,ok
953c317e8f0342bc,clean\english\953c317e8f0342bc.wav,librispeech,C:\Users\Suhaan\Downloads\dev-clean\LibriSpeech\dev-clean\1272\128104\1272-128104-0001.flac,1272,128104,english,16000,16000,1,4.815,-21.82471679417339,-4.2032613896718445,0.0,2.9422684747260064e-05,KEEP,ok
ef3a445c60a3c868,clean\english\ef3a445c60a3c868.wav,librispeech,C:\Users\Suhaan\Downloads\dev-clean\LibriSpeech\dev-clean\1272\128104\1272-128104-0002.flac,1272,128104,english,16000,16000,1,12.485,-22.416446344746156,-4.544461464442502,0.0,1.1385121979401447e-05,KEEP,ok
fb7362dcdb265206,clean\english\fb7362dcdb265206.wav,librispeech,C:\Users\Suhaan\Downloads\dev-clean\LibriSpeech\dev-clean\1272\128104\1272-128104-0003.flac,1272,128104,english,16000,16000,1,9.9,-22.959083822569294,-4.148387613872243,0.0,5.342502845451236e-06,KEEP,ok
4774194cb0e09076,clean\english\4774194cb0e09076.wav,librispeech,C:\Users\Suhaan\Downloads\dev-clean\LibriSpeech\dev-clean\1272\128104\1272-128104-0004.flac,1272,128104,english,16000,16000,1,29.4,-22.628764786138973,-3.268051034184766,0.0,6.84919814375462e-06,KEEP,ok
6a700b7b35ed21a8,clean\english\6a700b7b35ed21a8.wav,librispeech,C:\Users\Suhaan\Downloads\dev-clean\LibriSpeech\dev-clean\1272\128104\1272-128104-0005.flac,1272,128104,english,16000,16000,1,9.01,-23.779240951581336,-5.931989146040795,0.0,6.259109341044677e-06,KEEP,ok
66a18f1fca6b6e77,clean\english\66a18f1fca6b6e77.wav,librispeech,C:\Users\Suhaan\Downloads\dev-clean\LibriSpeech\dev-clean\1272\128104\1272-128104-0006.flac,1272,128104,english,16000,16000,1,5.64,-25.08479780019529,-8.117427761106624,0.0,2.705459110075026e-07,KEEP,ok
74ac3e5c32e5471b,clean\english\74ac3e5c32e5471b.wav,librispeech,C:\Users\Suhaan\Downloads\dev-clean\LibriSpeech\dev-clean\1272\128104\1272-128104-0007.flac,1272,128104,english,16000,16000,1,9.24,-23.36045799227085,-4.301002465767694,0.0,1.2152328963566106e-05,KEEP,ok
43b49ffd48bfaf7b,clean\english\43b49ffd48bfaf7b.wav,librispeech,C:\Users\Suhaan\Downloads\dev-clean\LibriSpeech\dev-clean\1272\128104\1272-128104-0008.flac,1272,128104,english,16000,16000,1,5.12,-23.829331318508423,-8.089801076696796,0.0,3.29114482156001e-05,KEEP,ok
d6aadc57c457f71c,clean\english\d6aadc57c457f71c.wav,librispeech,C:\Users\Suhaan\Downloads\dev-clean\LibriSpeech\dev-clean\1272\128104\1272-128104-0009.flac,1272,128104,english,16000,16000,1,18.29,-23.00421806688473,-4.2338493321181385,0.0,9.797973689273931e-06,KEEP,ok
edadc881ddca5dce,clean\english\edadc881ddca5dce.wav,librispeech,C:\Users\Suhaan\Downloads\dev-clean\LibriSpeech\dev-clean\1272\128104\1272-128104-0010.flac,1272,128104,english,16000,16000,1,5.6,-23.47164675039922,-5.731756128583099,0.0,1.0766301784315147e-05,KEEP,ok
3f83f8d64137625d,clean\english\3f83f8d64137625d.wav,librispeech,C:\Users\Suhaan\Downloads\dev-clean\LibriSpeech\dev-clean\1272\128104\1272-128104-0011.flac,1272,128104,english,16000,16000,1,15.115,-23.45523059910449,-5.102799783295958,0.0,5.429413249657955e-06,KEEP,ok
05e8db1fdb6e4369,clean\english\05e8db1fdb6e4369.wav,librispeech,C:\Users\Suhaan\Downloads\dev-clean\LibriSpeech\dev-clean\1272\128104\1272-128104-0012.flac,1272,128104,english,16000,16000,1,5.38,-20.9914607819919,-3.8828309036761866,0.0,3.943744559364859e-06,KEEP,ok
dbb10765da131edc,clean\english\dbb10765da131edc.wav,librispeech,C:\Users\Suhaan\Downloads\dev-clean\LibriSpeech\dev-clean\1272\128104\1272-128104-0013.flac,1272,128104,english,16000,16000,1,7.1,-24.603394491279815,-7.238188970433908,0.0,5.098262136016274e-06,KEEP,ok
ce25e1a597de2924,clean\english\ce25e1a597de2924.wav,librispeech,C:\Users\Suhaan\Downloads\dev-clean\LibriSpeech\dev-clean\1272\128104\1272-128104-0014.flac,1272,128104,english,16000,16000,1,2.245,-25.221020968934702,-11.53460240354671,0.0,9.720256457512733e-06,KEEP,ok
5f193a0073b2b6a9,clean\english\5f193a0073b2b6a9.wav,librispeech,C:\Users\Suhaan\Downloads\dev-clean\LibriSpeech\dev-clean\1272\135031\1272-135031-0000.flac,1272,135031,english,16000,16000,1,10.885,-23.42979320029693,-5.893765619691514,0.0,8.866131247486919e-05,KEEP,ok
250e2b7bdf5f3e0b,clean\english\250e2b7bdf5f3e0b.wav,librispeech,C:\Users\Suhaan\Downloads\dev-clean\LibriSpeech\dev-clean\1272\135031\1272-135031-0001.flac,1272,135031,english,16000,16000,1,11.13,-25.22279358369515,-8.723202577221166,0.0,8.731458365218714e-05,KEEP,ok
3f6c4f047870793b,clean\english\3f6c4f047870793b.wav,librispeech,C:\Users\Suhaan\Downloads\dev-clean\LibriSpeech\dev-clean\1272\135031\1272-135031-0002.flac,1272,135031,english,16000,16000,1,11.475,-25.04872810707161,-7.777280140107596,0.0,9.311634494224563e-05,KEEP,ok
731ada30df0f7a26,clean\english\731ada30df0f7a26.wav,librispeech,C:\Users\Suhaan\Downloads\dev-clean\LibriSpeech\dev-clean\1272\135031\1272-135031-0003.flac,1272,135031,english,16000,16000,1,4.755,-25.76345394107936,-9.28286048283488,0.0,8.724826329853386e-05,KEEP,ok
7e40b42f537ee119,clean\english\7e40b42f537ee119.wav,librispeech,C:\Users\Suhaan\Downloads\dev-clean\LibriSpeech\dev-clean\1272\135031\1272-135031-0004.flac,1272,135031,english,16000,16000,1,4.225,-23.592809138681904,-7.64844524119681,0.0,7.880216435296461e-05,KEEP,ok
a40d9c972a2a59c6,clean\english\a40d9c972a2a59c6.wav,librispeech,C:\Users\Suhaan\Downloads\dev-clean\LibriSpeech\dev-clean\1272\135031\1272-135031-0005.flac,1272,135031,english,16000,16000,1,4.625,-20.72668844389622,-4.504743760803784,0.0,9.544702334096655e-05,KEEP,ok
dc86cb3456273f35,clean\english\dc86cb3456273f35.wav,librispeech,C:\Users\Suhaan\Downloads\dev-clean\LibriSpeech\dev-clean\1272\135031\1272-135031-0006.flac,1272,135031,english,16000,16000,1,4.09,-23.8020697882897,-3.7267386455579645,0.0,8.5527564806398e-05,KEEP,ok
a53f38a9eed308fa,clean\english\a53f38a9eed308fa.wav,librispeech,C:\Users\Suhaan\Downloads\dev-clean\LibriSpeech\dev-clean\1272\135031\1272-135031-0007.flac,1272,135031,english,16000,16000,1,4.055,-22.11758130265309,-6.988096942169855,0.0,8.296190208056942e-05,KEEP,ok
fbce89b1eb50426f,clean\english\fbce89b1eb50426f.wav,librispeech,C:\Users\Suhaan\Downloads\dev-clean\LibriSpeech\dev-clean\1272\135031\1272-135031-0008.flac,1272,135031,english,16000,16000,1,3.67,-19.958193042776568,-4.607308632489983,0.0,8.46374241518788e-05,KEEP,ok
d1f14fb99d3b6f5a,clean\english\d1f14fb99d3b6f5a.wav,librispeech,C:\Users\Suhaan\Downloads\dev-clean\LibriSpeech\dev-clean\1272\135031\1272-135031-0009.flac,1272,135031,english,16000,16000,1,1.91,-21.981133145961138,-5.959319814916233,0.0,6.81572564644739e-05,KEEP,ok
cc41b2e36ea1999c,clean\english\cc41b2e36ea1999c.wav,librispeech,C:\Users\Suhaan\Downloads\dev-clean\LibriSpeech\dev-clean\1272\135031\1272-135031-0010.flac,1272,135031,english,16000,16000,1,8.995,-22.2778749711237,-6.926683094480062,0.0,8.25081515358761e-05,KEEP,ok
10c505d239bf7d37,clean\english\10c505d239bf7d37.wav,librispeech,C:\Users\Suhaan\Downloads\dev-clean\LibriSpeech\dev-clean\1272\135031\1272-135031-0011.flac,1272,135031,english,16000,16000,1,3.18,-23.487351339955303,-4.927617032634824,0.0,9.312239853898063e-05,KEEP,ok
de016bc3d0281f9c,clean\english\de016bc3d0281f9c.wav,librispeech,C:\Users\Suhaan\Downloads\dev-clean\LibriSpeech\dev-clean\1272\135031\1272-135031-0012.flac,1272,135031,english,16000,16000,1,2.04,-20.08539308810026,-5.279641189523872,0.0,7.455675950041041e-05,KEEP,ok
8b1a2e0f0a679825,clean\english\8b1a2e0f0a679825.wav,librispeech,C:\Users\Suhaan\Downloads\dev-clean\LibriSpeech\dev-clean\1272\135031\1272-135031-0013.flac,1272,135031,english,16000,16000,1,3.7,-26.244711068413412,-10.530688288940624,0.0,8.280264592031017e-05,KEEP,ok
6173594b3f7f1cd5,clean\english\6173594b3f7f1cd5.wav,librispeech,C:\Users\Suhaan\Downloads\dev-clean\LibriSpeech\dev-clean\1272\135031\1272-135031-0014.flac,1272,135031,english,16000,16000,1,1.74,-22.097026406889885,-6.152542719164204,0.0,8.096366218524054e-05,KEEP,ok
567b79efeebf2ac5,clean\english\567b79efeebf2ac5.wav,librispeech,C:\Users\Suhaan\Downloads\dev-clean\LibriSpeech\dev-clean\1272\135031\1272-135031-0015.flac,1272,135031,english,16000,16000,1,7.375,-21.912664887369736,-5.231581652400703,0.0,9.072668763110414e-05,KEEP,ok
28a9876420db0dad,clean\english\28a9876420db0dad.wav,librispeech,C:\Users\Suhaan\Downloads\dev-clean\LibriSpeech\dev-clean\1272\135031\1272-135031-0016.flac,1272,135031,english,16000,16000,1,2.28,-25.378476123546534,-5.370660358895847,0.0,9.001179569168016e-05,KEEP,ok
9fdd3ff554e79c39,clean\english\9fdd3ff554e79c39.wav,librispeech,C:\Users\Suhaan\Downloads\dev-clean\LibriSpeech\dev-clean\1272\135031\1272-135031-0017.flac,1272,135031,english,16000,16000,1,6.86,-23.079476404130332,-6.672126940298908,0.0,8.349404379259795e-05,KEEP,ok
8543be6ee79fe948,clean\english\8543be6ee79fe948.wav,librispeech,C:\Users\Suhaan\Downloads\dev-clean\LibriSpeech\dev-clean\1272\135031\1272-135031-0018.flac,1272,135031,english,16000,16000,1,2.4449375,-18.2132722306906,-2.2171131848955925,0.0,9.236016194336116e-05,KEEP,ok
c54e9953e521cbc4,clean\english\c54e9953e521cbc4.wav,librispeech,C:\Users\Suhaan\Downloads\dev-clean\LibriSpeech\dev-clean\1272\135031\1272-135031-0019.flac,1272,135031,english,16000,16000,1,3.525,-24.5713240882591,-5.263105896305374,0.0,0.00010559027577983215,KEEP,ok
40547ea8096eee4e,clean\english\40547ea8096eee4e.wav,librispeech,C:\Users\Suhaan\Downloads\dev-clean\LibriSpeech\dev-clean\1272\135031\1272-135031-0020.flac,1272,135031,english,16000,16000,1,4.65,-21.93135912165539,-7.282827735553992,0.0,9.164748917100951e-05,KEEP,ok
8ff5a1acd7665170,clean\english\8ff5a1acd7665170.wav,librispeech,C:\Users\Suhaan\Downloads\dev-clean\LibriSpeech\dev-clean\1272\135031\1272-135031-0021.flac,1272,135031,english,16000,16000,1,2.595,-21.576381503393932,-5.939338947321465,0.0,0.00010514452151255682,KEEP,ok
457982275f81b471,clean\english\457982275f81b471.wav,librispeech,C:\Users\Suhaan\Downloads\dev-clean\LibriSpeech\dev-clean\1272\135031\1272-135031-0022.flac,1272,135031,english,16000,16000,1,2.695,-26.31975625165415,-8.774733805393858,0.0,9.026394400279969e-05,KEEP,ok
a4f3cf5e671c11de,clean\english\a4f3cf5e671c11de.wav,librispeech,C:\Users\Suhaan\Downloads\dev-clean\LibriSpeech\dev-clean\1272\135031\1272-135031-0023.flac,1272,135031,english,16000,16000,1,7.52,-22.3347616801829,-6.910809861172975,0.0,8.053881174419075e-05,KEEP,ok
9c3190b8d0735d1e,clean\english\9c3190b8d0735d1e.wav,librispeech,C:\Users\Suhaan\Downloads\dev-clean\LibriSpeech\dev-clean\1272\135031\1272-135031-0024.flac,1272,135031,english,16000,16000,1,14.47,-22.68577057929782,-7.390161307671923,0.0,9.035850234795362e-05,KEEP,ok
ead84de85cae045e,clean\english\ead84de85cae045e.wav,librispeech,C:\Users\Suhaan\Downloads\dev-clean\LibriSpeech\dev-clean\1272\141231\1272-141231-0000.flac,1272,141231,english,16000,16000,1,4.65,-19.82735652531177,-3.966125458736566,0.0,4.656391865864862e-06,KEEP,ok
faf9acdfb01cf279,clean\english\faf9acdfb01cf279.wav,librispeech,C:\Users\Suhaan\Downloads\dev-clean\LibriSpeech\dev-clean\1272\141231\1272-141231-0001.flac,1272,141231,english,16000,16000,1,6.535,-20.977784784348678,-3.7962228633835777,0.0,1.6006551959435456e-05,KEEP,ok
0033c22d87118c59,clean\english\0033c22d87118c59.wav,librispeech,C:\Users\Suhaan\Downloads\dev-clean\LibriSpeech\dev-clean\1272\141231\1272-141231-0002.flac,1272,141231,english,16000,16000,1,13.335,-21.052335146737985,-2.7672468706582167,0.0,2.1569417185673956e-06,KEEP,ok
63f227ff599e404d,clean\english\63f227ff599e404d.wav,librispeech,C:\Users\Suhaan\Downloads\dev-clean\LibriSpeech\dev-clean\1272\141231\1272-141231-0003.flac,1272,141231,english,16000,16000,1,5.42,-23.2070735929998,-7.849616811319419,0.0,1.2518470612121746e-05,KEEP,ok
52c9b9d523b9f38c,clean\english\52c9b9d523b9f38c.wav,librispeech,C:\Users\Suhaan\Downloads\dev-clean\LibriSpeech\dev-clean\1272\141231\1272-141231-0004.flac,1272,141231,english,16000,16000,1,5.09,-20.2252701955388,-3.487830001275119,0.0,1.3203798516769893e-05,KEEP,ok
31d217700866f1f8,clean\english\31d217700866f1f8.wav,librispeech,C:\Users\Suhaan\Downloads\dev-clean\LibriSpeech\dev-clean\1272\141231\1272-141231-0005.flac,1272,141231,english,16000,16000,1,5.81,-20.940741714442574,-4.095981969628236,0.0,4.64230924990261e-06,KEEP,ok
a8ab210197883580,clean\english\a8ab210197883580.wav,librispeech,C:\Users\Suhaan\Downloads\dev-clean\LibriSpeech\dev-clean\1272\141231\1272-141231-0006.flac,1272,141231,english,16000,16000,1,4.93,-21.133924192859837,-6.52874260718953,0.0,1.1490518545542727e-06,KEEP,ok
08c160d6660b8fab,clean\english\08c160d6660b8fab.wav,librispeech,C:\Users\Suhaan\Downloads\dev-clean\LibriSpeech\dev-clean\1272\141231\1272-141231-0007.flac,1272,141231,english,16000,16000,1,4.735,-21.170195105038175,-5.232065775224342,0.0,9.58669261308387e-06,KEEP,ok
337e7d19b7d8a3f8,clean\english\337e7d19b7d8a3f8.wav,librispeech,C:\Users\Suhaan\Downloads\dev-clean\LibriSpeech\dev-clean\1272\141231\1272-141231-0008.flac,1272,141231,english,16000,16000,1,4.595,-23.85062800534106,-8.776189825787522,0.0,0.00015220434579532593,KEEP,ok
0b22500c3d0049d9,clean\english\0b22500c3d0049d9.wav,librispeech,C:\Users\Suhaan\Downloads\dev-clean\LibriSpeech\dev-clean\1272\141231\1272-141231-0009.flac,1272,141231,english,16000,16000,1,8.62,-23.43356292187606,-5.8395990759559515,0.0,2.4184826543205418e-05,KEEP,ok
26c79716947d6972,clean\english\26c79716947d6972.wav,librispeech,C:\Users\Suhaan\Downloads\dev-clean\LibriSpeech\dev-clean\1272\141231\1272-141231-0010.flac,1272,141231,english,16000,16000,1,10.76,-22.65316373027116,-4.183501197007427,0.0,5.621892341878265e-06,KEEP,ok
224a1ae165362dd8,clean\english\224a1ae165362dd8.wav,librispeech,C:\Users\Suhaan\Downloads\dev-clean\LibriSpeech\dev-clean\1272\141231\1272-141231-0011.flac,1272,141231,english,16000,16000,1,5.015,-23.449831384866563,-6.239637661941435,0.0,2.9611635909532197e-05,KEEP,ok
af6d139035ce8baa,clean\english\af6d139035ce8baa.wav,librispeech,C:\Users\Suhaan\Downloads\dev-clean\LibriSpeech\dev-clean\1272\141231\1272-141231-0012.flac,1272,141231,english,16000,16000,1,7.74,-21.987952063329463,-3.4510747314888817,0.0,1.178662569145672e-05,KEEP,ok
503f7f03a4fffbe1,clean\english\503f7f03a4fffbe1.wav,librispeech,C:\Users\Suhaan\Downloads\dev-clean\LibriSpeech\dev-clean\1272\141231\1272-141231-0013.flac,1272,141231,english,16000,16000,1,1.6399375,-21.996591150757784,-6.99046770701243,0.0,3.900095180142671e-05,KEEP,ok
a5122101d26be7ed,clean\english\a5122101d26be7ed.wav,librispeech,C:\Users\Suhaan\Downloads\dev-clean\LibriSpeech\dev-clean\1272\141231\1272-141231-0014.flac,1272,141231,english,16000,16000,1,7.305,-21.743935197656185,-2.5533741610736005,0.0,4.5536154402725515e-07,KEEP,ok
7adfdd127e7025a3,clean\english\7adfdd127e7025a3.wav,librispeech,C:\Users\Suhaan\Downloads\dev-clean\LibriSpeech\dev-clean\1272\141231\1272-141231-0015.flac,1272,141231,english,16000,16000,1,5.68,-21.924786421297075,-4.839250505250684,0.0,6.502782980533084e-06,KEEP,ok
6c0f8a2eff6a5ba1,clean\english\6c0f8a2eff6a5ba1.wav,librispeech,C:\Users\Suhaan\Downloads\dev-clean\LibriSpeech\dev-clean\1272\141231\1272-141231-0016.flac,1272,141231,english,16000,16000,1,1.85,-18.14424824580762,-1.7784481637760743,0.0,5.887005681870505e-05,KEEP,ok
19974689e15beb37,clean\english\19974689e15beb37.wav,librispeech,C:\Users\Suhaan\Downloads\dev-clean\LibriSpeech\dev-clean\1272\141231\1272-141231-0017.flac,1272,141231,english,16000,16000,1,3.735,-23.005586723309385,-3.7794139715751305,0.0,1.9044888176722452e-05,KEEP,ok
758608d8a5129a9e,clean\english\758608d8a5129a9e.wav,librispeech,C:\Users\Suhaan\Downloads\dev-clean\LibriSpeech\dev-clean\1272\141231\1272-141231-0018.flac,1272,141231,english,16000,16000,1,6.0,-21.1638801015933,-7.713912243138907,0.0,6.763140390830813e-06,KEEP,ok
72ce4e2e79f8f99a,clean\english\72ce4e2e79f8f99a.wav,librispeech,C:\Users\Suhaan\Downloads\dev-clean\LibriSpeech\dev-clean\1272\141231\1272-141231-0019.flac,1272,141231,english,16000,16000,1,4.7,-21.79519515652948,-6.255963504047591,0.0,1.4124525478109717e-05,KEEP,ok
74d74101e10ceb09,clean\english\74d74101e10ceb09.wav,librispeech,C:\Users\Suhaan\Downloads\dev-clean\LibriSpeech\dev-clean\1272\141231\1272-141231-0020.flac,1272,141231,english,16000,16000,1,4.32,-23.79551567101838,-5.898469028653505,0.0,8.330522177857347e-06,KEEP,ok
af07cdbebb5f1c8a,clean\english\af07cdbebb5f1c8a.wav,librispeech,C:\Users\Suhaan\Downloads\dev-clean\LibriSpeech\dev-clean\1272\141231\1272-141231-0021.flac,1272,141231,english,16000,16000,1,4.65,-21.351993175342084,-6.8010820713137585,0.0,1.7473774278187193e-05,KEEP,ok
ce1d73868e5d88ce,clean\english\ce1d73868e5d88ce.wav,librispeech,C:\Users\Suhaan\Downloads\dev-clean\LibriSpeech\dev-clean\1272\141231\1272-141231-0022.flac,1272,141231,english,16000,16000,1,8.35,-21.75334154788618,-5.188120725153732,0.0,2.4204140572692268e-05,KEEP,ok
cab52a87063eb739,clean\english\cab52a87063eb739.wav,librispeech,C:\Users\Suhaan\Downloads\dev-clean\LibriSpeech\dev-clean\1272\141231\1272-141231-0023.flac,1272,141231,english,16000,16000,1,8.66,-22.225166979374396,-5.835446376593726,0.0,1.1356212780810893e-05,KEEP,ok
06f4cee37b850476,clean\english\06f4cee37b850476.wav,librispeech,C:\Users\Suhaan\Downloads\dev-clean\LibriSpeech\dev-clean\1272\141231\1272-141231-0024.flac,1272,141231,english,16000,16000,1,3.64,-23.788496729695794,-3.4349200635301314,0.0,3.537240991136059e-05,KEEP,ok
5babd0f7d25cd8b3,clean\english\5babd0f7d25cd8b3.wav,librispeech,C:\Users\Suhaan\Downloads\dev-clean\LibriSpeech\dev-clean\1272\141231\1272-141231-0025.flac,1272,141231,english,16000,16000,1,8.725,-21.477182965123653,-3.531505713166729,0.0,3.66560698239482e-06,KEEP,ok
d02728a9463a2095,clean\english\d02728a9463a2095.wav,librispeech,C:\Users\Suhaan\Downloads\dev-clean\LibriSpeech\dev-clean\1272\141231\1272-141231-0026.flac,1272,141231,english,16000,16000,1,6.635,-22.54754304592275,-6.500123505060556,0.0,1.757002974045463e-05,KEEP,ok
32cc4970d89d32bc,clean\english\32cc4970d89d32bc.wav,librispeech,C:\Users\Suhaan\Downloads\dev-clean\LibriSpeech\dev-clean\1272\141231\1272-141231-0027.flac,1272,141231,english,16000,16000,1,6.57,-22.399677317777595,-6.141784199626778,0.0,9.417715773452073e-06,KEEP,ok
6d3bb5ba93f683c7,clean\english\6d3bb5ba93f683c7.wav,librispeech,C:\Users\Suhaan\Downloads\dev-clean\LibriSpeech\dev-clean\1272\141231\1272-141231-0028.flac,1272,141231,english,16000,16000,1,5.65,-23.757194925787406,-6.94494376234174,0.0,7.714128514635377e-06,KEEP,ok
5433a8ca3c946700,clean\english\5433a8ca3c946700.wav,librispeech,C:\Users\Suhaan\Downloads\dev-clean\LibriSpeech\dev-clean\1272\141231\1272-141231-0029.flac,1272,141231,english,16000,16000,1,6.88,-23.793882277598563,-6.247796747275141,0.0,6.0198195569682866e-05,KEEP,ok
b1db6ed6024032ae,clean\english\b1db6ed6024032ae.wav,librispeech,C:\Users\Suhaan\Downloads\dev-clean\LibriSpeech\dev-clean\1272\141231\1272-141231-0030.flac,1272,141231,english,16000,16000,1,7.13,-22.17796214041206,-6.360079256452275,0.0,7.341553555306746e-06,KEEP,ok
4230f58df9914e49,clean\english\4230f58df9914e49.wav,librispeech,C:\Users\Suhaan\Downloads\dev-clean\LibriSpeech\dev-clean\1272\141231\1272-141231-0031.flac,1272,141231,english,16000,16000,1,7.115,-22.632969130867515,-5.21078985610376,0.0,1.2557940863189287e-05,KEEP,ok
e96c2fc7d2eb3905,clean\english\e96c2fc7d2eb3905.wav,librispeech,C:\Users\Suhaan\Downloads\dev-clean\LibriSpeech\dev-clean\1272\141231\1272-141231-0032.flac,1272,141231,english,16000,16000,1,4.48,-20.679275413567858,-5.45618274284206,0.0,1.710653350528446e-06,KEEP,ok
3b6c6b0f81f21016,clean\english\3b6c6b0f81f21016.wav,librispeech,C:\Users\Suhaan\Downloads\dev-clean\LibriSpeech\dev-clean\1462\170138\1462-170138-0000.flac,1462,170138,english,16000,16000,1,14.55,-23.502998374985182,-6.534927736825786,0.0,0.0005709605757147074,KEEP,ok
ffe427393bfd99db,clean\english\ffe427393bfd99db.wav,librispeech,C:\Users\Suhaan\Downloads\dev-clean\LibriSpeech\dev-clean\1462\170138\1462-170138-0001.flac,1462,170138,english,16000,16000,1,3.985,-24.868715072472817,-9.68648718456305,0.0,0.0005580830038525164,KEEP,ok
43ad7d6aaf1d440b,clean\english\43ad7d6aaf1d440b.wav,librispeech,C:\Users\Suhaan\Downloads\dev-clean\LibriSpeech\dev-clean\1462\170138\1462-170138-0002.flac,1462,170138,english,16000,16000,1,4.645,-24.003763937328305,-8.208337691322482,0.0,0.0005883659468963742,KEEP,ok
370a7e7166e6c40c,clean\english\370a7e7166e6c40c.wav,librispeech,C:\Users\Suhaan\Downloads\dev-clean\LibriSpeech\dev-clean\1462\170138\1462-170138-0003.flac,1462,170138,english,16000,16000,1,2.32,-24.843406458398086,-10.637374965078546,0.0,0.0006027575000189245,KEEP,ok
231e1eb4b1e62363,clean\english\231e1eb4b1e62363.wav,librispeech,C:\Users\Suhaan\Downloads\dev-clean\LibriSpeech\dev-clean\1462\170138\1462-170138-0004.flac,1462,170138,english,16000,16000,1,2.51,-20.787717856103967,-5.738938366009218,0.0,0.0005907172453589737,KEEP,ok
c7d1d3e97e33ece5,clean\english\c7d1d3e97e33ece5.wav,librispeech,C:\Users\Suhaan\Downloads\dev-clean\LibriSpeech\dev-clean\1462\170138\1462-170138-0005.flac,1462,170138,english,16000,16000,1,13.165,-23.27237240242369,-6.051934900252128,0.0,0.0005739252083003521,KEEP,ok
ec15964277defb0f,clean\english\ec15964277defb0f.wav,librispeech,C:\Users\Suhaan\Downloads\dev-clean\LibriSpeech\dev-clean\1462\170138\1462-170138-0006.flac,1462,170138,english,16000,16000,1,8.58,-23.30477885284147,-6.5276185112078835,0.0,0.0006010411307215691,KEEP,ok
cfd3cd499e21026f,clean\english\cfd3cd499e21026f.wav,librispeech,C:\Users\Suhaan\Downloads\dev-clean\LibriSpeech\dev-clean\1462\170138\1462-170138-0007.flac,1462,170138,english,16000,16000,1,5.255,-23.167180286127326,-4.8309253707749535,0.0,0.0005976854008622468,KEEP,ok
7835b54ee53bf30c,clean\english\7835b54ee53bf30c.wav,librispeech,C:\Users\Suhaan\Downloads\dev-clean\LibriSpeech\dev-clean\1462\170138\1462-170138-0008.flac,1462,170138,english,16000,16000,1,6.32,-23.51576338970007,-5.734320531671628,0.0,0.000569113006349653,KEEP,ok
21dd2360d4ffc4d6,clean\english\21dd2360d4ffc4d6.wav,librispeech,C:\Users\Suhaan\Downloads\dev-clean\LibriSpeech\dev-clean\1462\170138\1462-170138-0009.flac,1462,170138,english,16000,16000,1,2.505,-23.247287311599322,-5.588840178551939,0.0,0.0005922412965446711,KEEP,ok
b9771393de0c420e,clean\english\b9771393de0c420e.wav,librispeech,C:\Users\Suhaan\Downloads\dev-clean\LibriSpeech\dev-clean\1462\170138\1462-170138-0010.flac,1462,170138,english,16000,16000,1,8.615,-22.248775452558593,-5.078507569740941,0.0,0.0005929471808485687,KEEP,ok
c68f0ee2c54fdf18,clean\english\c68f0ee2c54fdf18.wav,librispeech,C:\Users\Suhaan\Downloads\dev-clean\LibriSpeech\dev-clean\1462\170138\1462-170138-0011.flac,1462,170138,english,16000,16000,1,11.42,-22.560398890419812,-5.276234290230119,0.0,0.0005952728097327054,KEEP,ok
fc23c38569949a99,clean\english\fc23c38569949a99.wav,librispeech,C:\Users\Suhaan\Downloads\dev-clean\LibriSpeech\dev-clean\1462\170138\1462-170138-0012.flac,1462,170138,english,16000,16000,1,3.86,-22.719099449038072,-6.536615355037383,0.0,0.000548219948541373,KEEP,ok
3b8aaec946fb0462,clean\english\3b8aaec946fb0462.wav,librispeech,C:\Users\Suhaan\Downloads\dev-clean\LibriSpeech\dev-clean\1462\170138\1462-170138-0013.flac,1462,170138,english,16000,16000,1,7.02,-23.69626009028692,-8.157338075367923,0.0,0.0005502529675140977,KEEP,ok
dfd63760591102f5,clean\english\dfd63760591102f5.wav,librispeech,C:\Users\Suhaan\Downloads\dev-clean\LibriSpeech\dev-clean\1462\170138\1462-170138-0014.flac,1462,170138,english,16000,16000,1,4.92,-23.826709556247934,-8.16615658253291,0.0,0.0005695095169357955,KEEP,ok
0b58ef53c9272515,clean\english\0b58ef53c9272515.wav,librispeech,C:\Users\Suhaan\Downloads\dev-clean\LibriSpeech\dev-clean\1462\170138\1462-170138-0015.flac,1462,170138,english,16000,16000,1,3.38,-23.879225221531584,-4.569994383443387,0.0,0.0005639251321554184,KEEP,ok
599cc9cdf60f385d,clean\english\599cc9cdf60f385d.wav,librispeech,C:\Users\Suhaan\Downloads\dev-clean\LibriSpeech\dev-clean\1462\170138\1462-170138-0016.flac,1462,170138,english,16000,16000,1,3.43,-23.364803683232772,-8.963860914431363,0.0,0.000591056770645082,KEEP,ok
2d8cbb25c937b841,clean\english\2d8cbb25c937b841.wav,librispeech,C:\Users\Suhaan\Downloads\dev-clean\LibriSpeech\dev-clean\1462\170138\1462-170138-0017.flac,1462,170138,english,16000,16000,1,6.21,-22.024962466190527,-4.876812671617717,0.0,0.0005927901365794241,KEEP,ok
92500e28dbadcb20,clean\english\92500e28dbadcb20.wav,librispeech,C:\Users\Suhaan\Downloads\dev-clean\LibriSpeech\dev-clean\1462\170138\1462-170138-0018.flac,1462,170138,english,16000,16000,1,4.4049375,-21.885595517112307,-5.771332131376021,0.0,0.0005894942441955209,KEEP,ok
3af92800dda709ac,clean\english\3af92800dda709ac.wav,librispeech,C:\Users\Suhaan\Downloads\dev-clean\LibriSpeech\dev-clean\1462\170138\1462-170138-0019.flac,1462,170138,english,16000,16000,1,3.555,-22.041093539120517,-5.385430608977103,0.0,0.0005461546825245023,KEEP,ok
d68433f15b5127dc,clean\english\d68433f15b5127dc.wav,librispeech,C:\Users\Suhaan\Downloads\dev-clean\LibriSpeech\dev-clean\1462\170138\1462-170138-0020.flac,1462,170138,english,16000,16000,1,2.35,-23.624268828361878,-5.9424907670009475,0.0,0.0005888512823730707,KEEP,ok
d4630be27488aa10,clean\english\d4630be27488aa10.wav,librispeech,C:\Users\Suhaan\Downloads\dev-clean\LibriSpeech\dev-clean\1462\170138\1462-170138-0021.flac,1462,170138,english,16000,16000,1,9.645,-21.87637789150697,-7.112844039805747,0.0,0.0006051122327335179,KEEP,ok
872d5006bd80ca3e,clean\english\872d5006bd80ca3e.wav,librispeech,C:\Users\Suhaan\Downloads\dev-clean\LibriSpeech\dev-clean\1462\170138\1462-170138-0022.flac,1462,170138,english,16000,16000,1,6.185,-20.872333291802967,-5.69644446498171,0.0,0.0005877224029973149,KEEP,ok
c8215c61b2cb63d7,clean\english\c8215c61b2cb63d7.wav,librispeech,C:\Users\Suhaan\Downloads\dev-clean\LibriSpeech\dev-clean\1462\170138\1462-170138-0023.flac,1462,170138,english,16000,16000,1,9.5,-22.42520909007189,-3.4357073994296976,0.0,0.0005783169181086123,KEEP,ok
fa1b03952ddc2cc1,clean\english\fa1b03952ddc2cc1.wav,librispeech,C:\Users\Suhaan\Downloads\dev-clean\LibriSpeech\dev-clean\1462\170138\1462-170138-0024.flac,1462,170138,english,16000,16000,1,16.35,-21.992335974451333,-7.100828697402716,0.0,0.0005990149220451713,KEEP,ok
cf768e206526214b,clean\english\cf768e206526214b.wav,librispeech,C:\Users\Suhaan\Downloads\dev-clean\LibriSpeech\dev-clean\1462\170138\1462-170138-0025.flac,1462,170138,english,16000,16000,1,4.44,-23.804552717516778,-6.672698399204871,0.0,0.0005617214483208954,KEEP,ok
c32be11f557aedfb,clean\english\c32be11f557aedfb.wav,librispeech,C:\Users\Suhaan\Downloads\dev-clean\LibriSpeech\dev-clean\1462\170138\1462-170138-0026.flac,1462,170138,english,16000,16000,1,2.385,-24.75848939033106,-8.086437972291877,0.0,0.0005401435191743076,KEEP,ok
ae6ccc3eacfa1ef9,clean\english\ae6ccc3eacfa1ef9.wav,librispeech,C:\Users\Suhaan\Downloads\dev-clean\LibriSpeech\dev-clean\1462\170138\1462-170138-0027.flac,1462,170138,english,16000,16000,1,5.005,-22.890534109582493,-6.187600224390504,0.0,0.00060409982688725,KEEP,ok
ca723068d25a1d90,clean\english\ca723068d25a1d90.wav,librispeech,C:\Users\Suhaan\Downloads\dev-clean\LibriSpeech\dev-clean\1462\170142\1462-170142-0000.flac,1462,170142,english,16000,16000,1,4.715,-22.078836948839566,-4.993309342383961,0.0,0.000682709040120244,KEEP,ok
b333c33a5360a60b,clean\english\b333c33a5360a60b.wav,librispeech,C:\Users\Suhaan\Downloads\dev-clean\LibriSpeech\dev-clean\1462\170142\1462-170142-0001.flac,1462,170142,english,16000,16000,1,9.585,-21.151380521991445,-4.4825098633459595,0.0,0.0006971816183067858,KEEP,ok
267c141a8f202dcb,clean\english\267c141a8f202dcb.wav,librispeech,C:\Users\Suhaan\Downloads\dev-clean\LibriSpeech\dev-clean\1462\170142\1462-170142-0002.flac,1462,170142,english,16000,16000,1,6.45,-21.718633154624484,-1.9072420354499864,0.0,0.0006589688709937036,KEEP,ok
5cdd753280329490,clean\english\5cdd753280329490.wav,librispeech,C:\Users\Suhaan\Downloads\dev-clean\LibriSpeech\dev-clean\1462\170142\1462-170142-0003.flac,1462,170142,english,16000,16000,1,2.37,-20.180543354544263,-4.577624018049083,0.0,0.0006841756403446198,KEEP,ok
c01fde40298e4e66,clean\english\c01fde40298e4e66.wav,librispeech,C:\Users\Suhaan\Downloads\dev-clean\LibriSpeech\dev-clean\1462\170142\1462-170142-0004.flac,1462,170142,english,16000,16000,1,7.255,-21.46315927153331,-3.810186658896324,0.0,0.0006769754691049457,KEEP,ok
56dec88bf511b31c,clean\english\56dec88bf511b31c.wav,librispeech,C:\Users\Suhaan\Downloads\dev-clean\LibriSpeech\dev-clean\1462\170142\1462-170142-0005.flac,1462,170142,english,16000,16000,1,11.08,-23.39230704485989,-6.861027140408265,0.0,0.0006540952599607408,KEEP,ok
c8e7a3e1325e71fc,clean\english\c8e7a3e1325e71fc.wav,librispeech,C:\Users\Suhaan\Downloads\dev-clean\LibriSpeech\dev-clean\1462\170142\1462-170142-0006.flac,1462,170142,english,16000,16000,1,6.195,-22.39273254493769,-5.649076491351281,0.0,0.0006662339437752962,KEEP,ok
718373fe4bd68ef2,clean\english\718373fe4bd68ef2.wav,librispeech,C:\Users\Suhaan\Downloads\dev-clean\LibriSpeech\dev-clean\1462\170142\1462-170142-0007.flac,1462,170142,english,16000,16000,1,2.44,-19.044965086155308,-4.107033262070364,0.0,0.0007155347848311067,KEEP,ok
3abb8be07eb39b67,clean\english\3abb8be07eb39b67.wav,librispeech,C:\Users\Suhaan\Downloads\dev-clean\LibriSpeech\dev-clean\1462\170142\1462-170142-0008.flac,1462,170142,english,16000,16000,1,4.81,-21.19385454711074,-2.377340865526697,0.0,0.000647499633487314,KEEP,ok
71ad0e6465920bcc,clean\english\71ad0e6465920bcc.wav,librispeech,C:\Users\Suhaan\Downloads\dev-clean\LibriSpeech\dev-clean\1462\170142\1462-170142-0009.flac,1462,170142,english,16000,16000,1,6.335,-23.11924503111498,-4.759564998337844,0.0,0.0006498540169559419,KEEP,ok
98f262c3340bb6ea,clean\english\98f262c3340bb6ea.wav,librispeech,C:\Users\Suhaan\Downloads\dev-clean\LibriSpeech\dev-clean\1462\170142\1462-170142-0010.flac,1462,170142,english,16000,16000,1,4.58,-24.34491692451422,-8.655445086232113,0.0,0.0006225606775842607,KEEP,ok
b31a4ee5c0e473f3,clean\english\b31a4ee5c0e473f3.wav,librispeech,C:\Users\Suhaan\Downloads\dev-clean\LibriSpeech\dev-clean\1462\170142\1462-170142-0011.flac,1462,170142,english,16000,16000,1,3.26,-20.488221647006483,-3.5498354256003424,0.0,0.0006586232921108603,KEEP,ok
3d5706e283c330b5,clean\english\3d5706e283c330b5.wav,librispeech,C:\Users\Suhaan\Downloads\dev-clean\LibriSpeech\dev-clean\1462\170142\1462-170142-0012.flac,1462,170142,english,16000,16000,1,6.67,-20.73289153820655,-4.220049881870861,0.0,0.0007031873683445156,KEEP,ok
58ee224a3f0940ef,clean\english\58ee224a3f0940ef.wav,librispeech,C:\Users\Suhaan\Downloads\dev-clean\LibriSpeech\dev-clean\1462\170142\1462-170142-0013.flac,1462,170142,english,16000,16000,1,3.9,-22.176265410507536,-4.860098318214832,0.0,0.0006413337541744113,KEEP,ok
fae19a93c1f7f0d2,clean\english\fae19a93c1f7f0d2.wav,librispeech,C:\Users\Suhaan\Downloads\dev-clean\LibriSpeech\dev-clean\1462\170142\1462-170142-0014.flac,1462,170142,english,16000,16000,1,2.55,-23.054449949746996,-5.093741800470994,0.0,0.0006403859588317573,KEEP,ok
5a3974365a0fe5a5,clean\english\5a3974365a0fe5a5.wav,librispeech,C:\Users\Suhaan\Downloads\dev-clean\LibriSpeech\dev-clean\1462\170142\1462-170142-0015.flac,1462,170142,english,16000,16000,1,3.01,-20.82055749888815,-6.138559240565695,0.0,0.0006940322346054018,KEEP,ok
e643f81a0c7099d9,clean\english\e643f81a0c7099d9.wav,librispeech,C:\Users\Suhaan\Downloads\dev-clean\LibriSpeech\dev-clean\1462\170142\1462-170142-0016.flac,1462,170142,english,16000,16000,1,6.24,-20.838787379993015,-5.878627492748779,0.0,0.0007190120522864163,KEEP,ok
bf2f1d2f15a0df7e,clean\english\bf2f1d2f15a0df7e.wav,librispeech,C:\Users\Suhaan\Downloads\dev-clean\LibriSpeech\dev-clean\1462\170142\1462-170142-0017.flac,1462,170142,english,16000,16000,1,2.315,-18.884257670995957,-2.5783059973847826,0.0,0.0007741314475424588,KEEP,ok
b68c85dd3c09411b,clean\english\b68c85dd3c09411b.wav,librispeech,C:\Users\Suhaan\Downloads\dev-clean\LibriSpeech\dev-clean\1462\170142\1462-170142-0018.flac,1462,170142,english,16000,16000,1,3.265,-22.965479185103334,-7.635027776878829,0.0,0.0007222869317047298,KEEP,ok
7bbbd4ba955c27b0,clean\english\7bbbd4ba955c27b0.wav,librispeech,C:\Users\Suhaan\Downloads\dev-clean\LibriSpeech\dev-clean\1462\170142\1462-170142-0019.flac,1462,170142,english,16000,16000,1,10.245,-24.223396048677625,-6.9190368054950016,0.0,0.0006811528000980616,KEEP,ok
60cf3b20c3df3dce,clean\english\60cf3b20c3df3dce.wav,librispeech,C:\Users\Suhaan\Downloads\dev-clean\LibriSpeech\dev-clean\1462\170142\1462-170142-0020.flac,1462,170142,english,16000,16000,1,4.945,-25.93541098930221,-6.314443523053237,0.0,0.0006886195624247193,KEEP,ok
ca10565b5de4fbe0,clean\english\ca10565b5de4fbe0.wav,librispeech,C:\Users\Suhaan\Downloads\dev-clean\LibriSpeech\dev-clean\1462\170142\1462-170142-0021.flac,1462,170142,english,16000,16000,1,8.17,-24.1581968727356,-8.185180753926053,0.0,0.0006770314648747444,KEEP,ok
f097f279c837deee,clean\english\f097f279c837deee.wav,librispeech,C:\Users\Suhaan\Downloads\dev-clean\LibriSpeech\dev-clean\1462\170142\1462-170142-0022.flac,1462,170142,english,16000,16000,1,3.76,-24.528090792082825,-9.490625684223872,0.0,0.000679756747558713,KEEP,ok
2df18a19f8c78275,clean\english\2df18a19f8c78275.wav,librispeech,C:\Users\Suhaan\Downloads\dev-clean\LibriSpeech\dev-clean\1462\170142\1462-170142-0023.flac,1462,170142,english,16000,16000,1,2.81,-22.882718817325905,-6.5253707555796145,0.0,0.0006646872498095036,KEEP,ok
e28ba7916be08c62,clean\english\e28ba7916be08c62.wav,librispeech,C:\Users\Suhaan\Downloads\dev-clean\LibriSpeech\dev-clean\1462\170142\1462-170142-0024.flac,1462,170142,english,16000,16000,1,2.155,-24.425714105067367,-5.99994884152935,0.0,0.0006473656394518912,KEEP,ok
c5364591a123a64c,clean\english\c5364591a123a64c.wav,librispeech,C:\Users\Suhaan\Downloads\dev-clean\LibriSpeech\dev-clean\1462\170142\1462-170142-0025.flac,1462,170142,english,16000,16000,1,5.55,-26.175901709330454,-8.149205853844117,0.0,0.0006353522767312825,KEEP,ok
278fae954464e71c,clean\english\278fae954464e71c.wav,librispeech,C:\Users\Suhaan\Downloads\dev-clean\LibriSpeech\dev-clean\1462\170142\1462-170142-0026.flac,1462,170142,english,16000,16000,1,4.835,-25.210859212715448,-8.923038456883774,0.0,0.0006608910043723881,KEEP,ok
09d62601d1e222c3,clean\english\09d62601d1e222c3.wav,librispeech,C:\Users\Suhaan\Downloads\dev-clean\LibriSpeech\dev-clean\1462\170142\1462-170142-0027.flac,1462,170142,english,16000,16000,1,4.19,-23.773007142383157,-8.446871559636225,0.0,0.0007066212128847837,KEEP,ok
00a7741bea912233,clean\english\00a7741bea912233.wav,librispeech,C:\Users\Suhaan\Downloads\dev-clean\LibriSpeech\dev-clean\1462\170142\1462-170142-0028.flac,1462,170142,english,16000,16000,1,3.005,-24.8233110511907,-4.4652068467243815,0.0,0.000650782254524529,KEEP,ok
eed2e62c1973cd2b,clean\english\eed2e62c1973cd2b.wav,librispeech,C:\Users\Suhaan\Downloads\dev-clean\LibriSpeech\dev-clean\1462\170142\1462-170142-0029.flac,1462,170142,english,16000,16000,1,3.975,-25.346561778910885,-5.127638463947997,0.0,0.0006170989945530891,KEEP,ok
5ff6a27f39f338b2,clean\english\5ff6a27f39f338b2.wav,librispeech,C:\Users\Suhaan\Downloads\dev-clean\LibriSpeech\dev-clean\1462\170142\1462-170142-0030.flac,1462,170142,english,16000,16000,1,2.705,-25.1211435561638,-9.21903576646082,0.0,0.0006456568953581154,KEEP,ok
f7d2c98164a075ec,clean\english\f7d2c98164a075ec.wav,librispeech,C:\Users\Suhaan\Downloads\dev-clean\LibriSpeech\dev-clean\1462\170142\1462-170142-0031.flac,1462,170142,english,16000,16000,1,4.825,-24.547590856700133,-8.258266561712947,0.0,0.0006630801944993436,KEEP,ok
f6f8bb100c842a6f,clean\english\f6f8bb100c842a6f.wav,librispeech,C:\Users\Suhaan\Downloads\dev-clean\LibriSpeech\dev-clean\1462\170142\1462-170142-0032.flac,1462,170142,english,16000,16000,1,2.77,-25.99434757891439,-7.27424907842399,0.0,0.0006038211286067963,KEEP,ok
5cc87edbd0d3f383,clean\english\5cc87edbd0d3f383.wav,librispeech,C:\Users\Suhaan\Downloads\dev-clean\LibriSpeech\dev-clean\1462\170142\1462-170142-0033.flac,1462,170142,english,16000,16000,1,4.18,-24.562307656375417,-7.132705764709827,0.0,0.0006616647006012499,KEEP,ok
5a81e0e201348114,clean\english\5a81e0e201348114.wav,librispeech,C:\Users\Suhaan\Downloads\dev-clean\LibriSpeech\dev-clean\1462\170142\1462-170142-0034.flac,1462,170142,english,16000,16000,1,2.52,-23.178807182135603,-7.636943288991138,0.0,0.0006693219183944166,KEEP,ok
97b2e4a6852604c5,clean\english\97b2e4a6852604c5.wav,librispeech,C:\Users\Suhaan\Downloads\dev-clean\LibriSpeech\dev-clean\1462\170142\1462-170142-0035.flac,1462,170142,english,16000,16000,1,2.67,-20.909389618181788,-2.08030865589427,0.0,0.0006406462634913623,KEEP,ok
9197e3f9130c70aa,clean\english\9197e3f9130c70aa.wav,librispeech,C:\Users\Suhaan\Downloads\dev-clean\LibriSpeech\dev-clean\1462\170142\1462-170142-0036.flac,1462,170142,english,16000,16000,1,3.07,-21.959491680570338,-8.556919225438198,0.0,0.0006979989120736718,KEEP,ok
738fadb7ba8b4ee6,clean\english\738fadb7ba8b4ee6.wav,librispeech,C:\Users\Suhaan\Downloads\dev-clean\LibriSpeech\dev-clean\1462\170142\1462-170142-0037.flac,1462,170142,english,16000,16000,1,4.325,-21.326603237602328,-4.992838345467214,0.0,0.0006086563225835562,KEEP,ok
29f98493f44ed2bc,clean\english\29f98493f44ed2bc.wav,librispeech,C:\Users\Suhaan\Downloads\dev-clean\LibriSpeech\dev-clean\1462\170142\1462-170142-0038.flac,1462,170142,english,16000,16000,1,4.86,-24.49940883523929,-7.935108541237602,0.0,0.0006480365991592407,KEEP,ok
880fd26a715b6603,clean\english\880fd26a715b6603.wav,librispeech,C:\Users\Suhaan\Downloads\dev-clean\LibriSpeech\dev-clean\1462\170142\1462-170142-0039.flac,1462,170142,english,16000,16000,1,4.715,-22.688081156009847,-5.961952301567105,0.0,0.0006507756188511848,KEEP,ok
2f584158f7ec0f4f,clean\english\2f584158f7ec0f4f.wav,librispeech,C:\Users\Suhaan\Downloads\dev-clean\LibriSpeech\dev-clean\1462\170142\1462-170142-0040.flac,1462,170142,english,16000,16000,1,4.6,-22.714784619475704,-5.7102449810356815,0.0,0.0006291903555393219,KEEP,ok
033102a2e4cb6513,clean\english\033102a2e4cb6513.wav,librispeech,C:\Users\Suhaan\Downloads\dev-clean\LibriSpeech\dev-clean\1462\170142\1462-170142-0041.flac,1462,170142,english,16000,16000,1,5.575,-26.429772383826766,-9.118487644420547,0.0,0.0005869310116395354,KEEP,ok
36b5ad27d073ab5d,clean\english\36b5ad27d073ab5d.wav,librispeech,C:\Users\Suhaan\Downloads\dev-clean\LibriSpeech\dev-clean\1462\170142\1462-170142-0042.flac,1462,170142,english,16000,16000,1,3.24,-31.703326421095014,-13.564808143170229,0.0,0.0005597196868620813,KEEP,ok
3c3a071aa3258c7c,clean\english\3c3a071aa3258c7c.wav,librispeech,C:\Users\Suhaan\Downloads\dev-clean\LibriSpeech\dev-clean\1462\170145\1462-170145-0000.flac,1462,170145,english,16000,16000,1,15.405,-22.373890102745552,-5.039591377970667,0.0,0.0005981222493574023,KEEP,ok
87e0a0fd54dfdb6a,clean\english\87e0a0fd54dfdb6a.wav,librispeech,C:\Users\Suhaan\Downloads\dev-clean\LibriSpeech\dev-clean\1462\170145\1462-170145-0001.flac,1462,170145,english,16000,16000,1,4.8250625,-22.27741567832323,-6.173560238082706,0.0,0.0005911467014811933,KEEP,ok
15fbc1ae1dfd424a,clean\english\15fbc1ae1dfd424a.wav,librispeech,C:\Users\Suhaan\Downloads\dev-clean\LibriSpeech\dev-clean\1462\170145\1462-170145-0002.flac,1462,170145,english,16000,16000,1,2.845,-25.50772613305587,-7.564449170336227,0.0,0.0005009877495467663,KEEP,ok
585b2ee3d896ce75,clean\english\585b2ee3d896ce75.wav,librispeech,C:\Users\Suhaan\Downloads\dev-clean\LibriSpeech\dev-clean\1462\170145\1462-170145-0003.flac,1462,170145,english,16000,16000,1,8.735,-24.315271764717345,-6.189221684145326,0.0,0.0005151623045094311,KEEP,ok
8051653c53db9cb7,clean\english\8051653c53db9cb7.wav,librispeech,C:\Users\Suhaan\Downloads\dev-clean\LibriSpeech\dev-clean\1462\170145\1462-170145-0004.flac,1462,170145,english,16000,16000,1,8.275,-24.453136396186462,-6.195710551760612,0.0,0.0005239653983153403,KEEP,ok
aaf71c5718ab6c52,clean\english\aaf71c5718ab6c52.wav,librispeech,C:\Users\Suhaan\Downloads\dev-clean\LibriSpeech\dev-clean\1462\170145\1462-170145-0005.flac,1462,170145,english,16000,16000,1,3.72,-23.394794219864753,-5.89585570924935,0.0,0.0005289800465106964,KEEP,ok
5bfe3dc4f7260bf3,clean\english\5bfe3dc4f7260bf3.wav,librispeech,C:\Users\Suhaan\Downloads\dev-clean\LibriSpeech\dev-clean\1462\170145\1462-170145-0006.flac,1462,170145,english,16000,16000,1,3.46,-22.01331584789861,-5.452209325737972,0.0,0.0005689025856554508,KEEP,ok
cdeb972eb5d19d30,clean\english\cdeb972eb5d19d30.wav,librispeech,C:\Users\Suhaan\Downloads\dev-clean\LibriSpeech\dev-clean\1462\170145\1462-170145-0007.flac,1462,170145,english,16000,16000,1,6.32,-20.779527321959826,-3.4977370325269375,0.0,0.0005672370316460729,KEEP,ok
b611d523a7a009e2,clean\english\b611d523a7a009e2.wav,librispeech,C:\Users\Suhaan\Downloads\dev-clean\LibriSpeech\dev-clean\1462\170145\1462-170145-0008.flac,1462,170145,english,16000,16000,1,3.15,-26.060167224603667,-9.113187907715142,0.0,0.0005063641001470387,KEEP,ok
a2f6eb1d7d8c1fbc,clean\english\a2f6eb1d7d8c1fbc.wav,librispeech,C:\Users\Suhaan\Downloads\dev-clean\LibriSpeech\dev-clean\1462\170145\1462-170145-0009.flac,1462,170145,english,16000,16000,1,2.925,-25.037724951605277,-9.118487644420547,0.0,0.0004984367988072336,KEEP,ok
cd46788b92558c5c,clean\english\cd46788b92558c5c.wav,librispeech,C:\Users\Suhaan\Downloads\dev-clean\LibriSpeech\dev-clean\1462\170145\1462-170145-0010.flac,1462,170145,english,16000,16000,1,2.945,-23.976090953527034,-7.7313246571988925,0.0,0.000520000874530524,KEEP,ok
bf67dc29dae612b8,clean\english\bf67dc29dae612b8.wav,librispeech,C:\Users\Suhaan\Downloads\dev-clean\LibriSpeech\dev-clean\1462\170145\1462-170145-0011.flac,1462,170145,english,16000,16000,1,2.465,-24.78324367133289,-9.420555584957498,0.0,0.0005415291525423527,KEEP,ok
c1c8d651a88bfb51,clean\english\c1c8d651a88bfb51.wav,librispeech,C:\Users\Suhaan\Downloads\dev-clean\LibriSpeech\dev-clean\1462\170145\1462-170145-0012.flac,1462,170145,english,16000,16000,1,2.7,-25.561362523380353,-6.817336915642359,0.0,0.0005008280859328806,KEEP,ok
642fbb2d4f714c92,clean\english\642fbb2d4f714c92.wav,librispeech,C:\Users\Suhaan\Downloads\dev-clean\LibriSpeech\dev-clean\1462\170145\1462-170145-0013.flac,1462,170145,english,16000,16000,1,4.8,-25.72392563880628,-9.55250368742752,0.0,0.0004951568553224206,KEEP,ok
295e70cafbc9c69e,clean\english\295e70cafbc9c69e.wav,librispeech,C:\Users\Suhaan\Downloads\dev-clean\LibriSpeech\dev-clean\1462\170145\1462-170145-0014.flac,1462,170145,english,16000,16000,1,2.97,-24.87392738587943,-8.393062827098314,0.0,0.0005282129277475178,KEEP,ok
0cfce1751309755d,clean\english\0cfce1751309755d.wav,librispeech,C:\Users\Suhaan\Downloads\dev-clean\LibriSpeech\dev-clean\1462\170145\1462-170145-0015.flac,1462,170145,english,16000,16000,1,6.055,-22.705981482053335,-7.273024247337131,0.0,0.0005835160845890641,KEEP,ok
d2ae3607298952ee,clean\english\d2ae3607298952ee.wav,librispeech,C:\Users\Suhaan\Downloads\dev-clean\LibriSpeech\dev-clean\1462\170145\1462-170145-0016.flac,1462,170145,english,16000,16000,1,4.175,-22.61083926730597,-8.597479304824283,0.0,0.0005605823243968189,KEEP,ok
c738435b2b1ef0f9,clean\english\c738435b2b1ef0f9.wav,librispeech,C:\Users\Suhaan\Downloads\dev-clean\LibriSpeech\dev-clean\1462\170145\1462-170145-0017.flac,1462,170145,english,16000,16000,1,3.255,-24.166765839969365,-9.925010678088599,0.0,0.0005607517086900771,KEEP,ok
ab6f939497ff0b23,clean\english\ab6f939497ff0b23.wav,librispeech,C:\Users\Suhaan\Downloads\dev-clean\LibriSpeech\dev-clean\1462\170145\1462-170145-0018.flac,1462,170145,english,16000,16000,1,2.025,-23.713549205883982,-10.262221081353228,0.0,0.0005450062453746796,KEEP,ok
99d187ed6a34627c,clean\english\99d187ed6a34627c.wav,librispeech,C:\Users\Suhaan\Downloads\dev-clean\LibriSpeech\dev-clean\1462\170145\1462-170145-0019.flac,1462,170145,english,16000,16000,1,2.69,-23.821142908448802,-6.769241203178142,0.0,0.0005066485027782619,KEEP,ok
3d075e2e6be7cff7,clean\english\3d075e2e6be7cff7.wav,librispeech,C:\Users\Suhaan\Downloads\dev-clean\LibriSpeech\dev-clean\1462\170145\1462-170145-0020.flac,1462,170145,english,16000,16000,1,2.15,-24.372766917700474,-7.397612743334577,0.0,0.0004920551436953247,KEEP,ok
89606cb47d56a1f9,clean\english\89606cb47d56a1f9.wav,librispeech,C:\Users\Suhaan\Downloads\dev-clean\LibriSpeech\dev-clean\1462\170145\1462-170145-0021.flac,1462,170145,english,16000,16000,1,2.555,-25.054650650381728,-8.520081533717676,0.0,0.0005309252301231027,KEEP,ok
a4bf549ec3b0df14,clean\english\a4bf549ec3b0df14.wav,librispeech,C:\Users\Suhaan\Downloads\dev-clean\LibriSpeech\dev-clean\1462\170145\1462-170145-0022.flac,1462,170145,english,16000,16000,1,6.51,-21.785061278445788,-4.1680679948339865,0.0,0.0005522879073396325,KEEP,ok
7a6959d0d7a62ba8,clean\english\7a6959d0d7a62ba8.wav,librispeech,C:\Users\Suhaan\Downloads\dev-clean\LibriSpeech\dev-clean\1673\143396\1673-143396-0000.flac,1673,143396,english,16000,16000,1,14.675,-19.98772109629693,-1.8627841991584444,0.0,1.1923821148229763e-05,KEEP,ok
2b29aac3f9b5b26d,clean\english\2b29aac3f9b5b26d.wav,librispeech,C:\Users\Suhaan\Downloads\dev-clean\LibriSpeech\dev-clean\1673\143396\1673-143396-0001.flac,1673,143396,english,16000,16000,1,14.05,-18.403277275615903,-1.835235951425641,0.0,2.0342518837423995e-05,KEEP,ok
7c9baec64b98c9fe,clean\english\7c9baec64b98c9fe.wav,librispeech,C:\Users\Suhaan\Downloads\dev-clean\LibriSpeech\dev-clean\1673\143396\1673-143396-0002.flac,1673,143396,english,16000,16000,1,7.85,-19.618625855225844,-2.059451745889647,0.0,1.4033226761966944e-05,KEEP,ok
3a77f11564ed4637,clean\english\3a77f11564ed4637.wav,librispeech,C:\Users\Suhaan\Downloads\dev-clean\LibriSpeech\dev-clean\1673\143396\1673-143396-0003.flac,1673,143396,english,16000,16000,1,11.355,-19.538264059260303,-1.6240096512648483,0.0,2.968963235616684e-05,KEEP,ok
4e9b5cf42d53a4a3,clean\english\4e9b5cf42d53a4a3.wav,librispeech,C:\Users\Suhaan\Downloads\dev-clean\LibriSpeech\dev-clean\1673\143396\1673-143396-0004.flac,1673,143396,english,16000,16000,1,19.915,-18.949087005042987,-1.5435326293471703,0.0,1.9985354811069556e-05,KEEP,ok
0efb79f5175eda88,clean\english\0efb79f5175eda88.wav,librispeech,C:\Users\Suhaan\Downloads\dev-clean\LibriSpeech\dev-clean\1673\143396\1673-143396-0005.flac,1673,143396,english,16000,16000,1,11.7400625,-19.395713785600996,-1.8198600858263112,0.0,1.404395698045846e-05,KEEP,ok
f4a91c732964c104,clean\english\f4a91c732964c104.wav,librispeech,C:\Users\Suhaan\Downloads\dev-clean\LibriSpeech\dev-clean\1673\143396\1673-143396-0006.flac,1673,143396,english,16000,16000,1,15.92,-18.557595721911035,-1.6630848503141005,0.0,4.5155040425015613e-05,KEEP,ok
3b7b856a5de3e016,clean\english\3b7b856a5de3e016.wav,librispeech,C:\Users\Suhaan\Downloads\dev-clean\LibriSpeech\dev-clean\1673\143396\1673-143396-0007.flac,1673,143396,english,16000,16000,1,7.095,-20.331964605523652,-1.892397458672082,0.0,1.5369008906418458e-05,KEEP,ok
5e10bac345366ec1,clean\english\5e10bac345366ec1.wav,librispeech,C:\Users\Suhaan\Downloads\dev-clean\LibriSpeech\dev-clean\1673\143396\1673-143396-0008.flac,1673,143396,english,16000,16000,1,17.65,-19.734318751695884,-1.6470491598346018,0.0,1.5231772522383835e-05,KEEP,ok
e96040ebcccdca4a,clean\english\e96040ebcccdca4a.wav,librispeech,C:\Users\Suhaan\Downloads\dev-clean\LibriSpeech\dev-clean\1673\143396\1673-143396-0009.flac,1673,143396,english,16000,16000,1,16.46,-19.407283614252243,-1.7346430351177244,0.0,2.029170900641475e-05,KEEP,ok
0dd17c0b4aae0b4c,clean\english\0dd17c0b4aae0b4c.wav,librispeech,C:\Users\Suhaan\Downloads\dev-clean\LibriSpeech\dev-clean\1673\143396\1673-143396-0010.flac,1673,143396,english,16000,16000,1,11.995,-19.464156888775722,-1.857858456807158,0.0,1.6977866835077293e-05,KEEP,ok
d57f201fb0a6a770,clean\english\d57f201fb0a6a770.wav,librispeech,C:\Users\Suhaan\Downloads\dev-clean\LibriSpeech\dev-clean\1673\143396\1673-143396-0011.flac,1673,143396,english,16000,16000,1,16.415,-20.80642116922268,-1.829671325588649,0.0,1.4864072909404058e-05,KEEP,ok
7ce4033ecc1e8676,clean\english\7ce4033ecc1e8676.wav,librispeech,C:\Users\Suhaan\Downloads\dev-clean\LibriSpeech\dev-clean\1673\143396\1673-143396-0012.flac,1673,143396,english,16000,16000,1,14.47,-19.806396279412464,-1.7583028174134885,0.0,1.4945467228244524e-05,KEEP,ok
c93b9f6b7f2823bd,clean\english\c93b9f6b7f2823bd.wav,librispeech,C:\Users\Suhaan\Downloads\dev-clean\LibriSpeech\dev-clean\1673\143396\1673-143396-0013.flac,1673,143396,english,16000,16000,1,15.52,-19.177563181186624,-1.6878378603538553,0.0,2.6049565349239856e-05,KEEP,ok
4dec7488fa139cbb,clean\english\4dec7488fa139cbb.wav,librispeech,C:\Users\Suhaan\Downloads\dev-clean\LibriSpeech\dev-clean\1673\143396\1673-143396-0014.flac,1673,143396,english,16000,16000,1,13.985,-20.6272188680163,-1.8973428325723907,0.0,1.6688652976881713e-05,KEEP,ok
26e28ef7ded0e1e9,clean\english\26e28ef7ded0e1e9.wav,librispeech,C:\Users\Suhaan\Downloads\dev-clean\LibriSpeech\dev-clean\1673\143396\1673-143396-0015.flac,1673,143396,english,16000,16000,1,6.305,-18.658782974819445,-1.7882127113510142,0.0,2.6665369659895077e-05,KEEP,ok
736aa11e82ad1710,clean\english\736aa11e82ad1710.wav,librispeech,C:\Users\Suhaan\Downloads\dev-clean\LibriSpeech\dev-clean\1673\143396\1673-143396-0016.flac,1673,143396,english,16000,16000,1,14.455,-18.88311286966809,-1.829344105650843,0.0,1.6644271454424597e-05,KEEP,ok
42372de514735d99,clean\english\42372de514735d99.wav,librispeech,C:\Users\Suhaan\Downloads\dev-clean\LibriSpeech\dev-clean\1673\143396\1673-143396-0017.flac,1673,143396,english,16000,16000,1,8.43,-20.34789299562021,-2.254831765355349,0.0,2.1976366042508744e-05,KEEP,ok
3917fbff7e87819a,clean\english\3917fbff7e87819a.wav,librispeech,C:\Users\Suhaan\Downloads\dev-clean\LibriSpeech\dev-clean\1673\143396\1673-143396-0018.flac,1673,143396,english,16000,16000,1,12.655,-20.346210497217033,-1.6949231248193117,0.0,1.890196836029645e-05,KEEP,ok
8b334a32b929d02b,clean\english\8b334a32b929d02b.wav,librispeech,C:\Users\Suhaan\Downloads\dev-clean\LibriSpeech\dev-clean\1673\143396\1673-143396-0019.flac,1673,143396,english,16000,16000,1,15.485,-20.123638041374864,-1.6557047556062499,0.0,1.5675486793043092e-05,KEEP,ok
d91bcb98875666aa,clean\english\d91bcb98875666aa.wav,librispeech,C:\Users\Suhaan\Downloads\dev-clean\LibriSpeech\dev-clean\1673\143396\1673-143396-0020.flac,1673,143396,english,16000,16000,1,15.02,-20.623477769334926,-1.8067956483207355,0.0,4.5707793105975725e-06,KEEP,ok
706f748a78c74fb9,clean\english\706f748a78c74fb9.wav,librispeech,C:\Users\Suhaan\Downloads\dev-clean\LibriSpeech\dev-clean\1673\143397\1673-143397-0000.flac,1673,143397,english,16000,16000,1,9.35,-21.885770429755258,-1.5207657134786632,0.0,1.2771892215823755e-05,KEEP,ok
41758ccad1ce39e1,clean\english\41758ccad1ce39e1.wav,librispeech,C:\Users\Suhaan\Downloads\dev-clean\LibriSpeech\dev-clean\1673\143397\1673-143397-0001.flac,1673,143397,english,16000,16000,1,8.895,-19.703690481263067,-1.4368555675040446,0.0,1.55864363478031e-05,KEEP,ok
5e50d4b5033e5238,clean\english\5e50d4b5033e5238.wav,librispeech,C:\Users\Suhaan\Downloads\dev-clean\LibriSpeech\dev-clean\1673\143397\1673-143397-0002.flac,1673,143397,english,16000,16000,1,13.03,-20.46304238858309,-1.4647356447379765,0.0,1.1971796084253583e-05,KEEP,ok
3350fe252c0a23e1,clean\english\3350fe252c0a23e1.wav,librispeech,C:\Users\Suhaan\Downloads\dev-clean\LibriSpeech\dev-clean\1673\143397\1673-143397-0003.flac,1673,143397,english,16000,16000,1,11.18,-21.158947401169183,-2.734138322933966,0.0,1.3809340998705011e-05,KEEP,ok
da7e16a24bc2720e,clean\english\da7e16a24bc2720e.wav,librispeech,C:\Users\Suhaan\Downloads\dev-clean\LibriSpeech\dev-clean\1673\143397\1673-143397-0004.flac,1673,143397,english,16000,16000,1,12.07,-21.526015025367606,-1.401274238551066,0.0,1.188782334793359e-05,KEEP,ok
2a49f913b7e0b0ce,clean\english\2a49f913b7e0b0ce.wav,librispeech,C:\Users\Suhaan\Downloads\dev-clean\LibriSpeech\dev-clean\1673\143397\1673-143397-0005.flac,1673,143397,english,16000,16000,1,9.895,-21.21316221691332,-1.2907821786199554,0.0,1.3727320038015023e-05,KEEP,ok
f8bde3b262ffee05,clean\english\f8bde3b262ffee05.wav,librispeech,C:\Users\Suhaan\Downloads\dev-clean\LibriSpeech\dev-clean\1673\143397\1673-143397-0006.flac,1673,143397,english,16000,16000,1,8.535,-23.209384029157192,-2.2778863339364968,0.0,1.2185354535176884e-05,KEEP,ok
e56bc5b9c9f7c2de,clean\english\e56bc5b9c9f7c2de.wav,librispeech,C:\Users\Suhaan\Downloads\dev-clean\LibriSpeech\dev-clean\1673\143397\1673-143397-0007.flac,1673,143397,english,16000,16000,1,5.16,-16.709170406700846,-1.3098707003235155,0.0,6.352357740979642e-05,KEEP,ok
af480b9b6d0cddef,clean\english\af480b9b6d0cddef.wav,librispeech,C:\Users\Suhaan\Downloads\dev-clean\LibriSpeech\dev-clean\1673\143397\1673-143397-0008.flac,1673,143397,english,16000,16000,1,4.275,-21.582972303468413,-3.263032408507031,0.0,1.3139959264663048e-05,KEEP,ok
55e0f5a0cc914739,clean\english\55e0f5a0cc914739.wav,librispeech,C:\Users\Suhaan\Downloads\dev-clean\LibriSpeech\dev-clean\1673\143397\1673-143397-0009.flac,1673,143397,english,16000,16000,1,3.6,-17.720415485409728,-1.2932428577363988,0.0,2.8693941203528084e-05,KEEP,ok
a98c19917031d4d1,clean\english\a98c19917031d4d1.wav,librispeech,C:\Users\Suhaan\Downloads\dev-clean\LibriSpeech\dev-clean\1673\143397\1673-143397-0010.flac,1673,143397,english,16000,16000,1,12.0,-20.72973865206912,-1.2960119552516638,0.0,1.535987939860206e-05,KEEP,ok
1f89a1eaf8c5c76d,clean\english\1f89a1eaf8c5c76d.wav,librispeech,C:\Users\Suhaan\Downloads\dev-clean\LibriSpeech\dev-clean\1673\143397\1673-143397-0011.flac,1673,143397,english,16000,16000,1,14.195,-21.573143701789192,-1.453134180398976,0.0,1.307639013248263e-05,KEEP,ok
817ef0c711cb812c,clean\english\817ef0c711cb812c.wav,librispeech,C:\Users\Suhaan\Downloads\dev-clean\LibriSpeech\dev-clean\1673\143397\1673-143397-0012.flac,1673,143397,english,16000,16000,1,9.33,-21.78596485434172,-4.053607558148366,0.0,1.3000840226595756e-05,KEEP,ok
45a6f2ac19e76d92,clean\english\45a6f2ac19e76d92.wav,librispeech,C:\Users\Suhaan\Downloads\dev-clean\LibriSpeech\dev-clean\1673\143397\1673-143397-0013.flac,1673,143397,english,16000,16000,1,6.675,-22.700231094362337,-1.3636668713292786,0.0,1.3842350199411158e-05,KEEP,ok
67d8670474872c9b,clean\english\67d8670474872c9b.wav,librispeech,C:\Users\Suhaan\Downloads\dev-clean\LibriSpeech\dev-clean\1673\143397\1673-143397-0014.flac,1673,143397,english,16000,16000,1,9.395,-20.790118561713374,-2.6805595398473594,0.0,1.4643443137174472e-05,KEEP,ok
3601d16a8dbe5613,clean\english\3601d16a8dbe5613.wav,librispeech,C:\Users\Suhaan\Downloads\dev-clean\LibriSpeech\dev-clean\1673\143397\1673-143397-0015.flac,1673,143397,english,16000,16000,1,6.345,-19.525053163505234,-1.3342541103065444,0.0,1.4965998161642347e-05,KEEP,ok
986f41f1e479ae01,clean\english\986f41f1e479ae01.wav,librispeech,C:\Users\Suhaan\Downloads\dev-clean\LibriSpeech\dev-clean\1673\143397\1673-143397-0016.flac,1673,143397,english,16000,16000,1,15.285,-22.30863632686845,-1.419046683390051,0.0,1.44091236506938e-05,KEEP,ok
7c2d4cd204a998d5,clean\english\7c2d4cd204a998d5.wav,librispeech,C:\Users\Suhaan\Downloads\dev-clean\LibriSpeech\dev-clean\1673\143397\1673-143397-0017.flac,1673,143397,english,16000,16000,1,7.055,-21.606481101190248,-1.9875108807464712,0.0,1.1998047739325557e-05,KEEP,ok
b36d02b7fdd8c12d,clean\english\b36d02b7fdd8c12d.wav,librispeech,C:\Users\Suhaan\Downloads\dev-clean\LibriSpeech\dev-clean\1673\143397\1673-143397-0018.flac,1673,143397,english,16000,16000,1,4.265,-19.670823817264136,-2.524259023224033,0.0,9.687900274002459e-06,KEEP,ok
74e4c7b0f42d02ed,clean\english\74e4c7b0f42d02ed.wav,librispeech,C:\Users\Suhaan\Downloads\dev-clean\LibriSpeech\dev-clean\1673\143397\1673-143397-0019.flac,1673,143397,english,16000,16000,1,15.695,-20.92270631629113,-1.4791807284487084,0.0,1.0231020496576093e-05,KEEP,ok
8278bd05fd0c0fde,clean\english\8278bd05fd0c0fde.wav,librispeech,C:\Users\Suhaan\Downloads\dev-clean\LibriSpeech\dev-clean\1673\143397\1673-143397-0020.flac,1673,143397,english,16000,16000,1,16.32,-19.98886259186614,-1.3720444960781821,0.0,1.76915928022936e-05,KEEP,ok
b99f33aaacf90e8d,clean\english\b99f33aaacf90e8d.wav,librispeech,C:\Users\Suhaan\Downloads\dev-clean\LibriSpeech\dev-clean\174\168635\174-168635-0000.flac,174,168635,english,16000,16000,1,4.53,-28.17602088325097,-5.919403937891579,0.0,0.0001244416635017842,KEEP,ok
f0cf30eae0352e9f,clean\english\f0cf30eae0352e9f.wav,librispeech,C:\Users\Suhaan\Downloads\dev-clean\LibriSpeech\dev-clean\174\168635\174-168635-0001.flac,174,168635,english,16000,16000,1,4.65,-27.802554735834292,-5.556616100270576,0.0,0.0001182531559607014,KEEP,ok
69ee18cf6169eb11,clean\english\69ee18cf6169eb11.wav,librispeech,C:\Users\Suhaan\Downloads\dev-clean\LibriSpeech\dev-clean\174\168635\174-168635-0002.flac,174,168635,english,16000,16000,1,15.86,-26.79886005662992,-4.371309188423417,0.0,0.000122474753879942,KEEP,ok
e0ead4956e127839,clean\english\e0ead4956e127839.wav,librispeech,C:\Users\Suhaan\Downloads\dev-clean\LibriSpeech\dev-clean\174\168635\174-168635-0003.flac,174,168635,english,16000,16000,1,13.18,-27.60358151972102,-2.3474194856921247,0.0,0.000123156831250526,KEEP,ok
7321cbca5c331879,clean\english\7321cbca5c331879.wav,librispeech,C:\Users\Suhaan\Downloads\dev-clean\LibriSpeech\dev-clean\174\168635\174-168635-0004.flac,174,168635,english,16000,16000,1,12.77,-27.34538883190247,-5.22674190767301,0.0,0.00011316715972498059,KEEP,ok
46a948a9097c80a0,clean\english\46a948a9097c80a0.wav,librispeech,C:\Users\Suhaan\Downloads\dev-clean\LibriSpeech\dev-clean\174\168635\174-168635-0005.flac,174,168635,english,16000,16000,1,7.93,-26.718427673328087,-2.9652359914818143,0.0,0.00012366233568172902,KEEP,ok
ddd26eeadeada118,clean\english\ddd26eeadeada118.wav,librispeech,C:\Users\Suhaan\Downloads\dev-clean\LibriSpeech\dev-clean\174\168635\174-168635-0006.flac,174,168635,english,16000,16000,1,6.57,-29.761719073223787,-6.046084204337658,0.0,0.00012439281272236258,KEEP,ok
2af919a70d07495a,clean\english\2af919a70d07495a.wav,librispeech,C:\Users\Suhaan\Downloads\dev-clean\LibriSpeech\dev-clean\174\168635\174-168635-0007.flac,174,168635,english,16000,16000,1,10.21,-26.7792002657418,-3.408193018803229,0.0,0.00013370794476941228,KEEP,ok
02cdee6ca4c1b4a5,clean\english\02cdee6ca4c1b4a5.wav,librispeech,C:\Users\Suhaan\Downloads\dev-clean\LibriSpeech\dev-clean\174\168635\174-168635-0008.flac,174,168635,english,16000,16000,1,10.235,-28.3409948947682,-6.837115924101703,0.0,0.0001266466424567625,KEEP,ok
2a32cbb1a38bae77,clean\english\2a32cbb1a38bae77.wav,librispeech,C:\Users\Suhaan\Downloads\dev-clean\LibriSpeech\dev-clean\174\168635\174-168635-0009.flac,174,168635,english,16000,16000,1,3.28,-30.740669150263074,-8.345819029983684,0.0,0.00012937115388922393,KEEP,ok
c1f81a043177c7e7,clean\english\c1f81a043177c7e7.wav,librispeech,C:\Users\Suhaan\Downloads\dev-clean\LibriSpeech\dev-clean\174\168635\174-168635-0010.flac,174,168635,english,16000,16000,1,10.06,-30.316836100160973,-6.719111879085356,0.0,0.00012878225243184716,KEEP,ok
b3f92d431691d669,clean\english\b3f92d431691d669.wav,librispeech,C:\Users\Suhaan\Downloads\dev-clean\LibriSpeech\dev-clean\174\168635\174-168635-0011.flac,174,168635,english,16000,16000,1,4.645,-24.216526109779252,-4.556098750043417,0.0,0.0001299748255405575,KEEP,ok
56d4464bb705cf11,clean\english\56d4464bb705cf11.wav,librispeech,C:\Users\Suhaan\Downloads\dev-clean\LibriSpeech\dev-clean\174\168635\174-168635-0012.flac,174,168635,english,16000,16000,1,8.36,-28.42744058148905,-8.00411299264926,0.0,0.00012486700143199414,KEEP,ok
9e3199f034792c76,clean\english\9e3199f034792c76.wav,librispeech,C:\Users\Suhaan\Downloads\dev-clean\LibriSpeech\dev-clean\174\168635\174-168635-0013.flac,174,168635,english,16000,16000,1,5.87,-29.841835907452907,-5.545064711614081,0.0,0.00011447990982560441,KEEP,ok
37e732c7fd11ee59,clean\english\37e732c7fd11ee59.wav,librispeech,C:\Users\Suhaan\Downloads\dev-clean\LibriSpeech\dev-clean\174\168635\174-168635-0014.flac,174,168635,english,16000,16000,1,4.8250625,-28.18536253370091,-5.535032497934632,0.0,0.00012448045890778303,KEEP,ok
4ac6ed9f2c316126,clean\english\4ac6ed9f2c316126.wav,librispeech,C:\Users\Suhaan\Downloads\dev-clean\LibriSpeech\dev-clean\174\168635\174-168635-0015.flac,174,168635,english,16000,16000,1,4.19,-26.95584859875582,-4.982012459454407,0.0,0.00011730649566743523,KEEP,ok
713cc751a8fdb89b,clean\english\713cc751a8fdb89b.wav,librispeech,C:\Users\Suhaan\Downloads\dev-clean\LibriSpeech\dev-clean\174\168635\174-168635-0016.flac,174,168635,english,16000,16000,1,7.06,-27.118238788193715,-4.980601381612288,0.0,0.00012096913269488141,KEEP,ok
4ce84454bbb81ee1,clean\english\4ce84454bbb81ee1.wav,librispeech,C:\Users\Suhaan\Downloads\dev-clean\LibriSpeech\dev-clean\174\168635\174-168635-0017.flac,174,168635,english,16000,16000,1,4.57,-26.013247368023062,-3.612286668667238,0.0,0.00012006363249383867,KEEP,ok
28431f497ee8af15,clean\english\28431f497ee8af15.wav,librispeech,C:\Users\Suhaan\Downloads\dev-clean\LibriSpeech\dev-clean\174\168635\174-168635-0018.flac,174,168635,english,16000,16000,1,27.11,-26.65144366104556,-2.455411296570701,0.0,0.00012330907338764518,KEEP,ok
efb19e4b5c53a5e7,clean\english\efb19e4b5c53a5e7.wav,librispeech,C:\Users\Suhaan\Downloads\dev-clean\LibriSpeech\dev-clean\174\168635\174-168635-0019.flac,174,168635,english,16000,16000,1,8.0,-25.888218358167315,-4.950084184387996,0.0,0.00012071347009623423,KEEP,ok
d6827d1fde578f53,clean\english\d6827d1fde578f53.wav,librispeech,C:\Users\Suhaan\Downloads\dev-clean\LibriSpeech\dev-clean\174\168635\174-168635-0020.flac,174,168635,english,16000,16000,1,4.62,-26.76689494041192,-5.964585586303983,0.0,0.00012747074651997536,KEEP,ok
99415b1913e99d52,clean\english\99415b1913e99d52.wav,librispeech,C:\Users\Suhaan\Downloads\dev-clean\LibriSpeech\dev-clean\174\168635\174-168635-0021.flac,174,168635,english,16000,16000,1,4.17,-30.14225287716064,-8.417480026209377,0.0,0.00012931914534419775,KEEP,ok
e9958f4ff1eb9eac,clean\english\e9958f4ff1eb9eac.wav,librispeech,C:\Users\Suhaan\Downloads\dev-clean\LibriSpeech\dev-clean\174\168635\174-168635-0022.flac,174,168635,english,16000,16000,1,4.335,-28.662743359814304,-6.336956509400123,0.0,0.00012074990809196606,KEEP,ok
6e9e9c649b121361,clean\english\6e9e9c649b121361.wav,librispeech,C:\Users\Suhaan\Downloads\dev-clean\LibriSpeech\dev-clean\174\50561\174-50561-0000.flac,174,50561,english,16000,16000,1,4.02,-34.310837628991855,-11.978866956891245,0.0,8.38298728922382e-05,KEEP,ok
429cff33a5b7bf97,clean\english\429cff33a5b7bf97.wav,librispeech,C:\Users\Suhaan\Downloads\dev-clean\LibriSpeech\dev-clean\174\50561\174-50561-0001.flac,174,50561,english,16000,16000,1,15.86,-34.062551938835604,-10.767336292877305,0.0,8.315967716043815e-05,KEEP,ok
beecc87c5f22dbae,clean\english\beecc87c5f22dbae.wav,librispeech,C:\Users\Suhaan\Downloads\dev-clean\LibriSpeech\dev-clean\174\50561\174-50561-0002.flac,174,50561,english,16000,16000,1,2.145,-36.25159131619581,-13.015218016457338,0.0,8.206934580812231e-05,KEEP,ok
76e5f1b41213afcc,clean\english\76e5f1b41213afcc.wav,librispeech,C:\Users\Suhaan\Downloads\dev-clean\LibriSpeech\dev-clean\174\50561\174-50561-0003.flac,174,50561,english,16000,16000,1,3.34,-35.46807359399579,-13.320610423256372,0.0,8.601971057942137e-05,KEEP,ok
37b7884365bb4da2,clean\english\37b7884365bb4da2.wav,librispeech,C:\Users\Suhaan\Downloads\dev-clean\LibriSpeech\dev-clean\174\50561\174-50561-0004.flac,174,50561,english,16000,16000,1,2.06,-38.97704641781084,-19.575305246775756,0.0,8.242523472290486e-05,KEEP,ok
690f7625ef67d9d6,clean\english\690f7625ef67d9d6.wav,librispeech,C:\Users\Suhaan\Downloads\dev-clean\LibriSpeech\dev-clean\174\50561\174-50561-0005.flac,174,50561,english,16000,16000,1,5.705,-34.92446999679152,-12.638041113833484,0.0,8.304539369419217e-05,KEEP,ok
c13d1b57e97bbe36,clean\english\c13d1b57e97bbe36.wav,librispeech,C:\Users\Suhaan\Downloads\dev-clean\LibriSpeech\dev-clean\174\50561\174-50561-0006.flac,174,50561,english,16000,16000,1,5.215,-35.51212046601724,-15.955588639149116,0.0,8.330048149218783e-05,KEEP,ok
65b67b91618ff5c5,clean\english\65b67b91618ff5c5.wav,librispeech,C:\Users\Suhaan\Downloads\dev-clean\LibriSpeech\dev-clean\174\50561\174-50561-0007.flac,174,50561,english,16000,16000,1,10.855,-37.41225691231711,-15.254204820487798,0.0,8.163346501532942e-05,KEEP,ok
84eea4b24d12bfae,clean\english\84eea4b24d12bfae.wav,librispeech,C:\Users\Suhaan\Downloads\dev-clean\LibriSpeech\dev-clean\174\50561\174-50561-0008.flac,174,50561,english,16000,16000,1,16.31,-34.923839023087034,-14.131281351998117,0.0,8.208767394535244e-05,KEEP,ok
730e1c4bace98b3c,clean\english\730e1c4bace98b3c.wav,librispeech,C:\Users\Suhaan\Downloads\dev-clean\LibriSpeech\dev-clean\174\50561\174-50561-0009.flac,174,50561,english,16000,16000,1,2.04,-35.094334052187456,-12.095443604340254,0.0,8.348016126547009e-05,KEEP,ok
ba1e72ee3e7f141e,clean\english\ba1e72ee3e7f141e.wav,librispeech,C:\Users\Suhaan\Downloads\dev-clean\LibriSpeech\dev-clean\174\50561\174-50561-0010.flac,174,50561,english,16000,16000,1,14.91,-34.090224115427354,-10.016908030473338,0.0,8.336917380802333e-05,KEEP,ok
cfa3b940922200a5,clean\english\cfa3b940922200a5.wav,librispeech,C:\Users\Suhaan\Downloads\dev-clean\LibriSpeech\dev-clean\174\50561\174-50561-0011.flac,174,50561,english,16000,16000,1,9.52,-33.96745544235402,-10.133589700439309,0.0,8.039053500397131e-05,KEEP,ok
cb6bcec9a2f6d5d1,clean\english\cb6bcec9a2f6d5d1.wav,librispeech,C:\Users\Suhaan\Downloads\dev-clean\LibriSpeech\dev-clean\174\50561\174-50561-0012.flac,174,50561,english,16000,16000,1,2.07,-37.48639892146504,-16.60133050316461,0.0,8.398599311476573e-05,KEEP,ok
37289a36382ffd81,clean\english\37289a36382ffd81.wav,librispeech,C:\Users\Suhaan\Downloads\dev-clean\LibriSpeech\dev-clean\174\50561\174-50561-0013.flac,174,50561,english,16000,16000,1,10.615,-36.7352422711945,-16.455584716066976,0.0,8.143830928020179e-05,KEEP,ok
627883ba53bf77ca,clean\english\627883ba53bf77ca.wav,librispeech,C:\Users\Suhaan\Downloads\dev-clean\LibriSpeech\dev-clean\174\50561\174-50561-0014.flac,174,50561,english,16000,16000,1,1.8,-38.39168442897377,-19.297094549407802,0.0,8.425076521234587e-05,KEEP,ok
2f515c036504c8b7,clean\english\2f515c036504c8b7.wav,librispeech,C:\Users\Suhaan\Downloads\dev-clean\LibriSpeech\dev-clean\174\50561\174-50561-0015.flac,174,50561,english,16000,16000,1,16.76,-36.51314501159314,-13.998771951939075,0.0,8.321172936121002e-05,KEEP,ok
fc1f962fefecb671,clean\english\fc1f962fefecb671.wav,librispeech,C:\Users\Suhaan\Downloads\dev-clean\LibriSpeech\dev-clean\174\50561\174-50561-0016.flac,174,50561,english,16000,16000,1,13.455,-34.69666932048849,-11.301701611671897,0.0,8.231325773522258e-05,KEEP,ok
f10f08981af78b9a,clean\english\f10f08981af78b9a.wav,librispeech,C:\Users\Suhaan\Downloads\dev-clean\LibriSpeech\dev-clean\174\50561\174-50561-0017.flac,174,50561,english,16000,16000,1,2.825,-36.71647944713595,-16.06274052556705,0.0,7.101278606569394e-05,KEEP,ok
7bb3336e19675205,clean\english\7bb3336e19675205.wav,librispeech,C:\Users\Suhaan\Downloads\dev-clean\LibriSpeech\dev-clean\174\50561\174-50561-0018.flac,174,50561,english,16000,16000,1,2.12,-32.233560867826945,-11.721642114392365,0.0,8.523689029971138e-05,KEEP,ok
c6d6dc426e87584f,clean\english\c6d6dc426e87584f.wav,librispeech,C:\Users\Suhaan\Downloads\dev-clean\LibriSpeech\dev-clean\174\50561\174-50561-0019.flac,174,50561,english,16000,16000,1,4.26,-34.05749483915689,-6.3265164067278565,0.0,8.978552796179429e-05,KEEP,ok
fc4da839a1ef83a5,clean\english\fc4da839a1ef83a5.wav,librispeech,C:\Users\Suhaan\Downloads\dev-clean\LibriSpeech\dev-clean\174\84280\174-84280-0000.flac,174,84280,english,16000,16000,1,2.4,-25.09493913417421,-7.211393804819123,0.0,0.00011176347470609471,KEEP,ok
2936b4546fa437f3,clean\english\2936b4546fa437f3.wav,librispeech,C:\Users\Suhaan\Downloads\dev-clean\LibriSpeech\dev-clean\174\84280\174-84280-0001.flac,174,84280,english,16000,16000,1,18.33,-24.266576174530044,-2.5533741610736005,0.0,0.00012953572149854153,KEEP,ok
8b810773ac0dc844,clean\english\8b810773ac0dc844.wav,librispeech,C:\Users\Suhaan\Downloads\dev-clean\LibriSpeech\dev-clean\174\84280\174-84280-0002.flac,174,84280,english,16000,16000,1,12.2,-24.97463997690714,-3.1339359039639456,0.0,0.00013006616791244596,KEEP,ok
56a753aa8a8a743a,clean\english\56a753aa8a8a743a.wav,librispeech,C:\Users\Suhaan\Downloads\dev-clean\LibriSpeech\dev-clean\174\84280\174-84280-0003.flac,174,84280,english,16000,16000,1,7.445,-24.15185649975113,-4.2234976896517935,0.0,0.0001356031425530091,KEEP,ok
64838090380abb16,clean\english\64838090380abb16.wav,librispeech,C:\Users\Suhaan\Downloads\dev-clean\LibriSpeech\dev-clean\174\84280\174-84280-0004.flac,174,84280,english,16000,16000,1,20.53,-24.278585555525446,-0.6101961098337918,0.0,0.00011846046982100233,KEEP,ok
91c81ce4d08297fe,clean\english\91c81ce4d08297fe.wav,librispeech,C:\Users\Suhaan\Downloads\dev-clean\LibriSpeech\dev-clean\174\84280\174-84280-0005.flac,174,84280,english,16000,16000,1,8.61,-24.65528981648025,-4.040091290666076,0.0,0.00013294086966197938,KEEP,ok
1e359ff6234ef99b,clean\english\1e359ff6234ef99b.wav,librispeech,C:\Users\Suhaan\Downloads\dev-clean\LibriSpeech\dev-clean\174\84280\174-84280-0006.flac,174,84280,english,16000,16000,1,7.03,-23.029403801383165,-0.45602551852536577,0.0,0.00013376428978517652,KEEP,ok
050db3026d03f8ea,clean\english\050db3026d03f8ea.wav,librispeech,C:\Users\Suhaan\Downloads\dev-clean\LibriSpeech\dev-clean\174\84280\174-84280-0007.flac,174,84280,english,16000,16000,1,9.73,-25.329722178674764,-3.641262466003731,0.0,0.00012250588042661548,KEEP,ok
ba5dec45db06db44,clean\english\ba5dec45db06db44.wav,librispeech,C:\Users\Suhaan\Downloads\dev-clean\LibriSpeech\dev-clean\174\84280\174-84280-0008.flac,174,84280,english,16000,16000,1,4.52,-23.65011698919615,-4.892628037615958,0.0,0.00013349077198654413,KEEP,ok
94753884871709cb,clean\english\94753884871709cb.wav,librispeech,C:\Users\Suhaan\Downloads\dev-clean\LibriSpeech\dev-clean\174\84280\174-84280-0009.flac,174,84280,english,16000,16000,1,3.1,-23.19618448341142,-4.375256223746322,0.0,0.00012590285041369498,KEEP,ok
bb9975b33cd1481b,clean\english\bb9975b33cd1481b.wav,librispeech,C:\Users\Suhaan\Downloads\dev-clean\LibriSpeech\dev-clean\174\84280\174-84280-0010.flac,174,84280,english,16000,16000,1,4.36,-23.684191466614173,-0.5244584547396235,0.0,0.00012885889736935496,KEEP,ok
f0e23b098e5bb074,clean\english\f0e23b098e5bb074.wav,librispeech,C:\Users\Suhaan\Downloads\dev-clean\LibriSpeech\dev-clean\174\84280\174-84280-0011.flac,174,84280,english,16000,16000,1,3.355,-22.026781697584155,-0.22012518398568137,0.0,0.00012849560880567878,KEEP,ok
fda53e24b8c448ec,clean\english\fda53e24b8c448ec.wav,librispeech,C:\Users\Suhaan\Downloads\dev-clean\LibriSpeech\dev-clean\174\84280\174-84280-0012.flac,174,84280,english,16000,16000,1,14.43,-23.20034468316107,-0.6965013099503792,0.0,0.00013147329445928335,KEEP,ok
acb00ca2b636063a,clean\english\acb00ca2b636063a.wav,librispeech,C:\Users\Suhaan\Downloads\dev-clean\LibriSpeech\dev-clean\174\84280\174-84280-0013.flac,174,84280,english,16000,16000,1,16.86,-24.34919780270078,-0.5999650440639491,0.0,0.00012965750647708774,KEEP,ok
31baa3f65826d463,clean\english\31baa3f65826d463.wav,librispeech,C:\Users\Suhaan\Downloads\dev-clean\LibriSpeech\dev-clean\174\84280\174-84280-0014.flac,174,84280,english,16000,16000,1,3.0100625,-24.403916080254927,-2.525322493031063,0.0,0.00012577403686009347,KEEP,ok
4407a4664f99d6b1,clean\english\4407a4664f99d6b1.wav,librispeech,C:\Users\Suhaan\Downloads\dev-clean\LibriSpeech\dev-clean\174\84280\174-84280-0015.flac,174,84280,english,16000,16000,1,13.73,-25.922266706988516,-5.215620718095955,0.0,0.00013072742149233818,KEEP,ok
dbdc3df9a84a218e,clean\english\dbdc3df9a84a218e.wav,librispeech,C:\Users\Suhaan\Downloads\dev-clean\LibriSpeech\dev-clean\1993\147149\1993-147149-0000.flac,1993,147149,english,16000,16000,1,6.715,-43.482893694390484,-26.839445830134466,0.0,8.950762094173115e-06,KEEP,ok
56234e40ffb3225a,clean\english\56234e40ffb3225a.wav,librispeech,C:\Users\Suhaan\Downloads\dev-clean\LibriSpeech\dev-clean\1993\147149\1993-147149-0001.flac,1993,147149,english,16000,16000,1,9.535,-44.27392015061142,-28.915636760962443,0.0,9.978623893402983e-06,KEEP,ok
ec0a04def6405d47,clean\english\ec0a04def6405d47.wav,librispeech,C:\Users\Suhaan\Downloads\dev-clean\LibriSpeech\dev-clean\1993\147149\1993-147149-0002.flac,1993,147149,english,16000,16000,1,5.76,-42.96192147252022,-27.910690494034537,0.0,1.4566712707164697e-06,KEEP,ok
cdcb6cbe87549d14,clean\english\cdcb6cbe87549d14.wav,librispeech,C:\Users\Suhaan\Downloads\dev-clean\LibriSpeech\dev-clean\1993\147149\1993-147149-0003.flac,1993,147149,english,16000,16000,1,14.3,-41.9294011377579,-24.099380869940855,0.0,8.226941758948669e-07,KEEP,ok
8c9a759dfbac89df,clean\english\8c9a759dfbac89df.wav,librispeech,C:\Users\Suhaan\Downloads\dev-clean\LibriSpeech\dev-clean\1993\147149\1993-147149-0004.flac,1993,147149,english,16000,16000,1,7.4,-42.54139720377449,-24.380082815066434,0.0,6.338325874821749e-06,KEEP,ok
74c96ccd9c397190,clean\english\74c96ccd9c397190.wav,librispeech,C:\Users\Suhaan\Downloads\dev-clean\LibriSpeech\dev-clean\1993\147149\1993-147149-0005.flac,1993,147149,english,16000,16000,1,7.98,-42.36831101101135,-25.339724348173718,0.0,1.308852233705693e-06,KEEP,ok
335d35b4a53c1bd7,clean\english\335d35b4a53c1bd7.wav,librispeech,C:\Users\Suhaan\Downloads\dev-clean\LibriSpeech\dev-clean\1993\147149\1993-147149-0006.flac,1993,147149,english,16000,16000,1,27.88,-43.53455510874956,-26.96856278338923,0.0,8.082150088739581e-06,KEEP,ok
03bb4b2e365f88e5,clean\english\03bb4b2e365f88e5.wav,librispeech,C:\Users\Suhaan\Downloads\dev-clean\LibriSpeech\dev-clean\1993\147149\1993-147149-0007.flac,1993,147149,english,16000,16000,1,7.91,-43.91296961283067,-22.25002211230626,0.0,9.719520676298998e-06,KEEP,ok
f2f0158fe45ba837,clean\english\f2f0158fe45ba837.wav,librispeech,C:\Users\Suhaan\Downloads\dev-clean\LibriSpeech\dev-clean\1993\147149\1993-147149-0008.flac,1993,147149,english,16000,16000,1,3.39,-43.92442103880062,-29.560468740381886,0.0,2.5926437956513837e-06,KEEP,ok
f02cdfaa393df41d,clean\english\f02cdfaa393df41d.wav,librispeech,C:\Users\Suhaan\Downloads\dev-clean\LibriSpeech\dev-clean\1993\147149\1993-147149-0009.flac,1993,147149,english,16000,16000,1,17.28,-42.50224372952131,-21.886796103325672,0.0,3.933906555175781e-06,KEEP,ok
f48ae61c3f372892,clean\english\f48ae61c3f372892.wav,librispeech,C:\Users\Suhaan\Downloads\dev-clean\LibriSpeech\dev-clean\1993\147149\1993-147149-0010.flac,1993,147149,english,16000,16000,1,3.28,-45.51843517689406,-29.648569805536145,0.0,5.3254570957506076e-06,KEEP,ok
36b1138f811146e0,clean\english\36b1138f811146e0.wav,librispeech,C:\Users\Suhaan\Downloads\dev-clean\LibriSpeech\dev-clean\1993\147149\1993-147149-0011.flac,1993,147149,english,16000,16000,1,3.12,-42.558567870063314,-27.263231811533227,0.0,1.5569956303806975e-05,KEEP,ok
b5e6f4f3be3bdac9,clean\english\b5e6f4f3be3bdac9.wav,librispeech,C:\Users\Suhaan\Downloads\dev-clean\LibriSpeech\dev-clean\1993\147149\1993-147149-0012.flac,1993,147149,english,16000,16000,1,5.28,-42.89275882503236,-22.14419939295737,0.0,5.5537079788337e-06,KEEP,ok
33efea43850e5447,clean\english\33efea43850e5447.wav,librispeech,C:\Users\Suhaan\Downloads\dev-clean\LibriSpeech\dev-clean\1993\147149\1993-147149-0013.flac,1993,147149,english,16000,16000,1,5.075,-41.36245346939357,-25.705131121813448,0.0,1.089687975763809e-05,KEEP,ok
da47e353b834317b,clean\english\da47e353b834317b.wav,librispeech,C:\Users\Suhaan\Downloads\dev-clean\LibriSpeech\dev-clean\1993\147149\1993-147149-0014.flac,1993,147149,english,16000,16000,1,3.055,-44.36099447261317,-28.739862338128507,0.0,3.425111117394408e-06,KEEP,ok
936cd916e578d115,clean\english\936cd916e578d115.wav,librispeech,C:\Users\Suhaan\Downloads\dev-clean\LibriSpeech\dev-clean\1993\147149\1993-147149-0015.flac,1993,147149,english,16000,16000,1,8.2600625,-41.411378870313015,-24.738499404454007,0.0,4.191516836726805e-06,KEEP,ok
fc4f959447b3fd83,clean\english\fc4f959447b3fd83.wav,librispeech,C:\Users\Suhaan\Downloads\dev-clean\LibriSpeech\dev-clean\1993\147149\1993-147149-0016.flac,1993,147149,english,16000,16000,1,5.845,-40.0358990540169,-23.429017318051134,0.0,1.2230526635903516e-06,KEEP,ok
03244257cf868361,clean\english\03244257cf868361.wav,librispeech,C:\Users\Suhaan\Downloads\dev-clean\LibriSpeech\dev-clean\1993\147149\1993-147149-0017.flac,1993,147149,english,16000,16000,1,3.78,-42.521498947810855,-27.08763098977087,0.0,6.129249868536135e-06,KEEP,ok
24c997d885d95d8a,clean\english\24c997d885d95d8a.wav,librispeech,C:\Users\Suhaan\Downloads\dev-clean\LibriSpeech\dev-clean\1993\147149\1993-147149-0018.flac,1993,147149,english,16000,16000,1,13.29,-40.606889577086285,-21.873630675055878,0.0,1.8622840798343532e-06,KEEP,ok
029175c567e35b5f,clean\english\029175c567e35b5f.wav,librispeech,C:\Users\Suhaan\Downloads\dev-clean\LibriSpeech\dev-clean\1993\147149\1993-147149-0019.flac,1993,147149,english,16000,16000,1,6.96,-42.08068175972364,-24.724788447166457,0.0,1.3082876648695674e-06,KEEP,ok
917eeca053dab622,clean\english\917eeca053dab622.wav,librispeech,C:\Users\Suhaan\Downloads\dev-clean\LibriSpeech\dev-clean\1993\147149\1993-147149-0020.flac,1993,147149,english,16000,16000,1,16.98,-38.38180007126723,-20.86850474518873,0.0,4.3676936911651865e-06,KEEP,ok
3aaa512d2c02385d,clean\english\3aaa512d2c02385d.wav,librispeech,C:\Users\Suhaan\Downloads\dev-clean\LibriSpeech\dev-clean\1993\147149\1993-147149-0021.flac,1993,147149,english,16000,16000,1,10.49,-40.17711932768988,-20.30152441212688,0.0,1.1355179594829679e-05,KEEP,ok
6e054b7ed5dbc6fd,clean\english\6e054b7ed5dbc6fd.wav,librispeech,C:\Users\Suhaan\Downloads\dev-clean\LibriSpeech\dev-clean\1993\147149\1993-147149-0022.flac,1993,147149,english,16000,16000,1,16.54,-42.18499555973339,-25.02208855819251,0.0,3.3545811106705514e-07,KEEP,ok
7643b67d2b44ad50,clean\english\7643b67d2b44ad50.wav,librispeech,C:\Users\Suhaan\Downloads\dev-clean\LibriSpeech\dev-clean\1993\147149\1993-147149-0023.flac,1993,147149,english,16000,16000,1,10.7,-40.96150537895841,-13.644781093542184,0.0,3.1337560812971788e-06,KEEP,ok
eab9f85041f8d6c6,clean\english\eab9f85041f8d6c6.wav,librispeech,C:\Users\Suhaan\Downloads\dev-clean\LibriSpeech\dev-clean\1993\147149\1993-147149-0024.flac,1993,147149,english,16000,16000,1,11.69,-39.416220102346564,-23.09334490172876,0.0,5.222610980126774e-06,KEEP,ok
2f495e466d83eede,clean\english\2f495e466d83eede.wav,librispeech,C:\Users\Suhaan\Downloads\dev-clean\LibriSpeech\dev-clean\1993\147149\1993-147149-0025.flac,1993,147149,english,16000,16000,1,9.645,-39.420941703004,-18.902810990476762,0.0,5.260287707642419e-06,KEEP,ok
622ea4009082e3cd,clean\english\622ea4009082e3cd.wav,librispeech,C:\Users\Suhaan\Downloads\dev-clean\LibriSpeech\dev-clean\1993\147149\1993-147149-0026.flac,1993,147149,english,16000,16000,1,2.255,-45.03876335142703,-28.71813855113624,0.0,4.1445712639642807e-08,KEEP,ok
1db0399dae1fb119,clean\english\1db0399dae1fb119.wav,librispeech,C:\Users\Suhaan\Downloads\dev-clean\LibriSpeech\dev-clean\1993\147149\1993-147149-0027.flac,1993,147149,english,16000,16000,1,16.9,-43.24770525243298,-23.926877512998832,0.0,3.838962129520951e-06,KEEP,ok
3864ea5d54ca2aea,clean\english\3864ea5d54ca2aea.wav,librispeech,C:\Users\Suhaan\Downloads\dev-clean\LibriSpeech\dev-clean\1993\147149\1993-147149-0028.flac,1993,147149,english,16000,16000,1,10.17,-44.160328737454584,-25.694912426942977,0.0,2.927226887550205e-06,KEEP,ok
8b39addd4f81cd38,clean\english\8b39addd4f81cd38.wav,librispeech,C:\Users\Suhaan\Downloads\dev-clean\LibriSpeech\dev-clean\1993\147149\1993-147149-0029.flac,1993,147149,english,16000,16000,1,11.665,-44.621355805934684,-29.079949117450493,0.0,1.7039417343767127e-06,KEEP,ok
c3a5a339b9e4cceb,clean\english\c3a5a339b9e4cceb.wav,librispeech,C:\Users\Suhaan\Downloads\dev-clean\LibriSpeech\dev-clean\1993\147149\1993-147149-0030.flac,1993,147149,english,16000,16000,1,15.52,-44.47745931670879,-22.726515777786524,0.0,6.593502803298179e-06,KEEP,ok
de38476ca46ae188,clean\english\de38476ca46ae188.wav,librispeech,C:\Users\Suhaan\Downloads\dev-clean\LibriSpeech\dev-clean\1993\147964\1993-147964-0000.flac,1993,147964,english,16000,16000,1,8.42,-24.03464470969479,-8.00144881361202,0.0,1.0994890544679947e-05,KEEP,ok
1367c0f9bdc8de5f,clean\english\1367c0f9bdc8de5f.wav,librispeech,C:\Users\Suhaan\Downloads\dev-clean\LibriSpeech\dev-clean\1993\147964\1993-147964-0001.flac,1993,147964,english,16000,16000,1,4.75,-24.187494752588236,-8.82876977901546,0.0,7.217728125397116e-05,KEEP,ok
e25934f133b62899,clean\english\e25934f133b62899.wav,librispeech,C:\Users\Suhaan\Downloads\dev-clean\LibriSpeech\dev-clean\1993\147964\1993-147964-0002.flac,1993,147964,english,16000,16000,1,6.33,-22.906725272777656,-4.529713481271563,0.0,0.0001284588797716424,KEEP,ok
3fecfc4f0937a01c,clean\english\3fecfc4f0937a01c.wav,librispeech,C:\Users\Suhaan\Downloads\dev-clean\LibriSpeech\dev-clean\1993\147964\1993-147964-0003.flac,1993,147964,english,16000,16000,1,4.685,-24.789403755905283,-9.788962352050811,0.0,0.00010898919572355226,KEEP,ok
9f16eb9cc25063c6,clean\english\9f16eb9cc25063c6.wav,librispeech,C:\Users\Suhaan\Downloads\dev-clean\LibriSpeech\dev-clean\1993\147964\1993-147964-0004.flac,1993,147964,english,16000,16000,1,7.3,-23.70782720513086,-3.8390065305593475,0.0,4.114438343094662e-05,KEEP,ok
89901d1d2c91cb99,clean\english\89901d1d2c91cb99.wav,librispeech,C:\Users\Suhaan\Downloads\dev-clean\LibriSpeech\dev-clean\1993\147964\1993-147964-0005.flac,1993,147964,english,16000,16000,1,10.515,-24.32429431894953,-8.467926570684853,0.0,4.309066207497381e-05,KEEP,ok
37294a6e747c72fd,clean\english\37294a6e747c72fd.wav,librispeech,C:\Users\Suhaan\Downloads\dev-clean\LibriSpeech\dev-clean\1993\147964\1993-147964-0006.flac,1993,147964,english,16000,16000,1,3.47,-23.406307983380362,-7.840459999105935,0.0,3.944968739233445e-06,KEEP,ok
d82b188cbed68574,clean\english\d82b188cbed68574.wav,librispeech,C:\Users\Suhaan\Downloads\dev-clean\LibriSpeech\dev-clean\1993\147964\1993-147964-0007.flac,1993,147964,english,16000,16000,1,6.865,-23.920571208328933,-6.84002840430807,0.0,3.026613558176905e-05,KEEP,ok
0b67dc643497f3f6,clean\english\0b67dc643497f3f6.wav,librispeech,C:\Users\Suhaan\Downloads\dev-clean\LibriSpeech\dev-clean\1993\147964\1993-147964-0008.flac,1993,147964,english,16000,16000,1,7.04,-23.278873404255663,-3.829114655554879,0.0,0.00012720470840577036,KEEP,ok
f573d3d3ea4d2414,clean\english\f573d3d3ea4d2414.wav,librispeech,C:\Users\Suhaan\Downloads\dev-clean\LibriSpeech\dev-clean\1993\147964\1993-147964-0009.flac,1993,147964,english,16000,16000,1,8.97,-23.69451962966606,-7.88239874047255,0.0,0.0001474537857575342,KEEP,ok
53a678a6133646b4,clean\english\53a678a6133646b4.wav,librispeech,C:\Users\Suhaan\Downloads\dev-clean\LibriSpeech\dev-clean\1993\147964\1993-147964-0010.flac,1993,147964,english,16000,16000,1,20.565,-25.42437187388659,-2.6747869857736637,0.0,3.690731318783946e-05,KEEP,ok
475f67e83ca5aa50,clean\english\475f67e83ca5aa50.wav,librispeech,C:\Users\Suhaan\Downloads\dev-clean\LibriSpeech\dev-clean\1993\147965\1993-147965-0000.flac,1993,147965,english,16000,16000,1,4.37,-25.22655485090157,-7.828701121446206,0.0,5.42018715350423e-05,KEEP,ok
e9be33b2f071ab0c,clean\english\e9be33b2f071ab0c.wav,librispeech,C:\Users\Suhaan\Downloads\dev-clean\LibriSpeech\dev-clean\1993\147965\1993-147965-0001.flac,1993,147965,english,16000,16000,1,2.685,-21.972600091443656,-8.138374722036984,0.0,4.436414747033268e-05,KEEP,ok
a77936cee90c3dc6,clean\english\a77936cee90c3dc6.wav,librispeech,C:\Users\Suhaan\Downloads\dev-clean\LibriSpeech\dev-clean\1993\147965\1993-147965-0002.flac,1993,147965,english,16000,16000,1,9.36,-23.699480220535012,-5.365742518407737,0.0,6.946152279851958e-05,KEEP,ok
1bb0cd4ed1536ae6,clean\english\1bb0cd4ed1536ae6.wav,librispeech,C:\Users\Suhaan\Downloads\dev-clean\LibriSpeech\dev-clean\1993\147965\1993-147965-0003.flac,1993,147965,english,16000,16000,1,7.375,-22.547620341412294,-6.234202526517193,0.0,9.518122533336282e-05,KEEP,ok
6876bb1e76ee9d8a,clean\english\6876bb1e76ee9d8a.wav,librispeech,C:\Users\Suhaan\Downloads\dev-clean\LibriSpeech\dev-clean\1993\147965\1993-147965-0004.flac,1993,147965,english,16000,16000,1,2.915,-19.10930148468565,-5.403681910045134,0.0,0.0001264091260964051,KEEP,ok
c8c7138e703b146f,clean\english\c8c7138e703b146f.wav,librispeech,C:\Users\Suhaan\Downloads\dev-clean\LibriSpeech\dev-clean\1993\147965\1993-147965-0005.flac,1993,147965,english,16000,16000,1,8.66,-22.021839214413177,-7.229654266284783,0.0,4.210923634673236e-06,KEEP,ok
9801e17e36cf8e69,clean\english\9801e17e36cf8e69.wav,librispeech,C:\Users\Suhaan\Downloads\dev-clean\LibriSpeech\dev-clean\1993\147965\1993-147965-0006.flac,1993,147965,english,16000,16000,1,8.83,-24.602216037818092,-9.138959830601372,0.0,2.8776770705007948e-05,KEEP,ok
84a885202c3ed958,clean\english\84a885202c3ed958.wav,librispeech,C:\Users\Suhaan\Downloads\dev-clean\LibriSpeech\dev-clean\1993\147965\1993-147965-0007.flac,1993,147965,english,16000,16000,1,7.57,-21.91470376148724,-5.5475745765831626,0.0,8.131931826937944e-05,KEEP,ok
fbea161d7d74e27a,clean\english\fbea161d7d74e27a.wav,librispeech,C:\Users\Suhaan\Downloads\dev-clean\LibriSpeech\dev-clean\1993\147965\1993-147965-0008.flac,1993,147965,english,16000,16000,1,5.5,-24.886757383848632,-10.9692781968356,0.0,6.390623457264155e-05,KEEP,ok
c3df3546e6210999,clean\english\c3df3546e6210999.wav,librispeech,C:\Users\Suhaan\Downloads\dev-clean\LibriSpeech\dev-clean\1993\147966\1993-147966-0000.flac,1993,147966,english,16000,16000,1,11.135,-23.514537660760283,-7.539786804680312,0.0,8.790076390141621e-05,KEEP,ok
061921309b4e09e0,clean\english\061921309b4e09e0.wav,librispeech,C:\Users\Suhaan\Downloads\dev-clean\LibriSpeech\dev-clean\1993\147966\1993-147966-0001.flac,1993,147966,english,16000,16000,1,12.565,-23.932055396604976,-8.439164158975721,0.0,9.527953807264566e-05,KEEP,ok
f536f8d1036a7032,clean\english\f536f8d1036a7032.wav,librispeech,C:\Users\Suhaan\Downloads\dev-clean\LibriSpeech\dev-clean\1993\147966\1993-147966-0002.flac,1993,147966,english,16000,16000,1,4.185,-21.104481955693398,-5.517503957530171,0.0,0.00014133384684100747,KEEP,ok
4cd91ff87d12248c,clean\english\4cd91ff87d12248c.wav,librispeech,C:\Users\Suhaan\Downloads\dev-clean\LibriSpeech\dev-clean\1993\147966\1993-147966-0003.flac,1993,147966,english,16000,16000,1,2.595,-22.370142660976725,-5.146314199338945,0.0,7.752875717415009e-06,KEEP,ok
a1f7c0cf38713135,clean\english\a1f7c0cf38713135.wav,librispeech,C:\Users\Suhaan\Downloads\dev-clean\LibriSpeech\dev-clean\1993\147966\1993-147966-0004.flac,1993,147966,english,16000,16000,1,4.865,-24.264159719156922,-10.290777456569893,0.0,2.406552630418446e-05,KEEP,ok
6cf20953cab9fd4f,clean\english\6cf20953cab9fd4f.wav,librispeech,C:\Users\Suhaan\Downloads\dev-clean\LibriSpeech\dev-clean\1993\147966\1993-147966-0005.flac,1993,147966,english,16000,16000,1,3.345,-21.982471318802858,-7.802627136723829,0.0,5.701347254216671e-05,KEEP,ok
560c765f9ae14466,clean\english\560c765f9ae14466.wav,librispeech,C:\Users\Suhaan\Downloads\dev-clean\LibriSpeech\dev-clean\1993\147966\1993-147966-0006.flac,1993,147966,english,16000,16000,1,3.29,-20.485389721045834,-4.895887720134658,0.0,0.00010044074588222429,KEEP,ok
fcac2c3bbdaf693d,clean\english\fcac2c3bbdaf693d.wav,librispeech,C:\Users\Suhaan\Downloads\dev-clean\LibriSpeech\dev-clean\2078\142845\2078-142845-0000.flac,2078,142845,english,16000,16000,1,2.195,-22.424289329590586,-6.117090059177239,0.0,5.511585914064199e-05,KEEP,ok
669c93a9220e4aa0,clean\english\669c93a9220e4aa0.wav,librispeech,C:\Users\Suhaan\Downloads\dev-clean\LibriSpeech\dev-clean\2078\142845\2078-142845-0001.flac,2078,142845,english,16000,16000,1,2.135,-23.581480435836188,-5.914689182084336,0.0,4.65857629023958e-05,KEEP,ok
488c4395b1629d10,clean\english\488c4395b1629d10.wav,librispeech,C:\Users\Suhaan\Downloads\dev-clean\LibriSpeech\dev-clean\2078\142845\2078-142845-0002.flac,2078,142845,english,16000,16000,1,2.915,-21.32268718246843,-6.119234590917796,0.0,7.485705282306299e-05,KEEP,ok
7127ed85dfabc040,clean\english\7127ed85dfabc040.wav,librispeech,C:\Users\Suhaan\Downloads\dev-clean\LibriSpeech\dev-clean\2078\142845\2078-142845-0003.flac,2078,142845,english,16000,16000,1,2.075,-23.485631669321066,-5.249512192235923,0.0,7.563395774923265e-05,KEEP,ok
6fbeec25862e4f3c,clean\english\6fbeec25862e4f3c.wav,librispeech,C:\Users\Suhaan\Downloads\dev-clean\LibriSpeech\dev-clean\2078\142845\2078-142845-0004.flac,2078,142845,english,16000,16000,1,23.175,-22.504211412700954,-3.8497354563659636,0.0,4.654144504456781e-05,KEEP,ok
44ae53ca8e912505,clean\english\44ae53ca8e912505.wav,librispeech,C:\Users\Suhaan\Downloads\dev-clean\LibriSpeech\dev-clean\2078\142845\2078-142845-0006.flac,2078,142845,english,16000,16000,1,14.645,-22.091930035705115,-3.0612343674203895,0.0,4.357038051239215e-05,KEEP,ok
5441c845b1ad9d1c,clean\english\5441c845b1ad9d1c.wav,librispeech,C:\Users\Suhaan\Downloads\dev-clean\LibriSpeech\dev-clean\2078\142845\2078-142845-0007.flac,2078,142845,english,16000,16000,1,20.74,-22.923636272786,-4.114692402011372,0.0,4.243620787747204e-05,KEEP,ok
57eded66e14764be,clean\english\57eded66e14764be.wav,librispeech,C:\Users\Suhaan\Downloads\dev-clean\LibriSpeech\dev-clean\2078\142845\2078-142845-0008.flac,2078,142845,english,16000,16000,1,19.38,-23.106606441040864,-5.080410388005426,0.0,6.329199095489457e-05,KEEP,ok
859a6949d3527145,clean\english\859a6949d3527145.wav,librispeech,C:\Users\Suhaan\Downloads\dev-clean\LibriSpeech\dev-clean\2078\142845\2078-142845-0009.flac,2078,142845,english,16000,16000,1,3.435,-23.79834964913409,-5.127638463947997,0.0,5.1957063988083974e-05,KEEP,ok
2e8c249941bfda44,clean\english\2e8c249941bfda44.wav,librispeech,C:\Users\Suhaan\Downloads\dev-clean\LibriSpeech\dev-clean\2078\142845\2078-142845-0010.flac,2078,142845,english,16000,16000,1,14.41,-22.589987283872386,-5.4616491609655995,0.0,5.111204518470913e-05,KEEP,ok
797181d4a54ffa1c,clean\english\797181d4a54ffa1c.wav,librispeech,C:\Users\Suhaan\Downloads\dev-clean\LibriSpeech\dev-clean\2078\142845\2078-142845-0011.flac,2078,142845,english,16000,16000,1,4.53,-22.5995563286131,-6.7277342512947556,0.0,7.985306729096919e-05,KEEP,ok
4c99694d20bba06d,clean\english\4c99694d20bba06d.wav,librispeech,C:\Users\Suhaan\Downloads\dev-clean\LibriSpeech\dev-clean\2078\142845\2078-142845-0012.flac,2078,142845,english,16000,16000,1,13.24,-23.15807549907358,-6.234202526517193,0.0,5.863987826160155e-05,KEEP,ok
a1b31046d20a8555,clean\english\a1b31046d20a8555.wav,librispeech,C:\Users\Suhaan\Downloads\dev-clean\LibriSpeech\dev-clean\2078\142845\2078-142845-0013.flac,2078,142845,english,16000,16000,1,9.855,-22.77767745807604,-5.4795633481790915,0.0,5.678634624928236e-05,KEEP,ok
72ef7f56bdee7a12,clean\english\72ef7f56bdee7a12.wav,librispeech,C:\Users\Suhaan\Downloads\dev-clean\LibriSpeech\dev-clean\2078\142845\2078-142845-0014.flac,2078,142845,english,16000,16000,1,8.2,-22.67012068168524,-6.555200828690678,0.0,3.038732029381208e-05,KEEP,ok
1e43f914f3a33b04,clean\english\1e43f914f3a33b04.wav,librispeech,C:\Users\Suhaan\Downloads\dev-clean\LibriSpeech\dev-clean\2078\142845\2078-142845-0015.flac,2078,142845,english,16000,16000,1,9.84,-23.551628018914734,-5.5315239588369565,0.0,4.6640681830467656e-05,KEEP,ok
dfd01c0833f4cfe6,clean\english\dfd01c0833f4cfe6.wav,librispeech,C:\Users\Suhaan\Downloads\dev-clean\LibriSpeech\dev-clean\2078\142845\2078-142845-0016.flac,2078,142845,english,16000,16000,1,3.53,-23.740872854178043,-5.62928912359013,0.0,8.125629392452538e-05,KEEP,ok
fd60e3f7952f7057,clean\english\fd60e3f7952f7057.wav,librispeech,C:\Users\Suhaan\Downloads\dev-clean\LibriSpeech\dev-clean\2078\142845\2078-142845-0017.flac,2078,142845,english,16000,16000,1,6.485,-22.012419567753213,-5.67247352624873,0.0,4.9516063882038e-05,KEEP,ok
8023b05e36abd802,clean\english\8023b05e36abd802.wav,librispeech,C:\Users\Suhaan\Downloads\dev-clean\LibriSpeech\dev-clean\2078\142845\2078-142845-0018.flac,2078,142845,english,16000,16000,1,5.33,-23.753264123347478,-7.522753787620965,0.0,5.38781241630204e-05,KEEP,ok
14fa5d40fe0d176b,clean\english\14fa5d40fe0d176b.wav,librispeech,C:\Users\Suhaan\Downloads\dev-clean\LibriSpeech\dev-clean\2078\142845\2078-142845-0019.flac,2078,142845,english,16000,16000,1,9.405,-22.43444611473279,-2.5626262054810898,0.0,4.047067341161892e-05,KEEP,ok
55dfe766e6a32ca0,clean\english\55dfe766e6a32ca0.wav,librispeech,C:\Users\Suhaan\Downloads\dev-clean\LibriSpeech\dev-clean\2078\142845\2078-142845-0020.flac,2078,142845,english,16000,16000,1,9.42,-23.6504782906125,-6.726009091971385,0.0,4.791575702256523e-05,KEEP,ok
cadb49467e2ace35,clean\english\cadb49467e2ace35.wav,librispeech,C:\Users\Suhaan\Downloads\dev-clean\LibriSpeech\dev-clean\2078\142845\2078-142845-0021.flac,2078,142845,english,16000,16000,1,6.14,-23.06266515055976,-5.698998462364945,0.0,7.053493027342483e-05,KEEP,ok
10c2693b068667c6,clean\english\10c2693b068667c6.wav,librispeech,C:\Users\Suhaan\Downloads\dev-clean\LibriSpeech\dev-clean\2078\142845\2078-142845-0022.flac,2078,142845,english,16000,16000,1,2.3,-23.962938247752163,-3.432164949771778,0.0,3.0783776310272515e-05,KEEP,ok
9c5615bd565eb6be,clean\english\9c5615bd565eb6be.wav,librispeech,C:\Users\Suhaan\Downloads\dev-clean\LibriSpeech\dev-clean\2078\142845\2078-142845-0023.flac,2078,142845,english,16000,16000,1,1.75,-25.111082643621152,-5.735859537015654,0.0,8.537292160326615e-06,KEEP,ok
8b178b71955cb88d,clean\english\8b178b71955cb88d.wav,librispeech,C:\Users\Suhaan\Downloads\dev-clean\LibriSpeech\dev-clean\2078\142845\2078-142845-0024.flac,2078,142845,english,16000,16000,1,2.21,-23.109618949691047,-5.343646628501407,0.0,3.745221329154447e-05,KEEP,ok
69af3c61e5c9ab9d,clean\english\69af3c61e5c9ab9d.wav,librispeech,C:\Users\Suhaan\Downloads\dev-clean\LibriSpeech\dev-clean\2078\142845\2078-142845-0025.flac,2078,142845,english,16000,16000,1,29.06,-23.246731984083286,-4.0654515703987855,0.0,5.259103636490181e-05,KEEP,ok
c11251635119edef,clean\english\c11251635119edef.wav,librispeech,C:\Users\Suhaan\Downloads\dev-clean\LibriSpeech\dev-clean\2078\142845\2078-142845-0026.flac,2078,142845,english,16000,16000,1,2.475,-23.388036742017135,-7.018967473002987,0.0,2.283346839249134e-05,KEEP,ok
6c7a9de30ae2c38d,clean\english\6c7a9de30ae2c38d.wav,librispeech,C:\Users\Suhaan\Downloads\dev-clean\LibriSpeech\dev-clean\2078\142845\2078-142845-0027.flac,2078,142845,english,16000,16000,1,8.73,-23.892590721418618,-5.545064711614081,0.0,3.381097849342041e-05,KEEP,ok
57d32a0206daa897,clean\english\57d32a0206daa897.wav,librispeech,C:\Users\Suhaan\Downloads\dev-clean\LibriSpeech\dev-clean\2078\142845\2078-142845-0028.flac,2078,142845,english,16000,16000,1,11.425,-23.62478973739163,-4.341544973882287,0.0,5.003012847737409e-05,KEEP,ok
0d0f12f4d1e9821d,clean\english\0d0f12f4d1e9821d.wav,librispeech,C:\Users\Suhaan\Downloads\dev-clean\LibriSpeech\dev-clean\2078\142845\2078-142845-0029.flac,2078,142845,english,16000,16000,1,4.87,-24.04701877358558,-7.230872996417,0.0,5.001326644560322e-05,KEEP,ok
13533132e33c7a19,clean\english\13533132e33c7a19.wav,librispeech,C:\Users\Suhaan\Downloads\dev-clean\LibriSpeech\dev-clean\2078\142845\2078-142845-0030.flac,2078,142845,english,16000,16000,1,12.04,-23.347358509312066,-5.293769739600593,0.0,4.618888851837255e-05,KEEP,ok
1520e3c39ce53c12,clean\english\1520e3c39ce53c12.wav,librispeech,C:\Users\Suhaan\Downloads\dev-clean\LibriSpeech\dev-clean\2078\142845\2078-142845-0031.flac,2078,142845,english,16000,16000,1,16.74,-23.372448018937504,-4.230828828475268,0.0,5.4732587159378454e-05,KEEP,ok
311752b86078b48c,clean\english\311752b86078b48c.wav,librispeech,C:\Users\Suhaan\Downloads\dev-clean\LibriSpeech\dev-clean\2078\142845\2078-142845-0032.flac,2078,142845,english,16000,16000,1,12.94,-23.348463639054685,-5.272342326621564,0.0,5.599984433501959e-05,KEEP,ok
59e94d4bdc649a3d,clean\english\59e94d4bdc649a3d.wav,librispeech,C:\Users\Suhaan\Downloads\dev-clean\LibriSpeech\dev-clean\2078\142845\2078-142845-0033.flac,2078,142845,english,16000,16000,1,11.385,-23.768285855265074,-6.3056737719322085,0.0,3.531250331434421e-05,KEEP,ok
190e2d5dd950b76c,clean\english\190e2d5dd950b76c.wav,librispeech,C:\Users\Suhaan\Downloads\dev-clean\LibriSpeech\dev-clean\2078\142845\2078-142845-0034.flac,2078,142845,english,16000,16000,1,9.755,-22.984597515905534,-4.3162381996128465,0.0,5.580446668318473e-05,KEEP,ok
d6c37c50107f1739,clean\english\d6c37c50107f1739.wav,librispeech,C:\Users\Suhaan\Downloads\dev-clean\LibriSpeech\dev-clean\2078\142845\2078-142845-0035.flac,2078,142845,english,16000,16000,1,4.22,-23.566211733756603,-3.3897678629315333,0.0,4.6598967173849815e-07,KEEP,ok
a583e6a517ef1583,clean\english\a583e6a517ef1583.wav,librispeech,C:\Users\Suhaan\Downloads\dev-clean\LibriSpeech\dev-clean\2078\142845\2078-142845-0036.flac,2078,142845,english,16000,16000,1,3.72,-23.329110545767616,-5.903174985891251,0.0,6.030144140822813e-05,KEEP,ok
cf8a6a9bc6e8640b,clean\english\cf8a6a9bc6e8640b.wav,librispeech,C:\Users\Suhaan\Downloads\dev-clean\LibriSpeech\dev-clean\2078\142845\2078-142845-0037.flac,2078,142845,english,16000,16000,1,15.87,-22.570214043151022,-4.935567504254512,0.0,4.430096669238992e-05,KEEP,ok
b4a6696be1161569,clean\english\b4a6696be1161569.wav,librispeech,C:\Users\Suhaan\Downloads\dev-clean\LibriSpeech\dev-clean\2078\142845\2078-142845-0038.flac,2078,142845,english,16000,16000,1,4.52,-24.115293494247894,-7.561916471779701,0.0,2.636698445712682e-05,KEEP,ok
40684610baf0ca6b,clean\english\40684610baf0ca6b.wav,librispeech,C:\Users\Suhaan\Downloads\dev-clean\LibriSpeech\dev-clean\2078\142845\2078-142845-0039.flac,2078,142845,english,16000,16000,1,20.95,-22.943159105308744,-3.905657394109724,0.0,5.919162867940031e-05,KEEP,ok
e61ca8c10d8d1ee4,clean\english\e61ca8c10d8d1ee4.wav,librispeech,C:\Users\Suhaan\Downloads\dev-clean\LibriSpeech\dev-clean\2078\142845\2078-142845-0040.flac,2078,142845,english,16000,16000,1,7.015,-23.752881216271735,-1.8598284185554776,0.0,3.6438923416426405e-05,KEEP,ok
094f19415183e565,clean\english\094f19415183e565.wav,librispeech,C:\Users\Suhaan\Downloads\dev-clean\LibriSpeech\dev-clean\2078\142845\2078-142845-0041.flac,2078,142845,english,16000,16000,1,2.66,-24.251721687868525,-5.026815573078192,0.0,9.06764980754815e-05,KEEP,ok
26bf799654ace750,clean\english\26bf799654ace750.wav,librispeech,C:\Users\Suhaan\Downloads\dev-clean\LibriSpeech\dev-clean\2078\142845\2078-142845-0042.flac,2078,142845,english,16000,16000,1,4.23,-24.31694853606531,-7.275474082253403,0.0,1.8258691852679476e-05,KEEP,ok
fbe4a6b49ed013de,clean\english\fbe4a6b49ed013de.wav,librispeech,C:\Users\Suhaan\Downloads\dev-clean\LibriSpeech\dev-clean\2078\142845\2078-142845-0043.flac,2078,142845,english,16000,16000,1,21.0049375,-23.556915203004824,-6.365593757074342,0.0,4.734851609100588e-05,KEEP,ok
8a385883c75b3959,clean\english\8a385883c75b3959.wav,librispeech,C:\Users\Suhaan\Downloads\dev-clean\LibriSpeech\dev-clean\2078\142845\2078-142845-0044.flac,2078,142845,english,16000,16000,1,2.325,-22.09576868615781,-5.593381292643153,0.0,5.528275505639613e-05,KEEP,ok
16990cb3839bb74c,clean\english\16990cb3839bb74c.wav,librispeech,C:\Users\Suhaan\Downloads\dev-clean\LibriSpeech\dev-clean\2078\142845\2078-142845-0045.flac,2078,142845,english,16000,16000,1,7.135,-24.532548938815815,-6.071110233174624,0.0,5.180770676815882e-05,KEEP,ok
e3f41295aee3eff7,clean\english\e3f41295aee3eff7.wav,librispeech,C:\Users\Suhaan\Downloads\dev-clean\LibriSpeech\dev-clean\2078\142845\2078-142845-0046.flac,2078,142845,english,16000,16000,1,5.355,-24.99824902167258,-7.75912780405871,0.0,2.7852633138536476e-05,KEEP,ok
1636553fa6b2d138,clean\english\1636553fa6b2d138.wav,librispeech,C:\Users\Suhaan\Downloads\dev-clean\LibriSpeech\dev-clean\2078\142845\2078-142845-0047.flac,2078,142845,english,16000,16000,1,11.46,-24.324070801630242,-6.560840650743291,0.0,5.6840155593818054e-05,KEEP,ok
22d1dff63b53cf7a,clean\english\22d1dff63b53cf7a.wav,librispeech,C:\Users\Suhaan\Downloads\dev-clean\LibriSpeech\dev-clean\2078\142845\2078-142845-0048.flac,2078,142845,english,16000,16000,1,2.2,-24.88466464039042,-6.90963521925651,0.0,7.450363773386925e-05,KEEP,ok
71b67c2023022320,clean\english\71b67c2023022320.wav,librispeech,C:\Users\Suhaan\Downloads\dev-clean\LibriSpeech\dev-clean\2078\142845\2078-142845-0049.flac,2078,142845,english,16000,16000,1,2.87,-26.005696400807295,-7.295097676340079,0.0,4.807182995136827e-05,KEEP,ok
bca7e4fd0cfde0e0,clean\english\bca7e4fd0cfde0e0.wav,librispeech,C:\Users\Suhaan\Downloads\dev-clean\LibriSpeech\dev-clean\2078\142845\2078-142845-0050.flac,2078,142845,english,16000,16000,1,7.725,-23.80688520602126,-6.773287200753645,0.0,5.378723290050402e-05,KEEP,ok
1bdc7f7a9a0c3899,clean\english\1bdc7f7a9a0c3899.wav,librispeech,C:\Users\Suhaan\Downloads\dev-clean\LibriSpeech\dev-clean\2078\142845\2078-142845-0051.flac,2078,142845,english,16000,16000,1,10.36,-25.520826932198503,-8.076356465022355,0.0,4.5168260840000585e-05,KEEP,ok
cc50d2f09b087ef8,clean\english\cc50d2f09b087ef8.wav,librispeech,C:\Users\Suhaan\Downloads\dev-clean\LibriSpeech\dev-clean\2086\149214\2086-149214-0000.flac,2086,149214,english,16000,16000,1,9.81,-23.339335838807994,-2.6946462336880055,0.0,8.438024451606907e-06,KEEP,ok
8e9b7e489731690d,clean\english\8e9b7e489731690d.wav,librispeech,C:\Users\Suhaan\Downloads\dev-clean\LibriSpeech\dev-clean\2086\149214\2086-149214-0001.flac,2086,149214,english,16000,16000,1,6.97,-24.822177997390703,-3.5354871441303097,0.0,1.575765600136947e-05,KEEP,ok
b0246d261273e23f,clean\english\b0246d261273e23f.wav,librispeech,C:\Users\Suhaan\Downloads\dev-clean\LibriSpeech\dev-clean\2086\149214\2086-149214-0002.flac,2086,149214,english,16000,16000,1,16.745,-23.012256629214708,-3.1980527845517015,0.0,1.3280590792419389e-05,KEEP,ok
c61f95b4fc9d58ed,clean\english\c61f95b4fc9d58ed.wav,librispeech,C:\Users\Suhaan\Downloads\dev-clean\LibriSpeech\dev-clean\2086\149214\2086-149214-0003.flac,2086,149214,english,16000,16000,1,8.9949375,-24.718889584758887,-4.765527589478652,0.0,1.4240009477362037e-05,KEEP,ok
341b064acc301a3f,clean\english\341b064acc301a3f.wav,librispeech,C:\Users\Suhaan\Downloads\dev-clean\LibriSpeech\dev-clean\2086\149214\2086-149214-0004.flac,2086,149214,english,16000,16000,1,15.22,-25.32367328921381,-5.010754207339188,0.0,3.832617949228734e-06,KEEP,ok
01a97c462139f67e,clean\english\01a97c462139f67e.wav,librispeech,C:\Users\Suhaan\Downloads\dev-clean\LibriSpeech\dev-clean\2086\149220\2086-149220-0000.flac,2086,149220,english,16000,16000,1,12.095,-21.712571242775248,-1.432790676766399,0.0,5.95685696680448e-06,KEEP,ok
de635c06aed684e4,clean\english\de635c06aed684e4.wav,librispeech,C:\Users\Suhaan\Downloads\dev-clean\LibriSpeech\dev-clean\2086\149220\2086-149220-0001.flac,2086,149220,english,16000,16000,1,19.78,-23.921671768423618,-1.4368555675040446,0.0,4.5118727030057926e-06,KEEP,ok
6914d2d43bde8738,clean\english\6914d2d43bde8738.wav,librispeech,C:\Users\Suhaan\Downloads\dev-clean\LibriSpeech\dev-clean\2086\149220\2086-149220-0002.flac,2086,149220,english,16000,16000,1,16.01,-25.970786587389863,-4.264545372841047,0.0,3.6922267554473365e-06,KEEP,ok
f33c30088f0cde68,clean\english\f33c30088f0cde68.wav,librispeech,C:\Users\Suhaan\Downloads\dev-clean\LibriSpeech\dev-clean\2086\149220\2086-149220-0003.flac,2086,149220,english,16000,16000,1,22.81,-22.94057806866406,-2.081992849108797,0.0,5.334054094419116e-06,KEEP,ok
a6978e537b38dfec,clean\english\a6978e537b38dfec.wav,librispeech,C:\Users\Suhaan\Downloads\dev-clean\LibriSpeech\dev-clean\2086\149220\2086-149220-0004.flac,2086,149220,english,16000,16000,1,7.22,-24.121875870210477,-4.683784958094101,0.0,1.7641654039834975e-06,KEEP,ok
2ad9511a585108bf,clean\english\2ad9511a585108bf.wav,librispeech,C:\Users\Suhaan\Downloads\dev-clean\LibriSpeech\dev-clean\2086\149220\2086-149220-0005.flac,2086,149220,english,16000,16000,1,9.09,-23.458377507155483,-3.2391372362481614,0.0,7.425020612572553e-06,KEEP,ok
9ab21071d6ba1425,clean\english\9ab21071d6ba1425.wav,librispeech,C:\Users\Suhaan\Downloads\dev-clean\LibriSpeech\dev-clean\2086\149220\2086-149220-0006.flac,2086,149220,english,16000,16000,1,10.35,-24.648874094565684,-3.3471870148512526,0.0,8.580304324823373e-07,KEEP,ok
53fc2ce7b5642998,clean\english\53fc2ce7b5642998.wav,librispeech,C:\Users\Suhaan\Downloads\dev-clean\LibriSpeech\dev-clean\2086\149220\2086-149220-0007.flac,2086,149220,english,16000,16000,1,5.24,-24.097396836248308,-3.0736867169283633,0.0,1.2980890460312366e-05,KEEP,ok
fc3a487306481bba,clean\english\fc3a487306481bba.wav,librispeech,C:\Users\Suhaan\Downloads\dev-clean\LibriSpeech\dev-clean\2086\149220\2086-149220-0008.flac,2086,149220,english,16000,16000,1,8.89,-25.937923667680675,-5.300598653016479,0.0,1.6964890164672397e-05,KEEP,ok
44c74e5340f18aab,clean\english\44c74e5340f18aab.wav,librispeech,C:\Users\Suhaan\Downloads\dev-clean\LibriSpeech\dev-clean\2086\149220\2086-149220-0009.flac,2086,149220,english,16000,16000,1,10.6,-23.763600546187874,-3.109634382676262,0.0,3.6858612020296277e-06,KEEP,ok
f45ae1794fd41a3e,clean\english\f45ae1794fd41a3e.wav,librispeech,C:\Users\Suhaan\Downloads\dev-clean\LibriSpeech\dev-clean\2086\149220\2086-149220-0010.flac,2086,149220,english,16000,16000,1,13.95,-23.368607303132023,-1.7382040864345847,0.0,6.876983206893783e-06,KEEP,ok
9791b6d7827b6c3f,clean\english\9791b6d7827b6c3f.wav,librispeech,C:\Users\Suhaan\Downloads\dev-clean\LibriSpeech\dev-clean\2086\149220\2086-149220-0011.flac,2086,149220,english,16000,16000,1,19.43,-24.68572741712859,-1.423417413657423,0.0,9.247548405255657e-06,KEEP,ok
37ba4068e321578a,clean\english\37ba4068e321578a.wav,librispeech,C:\Users\Suhaan\Downloads\dev-clean\LibriSpeech\dev-clean\2086\149220\2086-149220-0012.flac,2086,149220,english,16000,16000,1,14.995,-24.547299184338893,-3.9039952614656883,0.0,6.937686521268915e-06,KEEP,ok
66a3af10743eac8f,clean\english\66a3af10743eac8f.wav,librispeech,C:\Users\Suhaan\Downloads\dev-clean\LibriSpeech\dev-clean\2086\149220\2086-149220-0013.flac,2086,149220,english,16000,16000,1,17.57,-25.421244334529426,-2.4761846293466014,0.0,1.156567577709211e-05,KEEP,ok
b9fe550ec1a8a6b0,clean\english\b9fe550ec1a8a6b0.wav,librispeech,C:\Users\Suhaan\Downloads\dev-clean\LibriSpeech\dev-clean\2086\149220\2086-149220-0014.flac,2086,149220,english,16000,16000,1,9.58,-23.595936539142386,-1.469443359061491,0.0,7.607493898831308e-06,KEEP,ok
ace80cee4663da33,clean\english\ace80cee4663da33.wav,librispeech,C:\Users\Suhaan\Downloads\dev-clean\LibriSpeech\dev-clean\2086\149220\2086-149220-0015.flac,2086,149220,english,16000,16000,1,8.19,-23.488918264246337,-4.97589944372988,0.0,2.477457201166544e-06,KEEP,ok
28bd74bd657cd4b1,clean\english\28bd74bd657cd4b1.wav,librispeech,C:\Users\Suhaan\Downloads\dev-clean\LibriSpeech\dev-clean\2086\149220\2086-149220-0016.flac,2086,149220,english,16000,16000,1,7.52,-24.005039466743405,-3.179685329686346,0.0,5.885134214622667e-06,KEEP,ok
596a6665271d4efe,clean\english\596a6665271d4efe.wav,librispeech,C:\Users\Suhaan\Downloads\dev-clean\LibriSpeech\dev-clean\2086\149220\2086-149220-0017.flac,2086,149220,english,16000,16000,1,8.7,-24.10994250373104,-2.933966308303251,0.0,3.376664835741394e-06,KEEP,ok
6576f3d9db0fd1f1,clean\english\6576f3d9db0fd1f1.wav,librispeech,C:\Users\Suhaan\Downloads\dev-clean\LibriSpeech\dev-clean\2086\149220\2086-149220-0018.flac,2086,149220,english,16000,16000,1,6.83,-24.407169874692283,-4.689695737252493,0.0,8.63417335494887e-06,KEEP,ok
18714b0b19471c47,clean\english\18714b0b19471c47.wav,librispeech,C:\Users\Suhaan\Downloads\dev-clean\LibriSpeech\dev-clean\2086\149220\2086-149220-0019.flac,2086,149220,english,16000,16000,1,13.18,-25.163691835741457,-1.503099277296077,0.0,4.7842904677963816e-06,KEEP,ok
b7d875ad154b75c5,clean\english\b7d875ad154b75c5.wav,librispeech,C:\Users\Suhaan\Downloads\dev-clean\LibriSpeech\dev-clean\2086\149220\2086-149220-0020.flac,2086,149220,english,16000,16000,1,2.93,-23.51594788698555,-5.468113911803341,0.0,1.5859635823289864e-05,KEEP,ok
fa37c869030c4f62,clean\english\fa37c869030c4f62.wav,librispeech,C:\Users\Suhaan\Downloads\dev-clean\LibriSpeech\dev-clean\2086\149220\2086-149220-0021.flac,2086,149220,english,16000,16000,1,3.335,-25.738493639966286,-6.513018486397829,0.0,3.549899020072189e-06,KEEP,ok
0942264e084b2678,clean\english\0942264e084b2678.wav,librispeech,C:\Users\Suhaan\Downloads\dev-clean\LibriSpeech\dev-clean\2086\149220\2086-149220-0022.flac,2086,149220,english,16000,16000,1,9.265,-26.281577148957883,-5.783704461280483,0.0,6.3670240706414916e-06,KEEP,ok
fcb5777d46eca25d,clean\english\fcb5777d46eca25d.wav,librispeech,C:\Users\Suhaan\Downloads\dev-clean\LibriSpeech\dev-clean\2086\149220\2086-149220-0023.flac,2086,149220,english,16000,16000,1,7.365,-24.981359663723566,-3.1969036800182766,0.0,8.847611752571538e-06,KEEP,ok
b4c1a0c901b4fd7b,clean\english\b4c1a0c901b4fd7b.wav,librispeech,C:\Users\Suhaan\Downloads\dev-clean\LibriSpeech\dev-clean\2086\149220\2086-149220-0024.flac,2086,149220,english,16000,16000,1,3.805,-25.971925022200843,-4.945867164386479,0.0,7.69455982663203e-06,KEEP,ok
1885465ab8e19324,clean\english\1885465ab8e19324.wav,librispeech,C:\Users\Suhaan\Downloads\dev-clean\LibriSpeech\dev-clean\2086\149220\2086-149220-0025.flac,2086,149220,english,16000,16000,1,10.255,-26.43876754151134,-3.2156914504822294,0.0,9.913935173244681e-06,KEEP,ok
a5b5b219e75152d5,clean\english\a5b5b219e75152d5.wav,librispeech,C:\Users\Suhaan\Downloads\dev-clean\LibriSpeech\dev-clean\2086\149220\2086-149220-0026.flac,2086,149220,english,16000,16000,1,4.81,-23.3305299730969,-2.127928598992966,0.0,9.815509656618815e-06,KEEP,ok
82b95555331d518e,clean\english\82b95555331d518e.wav,librispeech,C:\Users\Suhaan\Downloads\dev-clean\LibriSpeech\dev-clean\2086\149220\2086-149220-0027.flac,2086,149220,english,16000,16000,1,4.245,-24.332302699428006,-5.772877709179809,0.0,1.4115727935859468e-05,KEEP,ok
cff5d24b688e561c,clean\english\cff5d24b688e561c.wav,librispeech,C:\Users\Suhaan\Downloads\dev-clean\LibriSpeech\dev-clean\2086\149220\2086-149220-0028.flac,2086,149220,english,16000,16000,1,2.855,-27.959448084335968,-9.603606697205633,0.0,1.6534808310098015e-05,KEEP,ok
c6b326128c882539,clean\english\c6b326128c882539.wav,librispeech,C:\Users\Suhaan\Downloads\dev-clean\LibriSpeech\dev-clean\2086\149220\2086-149220-0029.flac,2086,149220,english,16000,16000,1,5.58,-23.141630387998646,-3.7426300813178965,0.0,1.4829122847004328e-05,KEEP,ok
f56f72efbfa37399,clean\english\f56f72efbfa37399.wav,librispeech,C:\Users\Suhaan\Downloads\dev-clean\LibriSpeech\dev-clean\2086\149220\2086-149220-0030.flac,2086,149220,english,16000,16000,1,8.1,-23.81509853360949,-1.722352442627729,0.0,7.030110282357782e-06,KEEP,ok
b3541b2796cd1d0b,clean\english\b3541b2796cd1d0b.wav,librispeech,C:\Users\Suhaan\Downloads\dev-clean\LibriSpeech\dev-clean\2086\149220\2086-149220-0031.flac,2086,149220,english,16000,16000,1,8.58,-23.498739250312866,-3.3518646021678524,0.0,1.6628167998078425e-07,KEEP,ok
241e58d068ef74a7,clean\english\241e58d068ef74a7.wav,librispeech,C:\Users\Suhaan\Downloads\dev-clean\LibriSpeech\dev-clean\2086\149220\2086-149220-0032.flac,2086,149220,english,16000,16000,1,3.76,-24.553316144348635,-3.1274741780090998,0.0,9.129909813054837e-06,KEEP,ok
dd9706db5b0e1122,clean\english\dd9706db5b0e1122.wav,librispeech,C:\Users\Suhaan\Downloads\dev-clean\LibriSpeech\dev-clean\2086\149220\2086-149220-0033.flac,2086,149220,english,16000,16000,1,7.435,-22.773844203841907,-2.1377552253362437,0.0,1.1807091141236015e-05,KEEP,ok
4f50251f5d72d06e,clean\english\4f50251f5d72d06e.wav,librispeech,C:\Users\Suhaan\Downloads\dev-clean\LibriSpeech\dev-clean\2086\149220\2086-149220-0034.flac,2086,149220,english,16000,16000,1,5.91,-23.28951635338639,-4.639807971654484,0.0,9.230469913745765e-06,KEEP,ok
947aff9e5a16fde5,clean\english\947aff9e5a16fde5.wav,librispeech,C:\Users\Suhaan\Downloads\dev-clean\LibriSpeech\dev-clean\2086\149220\2086-149220-0035.flac,2086,149220,english,16000,16000,1,10.5499375,-22.839303826182693,-2.3470721681945053,0.0,8.43360430735629e-06,KEEP,ok
d05c59fbfe53b1f5,clean\english\d05c59fbfe53b1f5.wav,librispeech,C:\Users\Suhaan\Downloads\dev-clean\LibriSpeech\dev-clean\2086\149220\2086-149220-0036.flac,2086,149220,english,16000,16000,1,6.32,-24.006437098906837,-1.7307599162222334,0.0,8.992304174171295e-06,KEEP,ok
f9bcfda160b3fa32,clean\english\f9bcfda160b3fa32.wav,librispeech,C:\Users\Suhaan\Downloads\dev-clean\LibriSpeech\dev-clean\2086\149220\2086-149220-0037.flac,2086,149220,english,16000,16000,1,4.835,-23.31264640505218,-3.959014277051725,0.0,4.283743237465387e-06,KEEP,ok
c113c12e4df5f36a,clean\english\c113c12e4df5f36a.wav,librispeech,C:\Users\Suhaan\Downloads\dev-clean\LibriSpeech\dev-clean\2086\149220\2086-149220-0038.flac,2086,149220,english,16000,16000,1,4.35,-22.26297725575477,-1.5381517234721442,0.0,1.1134093256259803e-05,KEEP,ok
8e4ffae95c77fdcc,clean\english\8e4ffae95c77fdcc.wav,librispeech,C:\Users\Suhaan\Downloads\dev-clean\LibriSpeech\dev-clean\2086\149220\2086-149220-0039.flac,2086,149220,english,16000,16000,1,2.48,-24.2626995378006,-4.676969822681254,0.0,9.271406270272564e-06,KEEP,ok
e0a3302665639ba1,clean\english\e0a3302665639ba1.wav,librispeech,C:\Users\Suhaan\Downloads\dev-clean\LibriSpeech\dev-clean\2086\149220\2086-149220-0040.flac,2086,149220,english,16000,16000,1,6.7,-23.084820943135416,-3.2788702406134744,0.0,6.1399546211760025e-06,KEEP,ok
3f9d87188cffdbf2,clean\english\3f9d87188cffdbf2.wav,librispeech,C:\Users\Suhaan\Downloads\dev-clean\LibriSpeech\dev-clean\2086\149220\2086-149220-0041.flac,2086,149220,english,16000,16000,1,14.805,-25.417273984453246,-4.97872030101196,0.0,1.4048675438971259e-05,KEEP,ok
2ea75cd665f55e06,clean\english\2ea75cd665f55e06.wav,librispeech,C:\Users\Suhaan\Downloads\dev-clean\LibriSpeech\dev-clean\2086\149220\2086-149220-0042.flac,2086,149220,english,16000,16000,1,2.84,-25.244093473665195,-7.554322804120108,0.0,2.522535623938893e-06,KEEP,ok
9714431e6a0cc68e,clean\english\9714431e6a0cc68e.wav,librispeech,C:\Users\Suhaan\Downloads\dev-clean\LibriSpeech\dev-clean\2086\149220\2086-149220-0043.flac,2086,149220,english,16000,16000,1,2.77,-26.68985433023448,-4.674245265056008,0.0,1.3704679076909088e-05,KEEP,ok
f315826b23729156,clean\english\f315826b23729156.wav,librispeech,C:\Users\Suhaan\Downloads\dev-clean\LibriSpeech\dev-clean\2086\149220\2086-149220-0044.flac,2086,149220,english,16000,16000,1,3.95,-25.99814326597273,-5.032491388770071,0.0,3.02708303934196e-05,KEEP,ok
47ceca2eb294d248,clean\english\47ceca2eb294d248.wav,librispeech,C:\Users\Suhaan\Downloads\dev-clean\LibriSpeech\dev-clean\2086\149220\2086-149220-0045.flac,2086,149220,english,16000,16000,1,4.545,-25.573151492739935,-7.346203969169963,0.0,3.0165065254550427e-06,KEEP,ok
63b50b0aa4d0c869,clean\english\63b50b0aa4d0c869.wav,librispeech,C:\Users\Suhaan\Downloads\dev-clean\LibriSpeech\dev-clean\2086\149220\2086-149220-0046.flac,2086,149220,english,16000,16000,1,3.415,-26.607693392091445,-9.393154044603175,0.0,4.814449766854523e-06,KEEP,ok
9ad75a1ceba8bee8,clean\english\9ad75a1ceba8bee8.wav,librispeech,C:\Users\Suhaan\Downloads\dev-clean\LibriSpeech\dev-clean\2086\149220\2086-149220-0047.flac,2086,149220,english,16000,16000,1,3.92,-27.990601069684516,-8.407007106282084,0.0,1.3701769603358116e-05,KEEP,ok
940a1a79f3b21f50,clean\english\940a1a79f3b21f50.wav,librispeech,C:\Users\Suhaan\Downloads\dev-clean\LibriSpeech\dev-clean\2086\149220\2086-149220-0048.flac,2086,149220,english,16000,16000,1,11.31,-27.312649046324765,-6.744428480478939,0.0,7.896018360042945e-06,KEEP,ok
77cf70ba4b388a14,clean\english\77cf70ba4b388a14.wav,librispeech,C:\Users\Suhaan\Downloads\dev-clean\LibriSpeech\dev-clean\2086\149220\2086-149220-0049.flac,2086,149220,english,16000,16000,1,11.605,-27.676143070942345,-7.094827253345769,0.0,5.457926363305887e-06,KEEP,ok
9b366e8a47a085aa,clean\english\9b366e8a47a085aa.wav,librispeech,C:\Users\Suhaan\Downloads\dev-clean\LibriSpeech\dev-clean\2277\149874\2277-149874-0000.flac,2277,149874,english,16000,16000,1,15.505,-26.403571773199346,-4.056567047454735,0.0,1.4627721611759625e-06,KEEP,ok
a9eabe4919ddeb42,clean\english\a9eabe4919ddeb42.wav,librispeech,C:\Users\Suhaan\Downloads\dev-clean\LibriSpeech\dev-clean\2277\149874\2277-149874-0001.flac,2277,149874,english,16000,16000,1,7.04,-27.285504116469212,-6.127281303939394,0.0,1.5185637494141702e-06,KEEP,ok
bdd8f0f9444442e1,clean\english\bdd8f0f9444442e1.wav,librispeech,C:\Users\Suhaan\Downloads\dev-clean\LibriSpeech\dev-clean\2277\149874\2277-149874-0002.flac,2277,149874,english,16000,16000,1,5.095,-26.956661070390776,-8.46230690877394,0.0,7.252042905747658e-06,KEEP,ok
2e8a306b7026d9b4,clean\english\2e8a306b7026d9b4.wav,librispeech,C:\Users\Suhaan\Downloads\dev-clean\LibriSpeech\dev-clean\2277\149874\2277-149874-0003.flac,2277,149874,english,16000,16000,1,7.7,-25.147023112353686,-4.824455778278952,0.0,1.8429446413392725e-07,KEEP,ok
8f1b0f76344f2f42,clean\english\8f1b0f76344f2f42.wav,librispeech,C:\Users\Suhaan\Downloads\dev-clean\LibriSpeech\dev-clean\2277\149874\2277-149874-0004.flac,2277,149874,english,16000,16000,1,3.215,-26.507176033522274,-8.365935702275163,0.0,1.3410173778538592e-05,KEEP,ok
8f4fe72077c8c761,clean\english\8f4fe72077c8c761.wav,librispeech,C:\Users\Suhaan\Downloads\dev-clean\LibriSpeech\dev-clean\2277\149874\2277-149874-0005.flac,2277,149874,english,16000,16000,1,6.37,-27.315933324482057,-7.099628076813609,0.0,6.852980732219294e-06,KEEP,ok
9cacbb185ddfefda,clean\english\9cacbb185ddfefda.wav,librispeech,C:\Users\Suhaan\Downloads\dev-clean\LibriSpeech\dev-clean\2277\149874\2277-149874-0006.flac,2277,149874,english,16000,16000,1,2.745,-24.55267214100962,-4.8549975634026445,0.0,2.22628227675159e-06,KEEP,ok
7450055c51fb6033,clean\english\7450055c51fb6033.wav,librispeech,C:\Users\Suhaan\Downloads\dev-clean\LibriSpeech\dev-clean\2277\149874\2277-149874-0007.flac,2277,149874,english,16000,16000,1,4.4,-25.93382223271834,-6.331460154323301,0.0,6.394819592969725e-06,KEEP,ok
ada96e06af60c343,clean\english\ada96e06af60c343.wav,librispeech,C:\Users\Suhaan\Downloads\dev-clean\LibriSpeech\dev-clean\2277\149874\2277-149874-0008.flac,2277,149874,english,16000,16000,1,5.385,-27.78079203493355,-5.140563541161614,0.0,4.178456947556697e-06,KEEP,ok
d93183dd296fc433,clean\english\d93183dd296fc433.wav,librispeech,C:\Users\Suhaan\Downloads\dev-clean\LibriSpeech\dev-clean\2277\149874\2277-149874-0009.flac,2277,149874,english,16000,16000,1,3.35,-26.881635600141053,-8.150560695468773,0.0,5.522770720745029e-07,KEEP,ok
50db3cc5db30c023,clean\english\50db3cc5db30c023.wav,librispeech,C:\Users\Suhaan\Downloads\dev-clean\LibriSpeech\dev-clean\2277\149874\2277-149874-0010.flac,2277,149874,english,16000,16000,1,7.42,-26.70191281688574,-6.398200768207998,0.0,3.3501987672934774e-06,KEEP,ok
6c4705ab209aacb0,clean\english\6c4705ab209aacb0.wav,librispeech,C:\Users\Suhaan\Downloads\dev-clean\LibriSpeech\dev-clean\2277\149874\2277-149874-0011.flac,2277,149874,english,16000,16000,1,2.465,-29.42339041541729,-9.516751061259876,0.0,2.0272060282877646e-05,KEEP,ok
54345e3ef9ac6e0c,clean\english\54345e3ef9ac6e0c.wav,librispeech,C:\Users\Suhaan\Downloads\dev-clean\LibriSpeech\dev-clean\2277\149874\2277-149874-0012.flac,2277,149874,english,16000,16000,1,5.08,-27.627216744131537,-8.213112969468792,0.0,6.570591040144791e-07,KEEP,ok
2bd754d5e6ed9f56,clean\english\2bd754d5e6ed9f56.wav,librispeech,C:\Users\Suhaan\Downloads\dev-clean\LibriSpeech\dev-clean\2277\149874\2277-149874-0013.flac,2277,149874,english,16000,16000,1,3.16,-26.333306538191778,-7.919261987901645,0.0,2.0280065655242652e-05,KEEP,ok
682b81a6a4faa76a,clean\english\682b81a6a4faa76a.wav,librispeech,C:\Users\Suhaan\Downloads\dev-clean\LibriSpeech\dev-clean\2277\149874\2277-149874-0014.flac,2277,149874,english,16000,16000,1,8.6,-25.456542714106337,-5.366234177176615,0.0,1.5471701999558718e-06,KEEP,ok
438a0d13d2b03bff,clean\english\438a0d13d2b03bff.wav,librispeech,C:\Users\Suhaan\Downloads\dev-clean\LibriSpeech\dev-clean\2277\149874\2277-149874-0015.flac,2277,149874,english,16000,16000,1,4.73,-27.22166493863181,-8.593200892634634,0.0,5.78454864808009e-06,KEEP,ok
816cd72b586d5d8d,clean\english\816cd72b586d5d8d.wav,librispeech,C:\Users\Suhaan\Downloads\dev-clean\LibriSpeech\dev-clean\2277\149874\2277-149874-0016.flac,2277,149874,english,16000,16000,1,5.325,-26.32366408263888,-5.24272330985967,0.0,6.683063020318514e-06,KEEP,ok
69b0836ea02b5590,clean\english\69b0836ea02b5590.wav,librispeech,C:\Users\Suhaan\Downloads\dev-clean\LibriSpeech\dev-clean\2277\149874\2277-149874-0017.flac,2277,149874,english,16000,16000,1,3.36,-25.661630972154434,-3.4270506273061594,0.0,5.644275915983599e-06,KEEP,ok
baee439239c681e7,clean\english\baee439239c681e7.wav,librispeech,C:\Users\Suhaan\Downloads\dev-clean\LibriSpeech\dev-clean\2277\149874\2277-149874-0018.flac,2277,149874,english,16000,16000,1,5.02,-25.835233970749066,-6.607793048766508,0.0,5.081450126454001e-06,KEEP,ok
6a60bb1969640e54,clean\english\6a60bb1969640e54.wav,librispeech,C:\Users\Suhaan\Downloads\dev-clean\LibriSpeech\dev-clean\2277\149874\2277-149874-0019.flac,2277,149874,english,16000,16000,1,8.45,-24.406138981768333,-4.755897744900185,0.0,1.6251964325419976e-06,KEEP,ok
495402fa4b8d52c9,clean\english\495402fa4b8d52c9.wav,librispeech,C:\Users\Suhaan\Downloads\dev-clean\LibriSpeech\dev-clean\2277\149874\2277-149874-0020.flac,2277,149874,english,16000,16000,1,7.38,-25.132338937800533,-4.9439935902553875,0.0,3.6841809105681023e-06,KEEP,ok
57eeedfbbd9405f4,clean\english\57eeedfbbd9405f4.wav,librispeech,C:\Users\Suhaan\Downloads\dev-clean\LibriSpeech\dev-clean\2277\149874\2277-149874-0021.flac,2277,149874,english,16000,16000,1,2.985,-25.76424412768517,-8.297452643402433,0.0,3.706070970110886e-07,KEEP,ok
71877d5252e87ce8,clean\english\71877d5252e87ce8.wav,librispeech,C:\Users\Suhaan\Downloads\dev-clean\LibriSpeech\dev-clean\2277\149896\2277-149896-0000.flac,2277,149896,english,16000,16000,1,6.59,-26.436456732214545,-7.279150130684403,0.0,1.2127148352192307e-07,KEEP,ok
9200d9ce1b4ea75d,clean\english\9200d9ce1b4ea75d.wav,librispeech,C:\Users\Suhaan\Downloads\dev-clean\LibriSpeech\dev-clean\2277\149896\2277-149896-0001.flac,2277,149896,english,16000,16000,1,7.145,-23.58793236767882,-7.269350790044879,0.0,7.034099098746083e-07,KEEP,ok
398c819acebb8bee,clean\english\398c819acebb8bee.wav,librispeech,C:\Users\Suhaan\Downloads\dev-clean\LibriSpeech\dev-clean\2277\149896\2277-149896-0002.flac,2277,149896,english,16000,16000,1,4.835,-24.711597330330648,-7.356090449159511,0.0,1.1637390571195283e-06,KEEP,ok
7f540999620d8144,clean\english\7f540999620d8144.wav,librispeech,C:\Users\Suhaan\Downloads\dev-clean\LibriSpeech\dev-clean\2277\149896\2277-149896-0003.flac,2277,149896,english,16000,16000,1,2.84,-22.95350692675165,-7.280988738482003,0.0,1.9436151887930464e-06,KEEP,ok
091f93bec11cfd8b,clean\english\091f93bec11cfd8b.wav,librispeech,C:\Users\Suhaan\Downloads\dev-clean\LibriSpeech\dev-clean\2277\149896\2277-149896-0004.flac,2277,149896,english,16000,16000,1,1.955,-23.596789491480592,-7.21565114674285,0.0,4.879105290456209e-06,KEEP,ok
e8463af5637960bb,clean\english\e8463af5637960bb.wav,librispeech,C:\Users\Suhaan\Downloads\dev-clean\LibriSpeech\dev-clean\2277\149896\2277-149896-0005.flac,2277,149896,english,16000,16000,1,5.6,-23.167473652514715,-7.4094239387937435,0.0,2.2019657990313135e-06,KEEP,ok
a5e5fe7e8ec861f2,clean\english\a5e5fe7e8ec861f2.wav,librispeech,C:\Users\Suhaan\Downloads\dev-clean\LibriSpeech\dev-clean\2277\149896\2277-149896-0006.flac,2277,149896,english,16000,16000,1,4.97,-23.508930929195742,-7.359182283328086,0.0,1.716613724056515e-06,KEEP,ok
47d586c75bdb6ee9,clean\english\47d586c75bdb6ee9.wav,librispeech,C:\Users\Suhaan\Downloads\dev-clean\LibriSpeech\dev-clean\2277\149896\2277-149896-0007.flac,2277,149896,english,16000,16000,1,5.375,-23.807662485353617,-7.398855271001107,0.0,4.694739175192808e-07,KEEP,ok
0e13ad8b4a9cf3b1,clean\english\0e13ad8b4a9cf3b1.wav,librispeech,C:\Users\Suhaan\Downloads\dev-clean\LibriSpeech\dev-clean\2277\149896\2277-149896-0008.flac,2277,149896,english,16000,16000,1,6.94,-25.53437777638829,-7.699106928724965,0.0,3.303780658825417e-06,KEEP,ok
28243da4bf3c6d7c,clean\english\28243da4bf3c6d7c.wav,librispeech,C:\Users\Suhaan\Downloads\dev-clean\LibriSpeech\dev-clean\2277\149896\2277-149896-0009.flac,2277,149896,english,16000,16000,1,5.815,-25.14566071541747,-7.389540643150735,0.0,1.010255118671921e-06,KEEP,ok
b610c3e65d86ca19,clean\english\b610c3e65d86ca19.wav,librispeech,C:\Users\Suhaan\Downloads\dev-clean\LibriSpeech\dev-clean\2277\149896\2277-149896-0010.flac,2277,149896,english,16000,16000,1,5.275,-25.349634186723556,-7.438710297683332,0.0,6.522951707665925e-07,KEEP,ok
e7636c6887a5e5a0,clean\english\e7636c6887a5e5a0.wav,librispeech,C:\Users\Suhaan\Downloads\dev-clean\LibriSpeech\dev-clean\2277\149896\2277-149896-0011.flac,2277,149896,english,16000,16000,1,4.465,-26.139230516709823,-7.485021801099617,0.0,1.84455348062329e-06,KEEP,ok
936bcd15ad43a1e0,clean\english\936bcd15ad43a1e0.wav,librispeech,C:\Users\Suhaan\Downloads\dev-clean\LibriSpeech\dev-clean\2277\149896\2277-149896-0012.flac,2277,149896,english,16000,16000,1,2.495,-25.37157861841971,-8.030799824113613,0.0,4.152592282480327e-06,KEEP,ok
e1211220e9c5a584,clean\english\e1211220e9c5a584.wav,librispeech,C:\Users\Suhaan\Downloads\dev-clean\LibriSpeech\dev-clean\2277\149896\2277-149896-0013.flac,2277,149896,english,16000,16000,1,6.09,-25.63657097912744,-7.255894722848552,0.0,1.9230083125876263e-07,KEEP,ok
13bc2c8000fec680,clean\english\13bc2c8000fec680.wav,librispeech,C:\Users\Suhaan\Downloads\dev-clean\LibriSpeech\dev-clean\2277\149896\2277-149896-0014.flac,2277,149896,english,16000,16000,1,4.07,-24.86074848260087,-8.411892897520751,0.0,3.1515771752310684e-06,KEEP,ok
ed82e73a6d8557ce,clean\english\ed82e73a6d8557ce.wav,librispeech,C:\Users\Suhaan\Downloads\dev-clean\LibriSpeech\dev-clean\2277\149896\2277-149896-0015.flac,2277,149896,english,16000,16000,1,3.675,-26.006143287247628,-9.91172441983749,0.0,3.633045153605963e-08,KEEP,ok
e3304250125daa39,clean\english\e3304250125daa39.wav,librispeech,C:\Users\Suhaan\Downloads\dev-clean\LibriSpeech\dev-clean\2277\149896\2277-149896-0016.flac,2277,149896,english,16000,16000,1,2.785,-23.344008619270475,-7.271187324492584,0.0,5.6330136430915445e-06,KEEP,ok
a06069443ecb4fd7,clean\english\a06069443ecb4fd7.wav,librispeech,C:\Users\Suhaan\Downloads\dev-clean\LibriSpeech\dev-clean\2277\149896\2277-149896-0017.flac,2277,149896,english,16000,16000,1,4.985,-25.086771434208114,-7.408801896351535,0.0,1.0984950904457946e-06,KEEP,ok
c650c974273697e6,clean\english\c650c974273697e6.wav,librispeech,C:\Users\Suhaan\Downloads\dev-clean\LibriSpeech\dev-clean\2277\149896\2277-149896-0018.flac,2277,149896,english,16000,16000,1,4.545,-22.450297448007227,-7.365988194992948,0.0,2.576704218881787e-07,KEEP,ok
cc89df16caf52707,clean\english\cc89df16caf52707.wav,librispeech,C:\Users\Suhaan\Downloads\dev-clean\LibriSpeech\dev-clean\2277\149896\2277-149896-0019.flac,2277,149896,english,16000,16000,1,3.56,-23.309082548907305,-7.216259508825961,0.0,6.277105967456009e-06,KEEP,ok
87762be857d7f1dc,clean\english\87762be857d7f1dc.wav,librispeech,C:\Users\Suhaan\Downloads\dev-clean\LibriSpeech\dev-clean\2277\149896\2277-149896-0020.flac,2277,149896,english,16000,16000,1,5.285,-24.36757390601578,-7.4137794836728945,0.0,2.288096538904938e-07,KEEP,ok
abdd023a6edfc1d7,clean\english\abdd023a6edfc1d7.wav,librispeech,C:\Users\Suhaan\Downloads\dev-clean\LibriSpeech\dev-clean\2277\149896\2277-149896-0021.flac,2277,149896,english,16000,16000,1,3.37,-24.144720114862395,-7.89488838602888,0.0,5.229644557402935e-07,KEEP,ok
f7ad9d1b26babdb2,clean\english\f7ad9d1b26babdb2.wav,librispeech,C:\Users\Suhaan\Downloads\dev-clean\LibriSpeech\dev-clean\2277\149896\2277-149896-0022.flac,2277,149896,english,16000,16000,1,3.38,-23.299498885017048,-7.347439163944239,0.0,4.719277058029547e-06,KEEP,ok
db216852acae8ab6,clean\english\db216852acae8ab6.wav,librispeech,C:\Users\Suhaan\Downloads\dev-clean\LibriSpeech\dev-clean\2277\149896\2277-149896-0023.flac,2277,149896,english,16000,16000,1,3.89,-24.901512709480343,-7.366607178755053,0.0,2.486907987986342e-06,KEEP,ok
76bce0183ddb58d9,clean\english\76bce0183ddb58d9.wav,librispeech,C:\Users\Suhaan\Downloads\dev-clean\LibriSpeech\dev-clean\2277\149896\2277-149896-0024.flac,2277,149896,english,16000,16000,1,4.5,-23.14092394023951,-7.421874151830689,0.0,1.4902750535839004e-06,KEEP,ok
3faed726e1e2c23a,clean\english\3faed726e1e2c23a.wav,librispeech,C:\Users\Suhaan\Downloads\dev-clean\LibriSpeech\dev-clean\2277\149896\2277-149896-0025.flac,2277,149896,english,16000,16000,1,3.4,-25.5187178463392,-7.591722423196963,0.0,1.8102982721757144e-06,KEEP,ok
705b7f4858765c83,clean\english\705b7f4858765c83.wav,librispeech,C:\Users\Suhaan\Downloads\dev-clean\LibriSpeech\dev-clean\2277\149896\2277-149896-0026.flac,2277,149896,english,16000,16000,1,4.92,-24.56155416039783,-7.309844521373169,0.0,1.5526283050348866e-06,KEEP,ok
9aab9cb864c45eec,clean\english\9aab9cb864c45eec.wav,librispeech,C:\Users\Suhaan\Downloads\dev-clean\LibriSpeech\dev-clean\2277\149896\2277-149896-0027.flac,2277,149896,english,16000,16000,1,3.595,-25.312132180422978,-7.610801116556793,0.0,2.572135144873755e-06,KEEP,ok
b497c70185366383,clean\english\b497c70185366383.wav,librispeech,C:\Users\Suhaan\Downloads\dev-clean\LibriSpeech\dev-clean\2277\149896\2277-149896-0028.flac,2277,149896,english,16000,16000,1,2.9,-23.339829600374454,-7.180438852833358,0.0,7.493907105526887e-06,KEEP,ok
40303b1bdb851a25,clean\english\40303b1bdb851a25.wav,librispeech,C:\Users\Suhaan\Downloads\dev-clean\LibriSpeech\dev-clean\2277\149896\2277-149896-0029.flac,2277,149896,english,16000,16000,1,2.6,-28.410813806517083,-10.285578400366344,0.0,1.9550323031580774e-06,KEEP,ok
b878f838ce95ff74,clean\english\b878f838ce95ff74.wav,librispeech,C:\Users\Suhaan\Downloads\dev-clean\LibriSpeech\dev-clean\2277\149896\2277-149896-0030.flac,2277,149896,english,16000,16000,1,6.3,-26.501531907168058,-8.90011369973542,0.0,1.246437250301824e-06,KEEP,ok
1e3c7f35216bbe5c,clean\english\1e3c7f35216bbe5c.wav,librispeech,C:\Users\Suhaan\Downloads\dev-clean\LibriSpeech\dev-clean\2277\149896\2277-149896-0031.flac,2277,149896,english,16000,16000,1,3.61,-26.940195883479035,-7.784421807065877,0.0,2.671344873306225e-06,KEEP,ok
598d626af9357dc1,clean\english\598d626af9357dc1.wav,librispeech,C:\Users\Suhaan\Downloads\dev-clean\LibriSpeech\dev-clean\2277\149896\2277-149896-0032.flac,2277,149896,english,16000,16000,1,10.77,-25.321450782031086,-7.406936036266726,0.0,2.278723741255817e-06,KEEP,ok
9978af5da8697630,clean\english\9978af5da8697630.wav,librispeech,C:\Users\Suhaan\Downloads\dev-clean\LibriSpeech\dev-clean\2277\149896\2277-149896-0033.flac,2277,149896,english,16000,16000,1,2.845,-24.838121541495184,-7.453703206419865,0.0,1.2764821804012172e-06,KEEP,ok
b52b677d54c08e6c,clean\english\b52b677d54c08e6c.wav,librispeech,C:\Users\Suhaan\Downloads\dev-clean\LibriSpeech\dev-clean\2277\149896\2277-149896-0034.flac,2277,149896,english,16000,16000,1,4.005,-26.072846342476375,-7.3647503597852,0.0,2.8484025733632734e-06,KEEP,ok
40f2b07d54bf8837,clean\english\40f2b07d54bf8837.wav,librispeech,C:\Users\Suhaan\Downloads\dev-clean\LibriSpeech\dev-clean\2277\149897\2277-149897-0000.flac,2277,149897,english,16000,16000,1,4.395,-25.89121018491978,-5.061875667220517,0.0,3.990025561506627e-06,KEEP,ok
746d6c9bb12aa23d,clean\english\746d6c9bb12aa23d.wav,librispeech,C:\Users\Suhaan\Downloads\dev-clean\LibriSpeech\dev-clean\2277\149897\2277-149897-0001.flac,2277,149897,english,16000,16000,1,2.755,-22.30290921147433,-6.096743372136405,0.0,4.666254085350374e-07,KEEP,ok
b0f0fa1442fe2a12,clean\english\b0f0fa1442fe2a12.wav,librispeech,C:\Users\Suhaan\Downloads\dev-clean\LibriSpeech\dev-clean\2277\149897\2277-149897-0002.flac,2277,149897,english,16000,16000,1,6.54,-23.686880636310114,-6.2087028478142825,0.0,1.5836243392186589e-06,KEEP,ok
f51e409b511ba4ed,clean\english\f51e409b511ba4ed.wav,librispeech,C:\Users\Suhaan\Downloads\dev-clean\LibriSpeech\dev-clean\2277\149897\2277-149897-0003.flac,2277,149897,english,16000,16000,1,4.84,-24.471362129150414,-6.922565025557622,0.0,8.070764465628599e-07,KEEP,ok
1471f1a6a6dd4c57,clean\english\1471f1a6a6dd4c57.wav,librispeech,C:\Users\Suhaan\Downloads\dev-clean\LibriSpeech\dev-clean\2277\149897\2277-149897-0004.flac,2277,149897,english,16000,16000,1,5.735,-25.738718013817138,-7.411290333451513,0.0,2.2482436179416254e-06,KEEP,ok
a41238a67dbc980a,clean\english\a41238a67dbc980a.wav,librispeech,C:\Users\Suhaan\Downloads\dev-clean\LibriSpeech\dev-clean\2277\149897\2277-149897-0005.flac,2277,149897,english,16000,16000,1,11.465,-24.442831067596998,-5.199689059345087,0.0,3.355037051733234e-06,KEEP,ok
6e27ef332f861cd0,clean\english\6e27ef332f861cd0.wav,librispeech,C:\Users\Suhaan\Downloads\dev-clean\LibriSpeech\dev-clean\2277\149897\2277-149897-0006.flac,2277,149897,english,16000,16000,1,3.385,-22.435345281952234,-4.6113644060853,0.0,3.832728452834999e-06,KEEP,ok
223363907018327d,clean\english\223363907018327d.wav,librispeech,C:\Users\Suhaan\Downloads\dev-clean\LibriSpeech\dev-clean\2277\149897\2277-149897-0007.flac,2277,149897,english,16000,16000,1,7.855,-26.027123146416745,-6.743276123643012,0.0,6.9898073888907675e-06,KEEP,ok
e001bb2d524f11d2,clean\english\e001bb2d524f11d2.wav,librispeech,C:\Users\Suhaan\Downloads\dev-clean\LibriSpeech\dev-clean\2277\149897\2277-149897-0008.flac,2277,149897,english,16000,16000,1,2.88,-29.00166832039875,-8.10663615898781,0.0,6.637308160861721e-06,KEEP,ok
67c5dc006051a9d4,clean\english\67c5dc006051a9d4.wav,librispeech,C:\Users\Suhaan\Downloads\dev-clean\LibriSpeech\dev-clean\2277\149897\2277-149897-0009.flac,2277,149897,english,16000,16000,1,3.725,-23.718617471180426,-4.211005892537056,0.0,4.952962171955733e-06,KEEP,ok
f82a220982301a4a,clean\english\f82a220982301a4a.wav,librispeech,C:\Users\Suhaan\Downloads\dev-clean\LibriSpeech\dev-clean\2277\149897\2277-149897-0010.flac,2277,149897,english,16000,16000,1,3.625,-26.09129558093743,-6.560276503720194,0.0,1.9283952497062273e-06,KEEP,ok
d9a8e4594820a175,clean\english\d9a8e4594820a175.wav,librispeech,C:\Users\Suhaan\Downloads\dev-clean\LibriSpeech\dev-clean\2277\149897\2277-149897-0011.flac,2277,149897,english,16000,16000,1,3.3,-24.056780183484175,-7.194992148008027,0.0,1.1593790077313315e-05,KEEP,ok
8d2323caf6969d6b,clean\english\8d2323caf6969d6b.wav,librispeech,C:\Users\Suhaan\Downloads\dev-clean\LibriSpeech\dev-clean\2277\149897\2277-149897-0012.flac,2277,149897,english,16000,16000,1,3.09,-23.71450773741676,-5.199689059345087,0.0,8.024443900467304e-07,KEEP,ok
f0e1c27f4174393e,clean\english\f0e1c27f4174393e.wav,librispeech,C:\Users\Suhaan\Downloads\dev-clean\LibriSpeech\dev-clean\2277\149897\2277-149897-0013.flac,2277,149897,english,16000,16000,1,4.415,-24.972855924060134,-8.35829975484881,0.0,1.1832905784103787e-06,KEEP,ok
9de6e26453623cd4,clean\english\9de6e26453623cd4.wav,librispeech,C:\Users\Suhaan\Downloads\dev-clean\LibriSpeech\dev-clean\2277\149897\2277-149897-0014.flac,2277,149897,english,16000,16000,1,4.62,-24.97489135928238,-6.364490576830519,0.0,6.303333066171035e-06,KEEP,ok
b042d03079a85e34,clean\english\b042d03079a85e34.wav,librispeech,C:\Users\Suhaan\Downloads\dev-clean\LibriSpeech\dev-clean\2277\149897\2277-149897-0015.flac,2277,149897,english,16000,16000,1,3.04,-22.673423710236634,-4.274946080131458,0.0,2.109376964654075e-06,KEEP,ok
de17985a31c8b99c,clean\english\de17985a31c8b99c.wav,librispeech,C:\Users\Suhaan\Downloads\dev-clean\LibriSpeech\dev-clean\2277\149897\2277-149897-0016.flac,2277,149897,english,16000,16000,1,6.5400625,-25.856758431777767,-7.029679040096689,0.0,7.867592103139032e-06,KEEP,ok
9849b7c8ca1f603f,clean\english\9849b7c8ca1f603f.wav,librispeech,C:\Users\Suhaan\Downloads\dev-clean\LibriSpeech\dev-clean\2277\149897\2277-149897-0017.flac,2277,149897,english,16000,16000,1,7.3,-25.507782821396138,-3.953162378132929,0.0,1.3759038210992003e-06,KEEP,ok
0f67f1ac23fc4450,clean\english\0f67f1ac23fc4450.wav,librispeech,C:\Users\Suhaan\Downloads\dev-clean\LibriSpeech\dev-clean\2277\149897\2277-149897-0018.flac,2277,149897,english,16000,16000,1,6.745,-24.903001547593778,-2.5983031209901823,0.0,4.636737685359549e-06,KEEP,ok
ff28679623c09a80,clean\english\ff28679623c09a80.wav,librispeech,C:\Users\Suhaan\Downloads\dev-clean\LibriSpeech\dev-clean\2277\149897\2277-149897-0019.flac,2277,149897,english,16000,16000,1,4.85,-23.43907666075093,-4.430262421448484,0.0,3.697110287248506e-06,KEEP,ok
72691b7fba02cbeb,clean\english\72691b7fba02cbeb.wav,librispeech,C:\Users\Suhaan\Downloads\dev-clean\LibriSpeech\dev-clean\2277\149897\2277-149897-0020.flac,2277,149897,english,16000,16000,1,4.62,-25.104835332334154,-5.68317577082737,0.0,4.755986253712763e-07,KEEP,ok
e7f568f7a3aaba55,clean\english\e7f568f7a3aaba55.wav,librispeech,C:\Users\Suhaan\Downloads\dev-clean\LibriSpeech\dev-clean\2277\149897\2277-149897-0021.flac,2277,149897,english,16000,16000,1,4.685,-22.769973843771282,-3.840243807402644,0.0,3.636786686911364e-06,KEEP,ok
c1b19e7af1d07b85,clean\english\c1b19e7af1d07b85.wav,librispeech,C:\Users\Suhaan\Downloads\dev-clean\LibriSpeech\dev-clean\2277\149897\2277-149897-0022.flac,2277,149897,english,16000,16000,1,10.05,-22.8552583305541,-5.149670509030811,0.0,3.0415094443014823e-06,KEEP,ok
af8db0df82909778,clean\english\af8db0df82909778.wav,librispeech,C:\Users\Suhaan\Downloads\dev-clean\LibriSpeech\dev-clean\2277\149897\2277-149897-0023.flac,2277,149897,english,16000,16000,1,3.31,-25.265751073263797,-7.839806310327598,0.0,1.3299578540681978e-06,KEEP,ok
78925c02c036d727,clean\english\78925c02c036d727.wav,librispeech,C:\Users\Suhaan\Downloads\dev-clean\LibriSpeech\dev-clean\2277\149897\2277-149897-0024.flac,2277,149897,english,16000,16000,1,2.935,-26.413415684755847,-7.786370553954671,0.0,1.8748554566627718e-06,KEEP,ok
f0efbd2c0dd06112,clean\english\f0efbd2c0dd06112.wav,librispeech,C:\Users\Suhaan\Downloads\dev-clean\LibriSpeech\dev-clean\2277\149897\2277-149897-0025.flac,2277,149897,english,16000,16000,1,4.285,-24.325064403029465,-4.1458238920006005,0.0,7.417961569444742e-06,KEEP,ok
09ee564c75baf4a3,clean\english\09ee564c75baf4a3.wav,librispeech,C:\Users\Suhaan\Downloads\dev-clean\LibriSpeech\dev-clean\2277\149897\2277-149897-0026.flac,2277,149897,english,16000,16000,1,6.815,-24.557479155435978,-3.8803443662371717,0.0,6.232817781892663e-07,KEEP,ok
96ff4a30be8fa8ad,clean\english\96ff4a30be8fa8ad.wav,librispeech,C:\Users\Suhaan\Downloads\dev-clean\LibriSpeech\dev-clean\2277\149897\2277-149897-0027.flac,2277,149897,english,16000,16000,1,3.515,-23.10745415850439,-5.86507777315996,0.0,8.631091986899264e-06,KEEP,ok
b904f1689c00049c,clean\english\b904f1689c00049c.wav,librispeech,C:\Users\Suhaan\Downloads\dev-clean\LibriSpeech\dev-clean\2277\149897\2277-149897-0028.flac,2277,149897,english,16000,16000,1,3.625,-25.06083604248254,-7.704897307572982,0.0,2.3409086225001374e-06,KEEP,ok
7de6e3ec05d64c93,clean\english\7de6e3ec05d64c93.wav,librispeech,C:\Users\Suhaan\Downloads\dev-clean\LibriSpeech\dev-clean\2277\149897\2277-149897-0029.flac,2277,149897,english,16000,16000,1,7.645,-23.33428576901045,-4.9075394397984695,0.0,6.17486989540339e-07,KEEP,ok
ed1d920311d6792f,clean\english\ed1d920311d6792f.wav,librispeech,C:\Users\Suhaan\Downloads\dev-clean\LibriSpeech\dev-clean\2277\149897\2277-149897-0030.flac,2277,149897,english,16000,16000,1,2.55,-24.040386069089198,-6.288707534926915,0.0,8.90844034984184e-07,KEEP,ok
9085e5f530fa2cc8,clean\english\9085e5f530fa2cc8.wav,librispeech,C:\Users\Suhaan\Downloads\dev-clean\LibriSpeech\dev-clean\2277\149897\2277-149897-0031.flac,2277,149897,english,16000,16000,1,4.405,-23.550584344925355,-5.709221968298138,0.0,4.34641651736456e-06,KEEP,ok
27129097c5e35bcc,clean\english\27129097c5e35bcc.wav,librispeech,C:\Users\Suhaan\Downloads\dev-clean\LibriSpeech\dev-clean\2277\149897\2277-149897-0032.flac,2277,149897,english,16000,16000,1,8.69,-23.252062484739355,-6.161697949812922,0.0,1.2477879636207945e-06,KEEP,ok
c669bc666bc2bfeb,clean\english\c669bc666bc2bfeb.wav,librispeech,C:\Users\Suhaan\Downloads\dev-clean\LibriSpeech\dev-clean\2277\149897\2277-149897-0033.flac,2277,149897,english,16000,16000,1,5.065,-23.435494144639435,-4.543566934097935,0.0,9.444482316212088e-07,KEEP,ok
c9d31a742e715d4f,clean\english\c9d31a742e715d4f.wav,librispeech,C:\Users\Suhaan\Downloads\dev-clean\LibriSpeech\dev-clean\2277\149897\2277-149897-0034.flac,2277,149897,english,16000,16000,1,12.16,-24.429826974443966,-5.906836938393257,0.0,1.3174195601095562e-06,KEEP,ok
80818ce45858ac20,clean\english\80818ce45858ac20.wav,librispeech,C:\Users\Suhaan\Downloads\dev-clean\LibriSpeech\dev-clean\2277\149897\2277-149897-0035.flac,2277,149897,english,16000,16000,1,3.45,-24.349526752889172,-4.768280935752151,0.0,4.838031145482091e-06,KEEP,ok
d2b66ae4f91ba12c,clean\english\d2b66ae4f91ba12c.wav,librispeech,C:\Users\Suhaan\Downloads\dev-clean\LibriSpeech\dev-clean\2277\149897\2277-149897-0036.flac,2277,149897,english,16000,16000,1,4.42,-22.81310655087704,-5.034384151827912,0.0,1.920725935633527e-06,KEEP,ok
fed18cb10bded296,clean\english\fed18cb10bded296.wav,librispeech,C:\Users\Suhaan\Downloads\dev-clean\LibriSpeech\dev-clean\2277\149897\2277-149897-0037.flac,2277,149897,english,16000,16000,1,3.01,-25.28942421973025,-7.3024679692202055,0.0,3.537149495969061e-06,KEEP,ok
09ce054f471fc351,clean\english\09ce054f471fc351.wav,librispeech,C:\Users\Suhaan\Downloads\dev-clean\LibriSpeech\dev-clean\2412\153947\2412-153947-0000.flac,2412,153947,english,16000,16000,1,2.55,-33.16998717895687,-8.669098193748395,0.0,6.64056506138877e-06,KEEP,ok
58e6405815b8512a,clean\english\58e6405815b8512a.wav,librispeech,C:\Users\Suhaan\Downloads\dev-clean\LibriSpeech\dev-clean\2412\153947\2412-153947-0001.flac,2412,153947,english,16000,16000,1,3.225,-31.63799652881189,-11.530602454298924,0.0,1.6616111679468304e-05,KEEP,ok
6e497b66ed66cf7e,clean\english\6e497b66ed66cf7e.wav,librispeech,C:\Users\Suhaan\Downloads\dev-clean\LibriSpeech\dev-clean\2412\153947\2412-153947-0002.flac,2412,153947,english,16000,16000,1,6.595,-28.36748406073316,-8.40770490822165,0.0,8.260453796538059e-06,KEEP,ok
8167ce0d58211bd0,clean\english\8167ce0d58211bd0.wav,librispeech,C:\Users\Suhaan\Downloads\dev-clean\LibriSpeech\dev-clean\2412\153947\2412-153947-0003.flac,2412,153947,english,16000,16000,1,9.515,-29.188633997270145,-5.553601213173987,0.0,3.228360355933546e-06,KEEP,ok
ada4bfca2b856df1,clean\english\ada4bfca2b856df1.wav,librispeech,C:\Users\Suhaan\Downloads\dev-clean\LibriSpeech\dev-clean\2412\153947\2412-153947-0004.flac,2412,153947,english,16000,16000,1,8.72,-29.33442408640817,-6.770397010184248,0.0,6.185431266203523e-05,KEEP,ok
8a7d2c2e1800177d,clean\english\8a7d2c2e1800177d.wav,librispeech,C:\Users\Suhaan\Downloads\dev-clean\LibriSpeech\dev-clean\2412\153947\2412-153947-0005.flac,2412,153947,english,16000,16000,1,13.68,-30.042002291422225,-3.9765936664756403,0.0,8.93344622454606e-06,KEEP,ok
c00b27b9485cc5d1,clean\english\c00b27b9485cc5d1.wav,librispeech,C:\Users\Suhaan\Downloads\dev-clean\LibriSpeech\dev-clean\2412\153947\2412-153947-0006.flac,2412,153947,english,16000,16000,1,11.68,-28.771695479086095,-6.139096650597611,0.0,8.576700565754436e-06,KEEP,ok
9fd7f57688359b92,clean\english\9fd7f57688359b92.wav,librispeech,C:\Users\Suhaan\Downloads\dev-clean\LibriSpeech\dev-clean\2412\153947\2412-153947-0007.flac,2412,153947,english,16000,16000,1,8.735,-29.459000880587567,-4.671067694273153,0.0,1.1719221220118925e-06,KEEP,ok
5bf2ab7da21092f2,clean\english\5bf2ab7da21092f2.wav,librispeech,C:\Users\Suhaan\Downloads\dev-clean\LibriSpeech\dev-clean\2412\153947\2412-153947-0008.flac,2412,153947,english,16000,16000,1,10.84,-30.179416858716706,-4.693335140076624,0.0,6.283868970058393e-06,KEEP,ok
1fb3e2a20336b94e,clean\english\1fb3e2a20336b94e.wav,librispeech,C:\Users\Suhaan\Downloads\dev-clean\LibriSpeech\dev-clean\2412\153947\2412-153947-0009.flac,2412,153947,english,16000,16000,1,8.72,-27.385577042527423,-4.315802521853968,0.0,1.2782735439031967e-06,KEEP,ok
fe411b27512be170,clean\english\fe411b27512be170.wav,librispeech,C:\Users\Suhaan\Downloads\dev-clean\LibriSpeech\dev-clean\2412\153947\2412-153947-0010.flac,2412,153947,english,16000,16000,1,17.1950625,-28.46137752266887,-1.8237832519445272,0.0,6.912796379765496e-06,KEEP,ok
5a67942d077c4f13,clean\english\5a67942d077c4f13.wav,librispeech,C:\Users\Suhaan\Downloads\dev-clean\LibriSpeech\dev-clean\2412\153947\2412-153947-0011.flac,2412,153947,english,16000,16000,1,10.13,-30.05433214972785,-5.736885692092524,0.0,8.953429642133415e-06,KEEP,ok
972487d13cd31f2b,clean\english\972487d13cd31f2b.wav,librispeech,C:\Users\Suhaan\Downloads\dev-clean\LibriSpeech\dev-clean\2412\153947\2412-153947-0012.flac,2412,153947,english,16000,16000,1,1.98,-25.699968384736156,-6.613467134177372,0.0,3.469158764346503e-05,KEEP,ok
3dc03809749fda86,clean\english\3dc03809749fda86.wav,librispeech,C:\Users\Suhaan\Downloads\dev-clean\LibriSpeech\dev-clean\2412\153947\2412-153947-0013.flac,2412,153947,english,16000,16000,1,8.42,-28.491496505037006,-3.6509425854785333,0.0,1.6119587371576927e-06,KEEP,ok
e3b85c3cda04e923,clean\english\e3b85c3cda04e923.wav,librispeech,C:\Users\Suhaan\Downloads\dev-clean\LibriSpeech\dev-clean\2412\153947\2412-153947-0014.flac,2412,153947,english,16000,16000,1,12.795,-30.034711217806557,-6.042363085062503,0.0,5.8414507293491624e-06,KEEP,ok
bb4109ea7cb9163d,clean\english\bb4109ea7cb9163d.wav,librispeech,C:\Users\Suhaan\Downloads\dev-clean\LibriSpeech\dev-clean\2412\153947\2412-153947-0015.flac,2412,153947,english,16000,16000,1,11.03,-29.26470031258217,-2.187055809712271,0.0,6.602227585972287e-06,KEEP,ok
f722b27d5b8b8eb0,clean\english\f722b27d5b8b8eb0.wav,librispeech,C:\Users\Suhaan\Downloads\dev-clean\LibriSpeech\dev-clean\2412\153947\2412-153947-0016.flac,2412,153947,english,16000,16000,1,5.185,-27.93689164703325,-7.317842861962779,0.0,8.578470442444086e-06,KEEP,ok
fcf305fd4538dd71,clean\english\fcf305fd4538dd71.wav,librispeech,C:\Users\Suhaan\Downloads\dev-clean\LibriSpeech\dev-clean\2412\153948\2412-153948-0000.flac,2412,153948,english,16000,16000,1,11.66,-28.57487551876092,-1.9383327973301165,0.0,7.568149885628372e-05,KEEP,ok
951b7627b341090b,clean\english\951b7627b341090b.wav,librispeech,C:\Users\Suhaan\Downloads\dev-clean\LibriSpeech\dev-clean\2412\153948\2412-153948-0001.flac,2412,153948,english,16000,16000,1,10.51,-26.281541083973114,-0.27002150576874606,0.0,7.676814857404679e-05,KEEP,ok
c63bbc4d61a19f75,clean\english\c63bbc4d61a19f75.wav,librispeech,C:\Users\Suhaan\Downloads\dev-clean\LibriSpeech\dev-clean\2412\153948\2412-153948-0002.flac,2412,153948,english,16000,16000,1,3.72,-27.21476440045184,-7.68561103740788,0.0,7.914471643744037e-05,KEEP,ok
81959f493d9443f9,clean\english\81959f493d9443f9.wav,librispeech,C:\Users\Suhaan\Downloads\dev-clean\LibriSpeech\dev-clean\2412\153948\2412-153948-0003.flac,2412,153948,english,16000,16000,1,8.515,-27.778112944421775,-7.233310969806963,0.0,7.783214095979929e-05,KEEP,ok
3262fcceadf8a337,clean\english\3262fcceadf8a337.wav,librispeech,C:\Users\Suhaan\Downloads\dev-clean\LibriSpeech\dev-clean\2412\153948\2412-153948-0004.flac,2412,153948,english,16000,16000,1,22.68,-26.645759789545057,-3.4771430842884996,0.0,8.043502748478204e-05,KEEP,ok
3d1ce96e3df76efb,clean\english\3d1ce96e3df76efb.wav,librispeech,C:\Users\Suhaan\Downloads\dev-clean\LibriSpeech\dev-clean\2412\153948\2412-153948-0005.flac,2412,153948,english,16000,16000,1,3.14,-25.403146609266578,-2.718174944142407,0.0,7.451962301274762e-05,KEEP,ok
052fb011571fb371,clean\english\052fb011571fb371.wav,librispeech,C:\Users\Suhaan\Downloads\dev-clean\LibriSpeech\dev-clean\2412\153948\2412-153948-0006.flac,2412,153948,english,16000,16000,1,16.615,-29.48118063905983,-8.064274081815576,0.0,7.597859803354368e-05,KEEP,ok
ef5f4c05ac7ab5e8,clean\english\ef5f4c05ac7ab5e8.wav,librispeech,C:\Users\Suhaan\Downloads\dev-clean\LibriSpeech\dev-clean\2412\153948\2412-153948-0007.flac,2412,153948,english,16000,16000,1,9.37,-27.964475520792774,-8.079043723033754,0.0,7.588397420477122e-05,KEEP,ok
591712479ef6ef49,clean\english\591712479ef6ef49.wav,librispeech,C:\Users\Suhaan\Downloads\dev-clean\LibriSpeech\dev-clean\2412\153948\2412-153948-0008.flac,2412,153948,english,16000,16000,1,5.815,-27.866246628956766,-5.430387963108856,0.0,7.931388972792774e-05,KEEP,ok
1cf2a67bbd24b772,clean\english\1cf2a67bbd24b772.wav,librispeech,C:\Users\Suhaan\Downloads\dev-clean\LibriSpeech\dev-clean\2412\153948\2412-153948-0009.flac,2412,153948,english,16000,16000,1,5.995,-27.76970782818715,-8.850772382112758,0.0,8.14016311778687e-05,KEEP,ok
b3c1748afcc76bd7,clean\english\b3c1748afcc76bd7.wav,librispeech,C:\Users\Suhaan\Downloads\dev-clean\LibriSpeech\dev-clean\2412\153948\2412-153948-0010.flac,2412,153948,english,16000,16000,1,2.915,-28.74498420536684,-9.180812286196,0.0,8.866324787959456e-05,KEEP,ok
60e5c3ce3ea8b61d,clean\english\60e5c3ce3ea8b61d.wav,librispeech,C:\Users\Suhaan\Downloads\dev-clean\LibriSpeech\dev-clean\2412\153948\2412-153948-0011.flac,2412,153948,english,16000,16000,1,9.7450625,-27.624840648285694,-5.369184714363363,0.0,7.959768117871135e-05,KEEP,ok
af425dd4f4ed1b61,clean\english\af425dd4f4ed1b61.wav,librispeech,C:\Users\Suhaan\Downloads\dev-clean\LibriSpeech\dev-clean\2412\153948\2412-153948-0012.flac,2412,153948,english,16000,16000,1,6.17,-26.954709644358047,-6.000477743319013,0.0,7.659380207769573e-05,KEEP,ok
1a204a9cce61c186,clean\english\1a204a9cce61c186.wav,librispeech,C:\Users\Suhaan\Downloads\dev-clean\LibriSpeech\dev-clean\2412\153948\2412-153948-0013.flac,2412,153948,english,16000,16000,1,8.54,-26.687837977435724,-1.8365457934093583,0.0,7.637502130819485e-05,KEEP,ok
abaf8dc2ebbdfddc,clean\english\abaf8dc2ebbdfddc.wav,librispeech,C:\Users\Suhaan\Downloads\dev-clean\LibriSpeech\dev-clean\2412\153948\2412-153948-0014.flac,2412,153948,english,16000,16000,1,9.705,-28.123122322963354,-8.549822909979701,0.0,7.358081347774714e-05,KEEP,ok
55746fd79c133a3f,clean\english\55746fd79c133a3f.wav,librispeech,C:\Users\Suhaan\Downloads\dev-clean\LibriSpeech\dev-clean\2412\153948\2412-153948-0015.flac,2412,153948,english,16000,16000,1,3.465,-25.47963020367352,-1.4615985854586924,0.0,8.266498480224982e-05,KEEP,ok
c8af15d24efc7888,clean\english\c8af15d24efc7888.wav,librispeech,C:\Users\Suhaan\Downloads\dev-clean\LibriSpeech\dev-clean\2412\153954\2412-153954-0000.flac,2412,153954,english,16000,16000,1,9.915,-27.39832727889866,-2.2417831838838658,0.0,6.215628673089668e-05,KEEP,ok
148cab138f5b4806,clean\english\148cab138f5b4806.wav,librispeech,C:\Users\Suhaan\Downloads\dev-clean\LibriSpeech\dev-clean\2412\153954\2412-153954-0001.flac,2412,153954,english,16000,16000,1,9.75,-25.932193231061756,-2.7643311641393753,0.0,9.935349953593686e-05,KEEP,ok
8f07bf46bb8b4360,clean\english\8f07bf46bb8b4360.wav,librispeech,C:\Users\Suhaan\Downloads\dev-clean\LibriSpeech\dev-clean\2412\153954\2412-153954-0002.flac,2412,153954,english,16000,16000,1,4.055,-26.126195730763683,-9.670331893682249,0.0,9.68603853834793e-05,KEEP,ok
4b3d0794569b11bb,clean\english\4b3d0794569b11bb.wav,librispeech,C:\Users\Suhaan\Downloads\dev-clean\LibriSpeech\dev-clean\2412\153954\2412-153954-0003.flac,2412,153954,english,16000,16000,1,8.15,-25.265639628898164,-3.2195306874781093,0.0,8.767742110649124e-05,KEEP,ok
e5dc46e98a1a572a,clean\english\e5dc46e98a1a572a.wav,librispeech,C:\Users\Suhaan\Downloads\dev-clean\LibriSpeech\dev-clean\2412\153954\2412-153954-0004.flac,2412,153954,english,16000,16000,1,10.41,-26.688125666897232,-4.467866606764987,0.0,4.7274763346649706e-05,KEEP,ok
5c91616fe4d2c238,clean\english\5c91616fe4d2c238.wav,librispeech,C:\Users\Suhaan\Downloads\dev-clean\LibriSpeech\dev-clean\2412\153954\2412-153954-0005.flac,2412,153954,english,16000,16000,1,5.845,-30.057275454847986,-7.399476601495171,0.0,5.095051892567426e-05,KEEP,ok
de898c8ad987b4ff,clean\english\de898c8ad987b4ff.wav,librispeech,C:\Users\Suhaan\Downloads\dev-clean\LibriSpeech\dev-clean\2412\153954\2412-153954-0006.flac,2412,153954,english,16000,16000,1,10.22,-26.78756171485407,-3.127094226142804,0.0,7.853797433199361e-05,KEEP,ok
646be8708a9fa641,clean\english\646be8708a9fa641.wav,librispeech,C:\Users\Suhaan\Downloads\dev-clean\LibriSpeech\dev-clean\2412\153954\2412-153954-0007.flac,2412,153954,english,16000,16000,1,8.43,-28.983867115625657,-7.328313355969369,0.0,7.374062988674268e-05,KEEP,ok
e9066332aa7bf77f,clean\english\e9066332aa7bf77f.wav,librispeech,C:\Users\Suhaan\Downloads\dev-clean\LibriSpeech\dev-clean\2412\153954\2412-153954-0008.flac,2412,153954,english,16000,16000,1,2.735,-27.08055616554752,-4.57897112012298,0.0,5.483470522449352e-05,KEEP,ok
de00ffed0a986a1a,clean\english\de00ffed0a986a1a.wav,librispeech,C:\Users\Suhaan\Downloads\dev-clean\LibriSpeech\dev-clean\2412\153954\2412-153954-0009.flac,2412,153954,english,16000,16000,1,10.42,-25.598084823967714,-6.034925625590773,0.0,8.96644196473062e-05,KEEP,ok
98a07aea81bea5e3,clean\english\98a07aea81bea5e3.wav,librispeech,C:\Users\Suhaan\Downloads\dev-clean\LibriSpeech\dev-clean\2412\153954\2412-153954-0010.flac,2412,153954,english,16000,16000,1,7.94,-28.559043698665086,-4.346352863602163,0.0,7.671288767596707e-05,KEEP,ok
074c44c175f60c50,clean\english\074c44c175f60c50.wav,librispeech,C:\Users\Suhaan\Downloads\dev-clean\LibriSpeech\dev-clean\2412\153954\2412-153954-0011.flac,2412,153954,english,16000,16000,1,5.935,-27.093384445748754,-3.4408268231172117,0.0,4.178427116130479e-05,KEEP,ok
dd2bbc10d39fd89f,clean\english\dd2bbc10d39fd89f.wav,librispeech,C:\Users\Suhaan\Downloads\dev-clean\LibriSpeech\dev-clean\2412\153954\2412-153954-0012.flac,2412,153954,english,16000,16000,1,8.12,-27.681824038994854,-3.4569924908789185,0.0,8.20695495349355e-05,KEEP,ok
72a728b25749d719,clean\english\72a728b25749d719.wav,librispeech,C:\Users\Suhaan\Downloads\dev-clean\LibriSpeech\dev-clean\2412\153954\2412-153954-0013.flac,2412,153954,english,16000,16000,1,3.915,-29.279939706726648,-4.5319464151994024,0.0,8.892727055354044e-05,KEEP,ok
b06ccd1a554c73d6,clean\english\b06ccd1a554c73d6.wav,librispeech,C:\Users\Suhaan\Downloads\dev-clean\LibriSpeech\dev-clean\2412\153954\2412-153954-0014.flac,2412,153954,english,16000,16000,1,17.615,-28.534040113864588,-4.7751681222935645,0.0,7.47649246477522e-05,KEEP,ok
852813afd712b30b,clean\english\852813afd712b30b.wav,librispeech,C:\Users\Suhaan\Downloads\dev-clean\LibriSpeech\dev-clean\2412\153954\2412-153954-0015.flac,2412,153954,english,16000,16000,1,11.39,-28.47331619550719,-5.303526974549435,0.0,8.121537393890321e-05,KEEP,ok
ff2b9135a35dfb10,clean\english\ff2b9135a35dfb10.wav,librispeech,C:\Users\Suhaan\Downloads\dev-clean\LibriSpeech\dev-clean\2412\153954\2412-153954-0016.flac,2412,153954,english,16000,16000,1,8.44,-26.228733578462688,-1.5949774317301246,0.0,9.684765973361209e-05,KEEP,ok
092e2e23840c8c98,clean\english\092e2e23840c8c98.wav,librispeech,C:\Users\Suhaan\Downloads\dev-clean\LibriSpeech\dev-clean\2412\153954\2412-153954-0017.flac,2412,153954,english,16000,16000,1,6.99,-27.1602237590934,-6.793545507163643,0.0,6.019826832925901e-05,KEEP,ok
792b6fe56b5f8349,clean\english\792b6fe56b5f8349.wav,librispeech,C:\Users\Suhaan\Downloads\dev-clean\LibriSpeech\dev-clean\2412\153954\2412-153954-0018.flac,2412,153954,english,16000,16000,1,12.105,-28.232875314530837,-4.307093552720022,0.0,7.9857483797241e-05,KEEP,ok
c9fa2da3a6c4aafe,clean\english\c9fa2da3a6c4aafe.wav,librispeech,C:\Users\Suhaan\Downloads\dev-clean\LibriSpeech\dev-clean\2412\153954\2412-153954-0019.flac,2412,153954,english,16000,16000,1,7.485,-26.396140250011534,-4.396337424499151,0.0,0.00010056377504952252,KEEP,ok
37735cbb98e3b8ed,clean\english\37735cbb98e3b8ed.wav,librispeech,C:\Users\Suhaan\Downloads\dev-clean\LibriSpeech\dev-clean\2412\153954\2412-153954-0020.flac,2412,153954,english,16000,16000,1,7.975,-28.94702969208037,-7.034443980016264,0.0,3.685356205096468e-05,KEEP,ok
b2b2ab6500e29dc1,clean\english\b2b2ab6500e29dc1.wav,librispeech,C:\Users\Suhaan\Downloads\dev-clean\LibriSpeech\dev-clean\2412\153954\2412-153954-0021.flac,2412,153954,english,16000,16000,1,6.11,-28.77061321876917,-2.621213492698372,0.0,8.774365414865315e-05,KEEP,ok
dc40b55adbe22732,clean\english\dc40b55adbe22732.wav,librispeech,C:\Users\Suhaan\Downloads\dev-clean\LibriSpeech\dev-clean\2412\153954\2412-153954-0022.flac,2412,153954,english,16000,16000,1,3.54,-28.651516598197087,-8.668379073854119,0.0,0.0001165368448710069,KEEP,ok
4e9daa5a916eb217,clean\english\4e9daa5a916eb217.wav,librispeech,C:\Users\Suhaan\Downloads\dev-clean\LibriSpeech\dev-clean\2412\153954\2412-153954-0023.flac,2412,153954,english,16000,16000,1,2.65,-29.220196767612666,-8.50948424543978,0.0,0.00011777698091464117,KEEP,ok
5db3fecff6f3cf10,clean\english\5db3fecff6f3cf10.wav,librispeech,C:\Users\Suhaan\Downloads\dev-clean\LibriSpeech\dev-clean\2412\153954\2412-153954-0024.flac,2412,153954,english,16000,16000,1,4.19,-28.10246711623102,-6.418156870353612,0.0,0.00011508914030855522,KEEP,ok
e898d2ef46a19942,clean\english\e898d2ef46a19942.wav,librispeech,C:\Users\Suhaan\Downloads\dev-clean\LibriSpeech\dev-clean\2428\83699\2428-83699-0000.flac,2428,83699,english,16000,16000,1,13.305,-27.96847227463053,-6.854021919539487,0.0,2.1562143501796527e-06,KEEP,ok
be6fa9508787b4ae,clean\english\be6fa9508787b4ae.wav,librispeech,C:\Users\Suhaan\Downloads\dev-clean\LibriSpeech\dev-clean\2428\83699\2428-83699-0001.flac,2428,83699,english,16000,16000,1,2.07,-28.870897303033452,-8.196751505458653,0.0,6.638863396801753e-06,KEEP,ok
2916868874a12457,clean\english\2916868874a12457.wav,librispeech,C:\Users\Suhaan\Downloads\dev-clean\LibriSpeech\dev-clean\2428\83699\2428-83699-0002.flac,2428,83699,english,16000,16000,1,4.26,-27.559016751005963,-9.043833100185246,0.0,5.650856110150926e-06,KEEP,ok
ee77fe9f57ddeb8b,clean\english\ee77fe9f57ddeb8b.wav,librispeech,C:\Users\Suhaan\Downloads\dev-clean\LibriSpeech\dev-clean\2428\83699\2428-83699-0003.flac,2428,83699,english,16000,16000,1,6.265,-29.00807668574215,-11.004023679851942,0.0,7.644616744073573e-06,KEEP,ok
e9b18dee039061f1,clean\english\e9b18dee039061f1.wav,librispeech,C:\Users\Suhaan\Downloads\dev-clean\LibriSpeech\dev-clean\2428\83699\2428-83699-0004.flac,2428,83699,english,16000,16000,1,1.88,-26.962302100961196,-8.880196155636607,0.0,1.4223950529412832e-05,KEEP,ok
83b7decaa8a20379,clean\english\83b7decaa8a20379.wav,librispeech,C:\Users\Suhaan\Downloads\dev-clean\LibriSpeech\dev-clean\2428\83699\2428-83699-0005.flac,2428,83699,english,16000,16000,1,9.09,-28.364834819030342,-7.105632840024119,0.0,5.844795850862283e-06,KEEP,ok
42cea5aab7063382,clean\english\42cea5aab7063382.wav,librispeech,C:\Users\Suhaan\Downloads\dev-clean\LibriSpeech\dev-clean\2428\83699\2428-83699-0006.flac,2428,83699,english,16000,16000,1,6.825,-25.63498195278042,-1.4427999856783655,0.0,8.035177415877115e-06,KEEP,ok
bc54d417c02f52b5,clean\english\bc54d417c02f52b5.wav,librispeech,C:\Users\Suhaan\Downloads\dev-clean\LibriSpeech\dev-clean\2428\83699\2428-83699-0007.flac,2428,83699,english,16000,16000,1,5.71,-28.18063844111913,-9.741641025253129,0.0,1.2706749657809269e-05,KEEP,ok
3ab887f82b565e0e,clean\english\3ab887f82b565e0e.wav,librispeech,C:\Users\Suhaan\Downloads\dev-clean\LibriSpeech\dev-clean\2428\83699\2428-83699-0008.flac,2428,83699,english,16000,16000,1,10.38,-28.62197647962332,-6.102093144193962,0.0,2.170298103010282e-06,KEEP,ok
c54b15ce77702ed9,clean\english\c54b15ce77702ed9.wav,librispeech,C:\Users\Suhaan\Downloads\dev-clean\LibriSpeech\dev-clean\2428\83699\2428-83699-0009.flac,2428,83699,english,16000,16000,1,1.85,-29.779274942739164,-8.248668892628054,0.0,1.1179125067428686e-05,KEEP,ok
b1aac3de2cbe0619,clean\english\b1aac3de2cbe0619.wav,librispeech,C:\Users\Suhaan\Downloads\dev-clean\LibriSpeech\dev-clean\2428\83699\2428-83699-0010.flac,2428,83699,english,16000,16000,1,3.12,-29.280855356946663,-7.496324196497998,0.0,2.00821796170203e-06,KEEP,ok
2c10122e8341a1c3,clean\english\2c10122e8341a1c3.wav,librispeech,C:\Users\Suhaan\Downloads\dev-clean\LibriSpeech\dev-clean\2428\83699\2428-83699-0011.flac,2428,83699,english,16000,16000,1,2.575,-26.63046982818622,-7.64141446072398,0.0,2.6191785309492843e-06,KEEP,ok
bada033c85379b39,clean\english\bada033c85379b39.wav,librispeech,C:\Users\Suhaan\Downloads\dev-clean\LibriSpeech\dev-clean\2428\83699\2428-83699-0012.flac,2428,83699,english,16000,16000,1,8.125,-28.614988759981543,-7.106834290975348,0.0,1.4582707308363752e-06,KEEP,ok
e9406743392d2c6c,clean\english\e9406743392d2c6c.wav,librispeech,C:\Users\Suhaan\Downloads\dev-clean\LibriSpeech\dev-clean\2428\83699\2428-83699-0013.flac,2428,83699,english,16000,16000,1,3.29,-27.272507957121434,-6.94494376234174,0.0,2.125737228197977e-05,KEEP,ok
6bbba85b4206e611,clean\english\6bbba85b4206e611.wav,librispeech,C:\Users\Suhaan\Downloads\dev-clean\LibriSpeech\dev-clean\2428\83699\2428-83699-0014.flac,2428,83699,english,16000,16000,1,2.215,-27.451211043785506,-10.858462341877244,0.0,1.4697347978653852e-05,KEEP,ok
3617d7b0283dbeca,clean\english\3617d7b0283dbeca.wav,librispeech,C:\Users\Suhaan\Downloads\dev-clean\LibriSpeech\dev-clean\2428\83699\2428-83699-0015.flac,2428,83699,english,16000,16000,1,2.195,-27.98101567182222,-10.304656839749756,0.0,1.7529358956380747e-05,KEEP,ok
fd72d2740268acb4,clean\english\fd72d2740268acb4.wav,librispeech,C:\Users\Suhaan\Downloads\dev-clean\LibriSpeech\dev-clean\2428\83699\2428-83699-0016.flac,2428,83699,english,16000,16000,1,8.515,-28.32582974721875,-8.90380715118286,0.0,5.9901722124777734e-06,KEEP,ok
998a676c90540292,clean\english\998a676c90540292.wav,librispeech,C:\Users\Suhaan\Downloads\dev-clean\LibriSpeech\dev-clean\2428\83699\2428-83699-0017.flac,2428,83699,english,16000,16000,1,13.285,-28.103988981335405,-5.574223829061466,0.0,4.369027010397986e-06,KEEP,ok
74d08569e9218faf,clean\english\74d08569e9218faf.wav,librispeech,C:\Users\Suhaan\Downloads\dev-clean\LibriSpeech\dev-clean\2428\83699\2428-83699-0018.flac,2428,83699,english,16000,16000,1,14.345,-27.786437132551217,-5.158306979580783,0.0,6.244987616810249e-06,KEEP,ok
73dd12baa700967b,clean\english\73dd12baa700967b.wav,librispeech,C:\Users\Suhaan\Downloads\dev-clean\LibriSpeech\dev-clean\2428\83699\2428-83699-0019.flac,2428,83699,english,16000,16000,1,4.91,-25.989217062235195,-7.469348388138281,0.0,4.082347459188895e-06,KEEP,ok
074d3e37e6b636cf,clean\english\074d3e37e6b636cf.wav,librispeech,C:\Users\Suhaan\Downloads\dev-clean\LibriSpeech\dev-clean\2428\83699\2428-83699-0020.flac,2428,83699,english,16000,16000,1,4.89,-27.570218698922314,-7.555587954459257,0.0,1.0197489245911129e-05,KEEP,ok
37875d9710abe693,clean\english\37875d9710abe693.wav,librispeech,C:\Users\Suhaan\Downloads\dev-clean\LibriSpeech\dev-clean\2428\83699\2428-83699-0021.flac,2428,83699,english,16000,16000,1,2.815,-27.156153662667283,-7.712623822215672,0.0,2.1343332718970487e-06,KEEP,ok
d4e0eaac0e39ff0d,clean\english\d4e0eaac0e39ff0d.wav,librispeech,C:\Users\Suhaan\Downloads\dev-clean\LibriSpeech\dev-clean\2428\83699\2428-83699-0022.flac,2428,83699,english,16000,16000,1,1.975,-25.61768185804896,-6.5766516621216145,0.0,5.865942057425855e-06,KEEP,ok
165a5b982971292e,clean\english\165a5b982971292e.wav,librispeech,C:\Users\Suhaan\Downloads\dev-clean\LibriSpeech\dev-clean\2428\83699\2428-83699-0023.flac,2428,83699,english,16000,16000,1,2.6,-27.05090765599892,-7.654201933976667,0.0,1.5162688214331865e-05,KEEP,ok
6512ca1e02c084ac,clean\english\6512ca1e02c084ac.wav,librispeech,C:\Users\Suhaan\Downloads\dev-clean\LibriSpeech\dev-clean\2428\83699\2428-83699-0024.flac,2428,83699,english,16000,16000,1,4.25,-26.169914637679,-5.685725869092382,0.0,2.051050432783086e-05,KEEP,ok
07a84cffba700421,clean\english\07a84cffba700421.wav,librispeech,C:\Users\Suhaan\Downloads\dev-clean\LibriSpeech\dev-clean\2428\83699\2428-83699-0025.flac,2428,83699,english,16000,16000,1,8.005,-26.63388557217224,-4.955241101879579,0.0,1.6385327398893423e-05,KEEP,ok
a19533fbe89cc958,clean\english\a19533fbe89cc958.wav,librispeech,C:\Users\Suhaan\Downloads\dev-clean\LibriSpeech\dev-clean\2428\83699\2428-83699-0026.flac,2428,83699,english,16000,16000,1,3.14,-24.799189685099748,-4.921075045294531,0.0,5.7141492106893566e-06,KEEP,ok
cfe5619cb1171ffd,clean\english\cfe5619cb1171ffd.wav,librispeech,C:\Users\Suhaan\Downloads\dev-clean\LibriSpeech\dev-clean\2428\83699\2428-83699-0027.flac,2428,83699,english,16000,16000,1,4.965,-24.981974738081618,-8.050868894128074,0.0,2.304953028442469e-08,KEEP,ok
1f4295aba2c782b6,clean\english\1f4295aba2c782b6.wav,librispeech,C:\Users\Suhaan\Downloads\dev-clean\LibriSpeech\dev-clean\2428\83699\2428-83699-0028.flac,2428,83699,english,16000,16000,1,4.0,-26.496903665526666,-8.198113784262897,0.0,1.7585754221727257e-06,KEEP,ok
bb23b742d5b08c0b,clean\english\bb23b742d5b08c0b.wav,librispeech,C:\Users\Suhaan\Downloads\dev-clean\LibriSpeech\dev-clean\2428\83699\2428-83699-0029.flac,2428,83699,english,16000,16000,1,6.295,-27.04470600702246,-8.108658563352117,0.0,4.972135343450645e-07,KEEP,ok
25621877dcc84968,clean\english\25621877dcc84968.wav,librispeech,C:\Users\Suhaan\Downloads\dev-clean\LibriSpeech\dev-clean\2428\83699\2428-83699-0030.flac,2428,83699,english,16000,16000,1,3.625,-26.263663420600906,-5.498512936947087,0.0,1.9560189684852958e-05,KEEP,ok
79670627e7343e27,clean\english\79670627e7343e27.wav,librispeech,C:\Users\Suhaan\Downloads\dev-clean\LibriSpeech\dev-clean\2428\83699\2428-83699-0031.flac,2428,83699,english,16000,16000,1,3.31,-23.066890605842715,-4.023225480244404,0.0,2.9416387405944988e-05,KEEP,ok
be5c1792afe14bcc,clean\english\be5c1792afe14bcc.wav,librispeech,C:\Users\Suhaan\Downloads\dev-clean\LibriSpeech\dev-clean\2428\83699\2428-83699-0032.flac,2428,83699,english,16000,16000,1,3.175,-24.762818645490935,-5.951953093996494,0.0,7.839653335395269e-06,KEEP,ok
8a1b23139a492c56,clean\english\8a1b23139a492c56.wav,librispeech,C:\Users\Suhaan\Downloads\dev-clean\LibriSpeech\dev-clean\2428\83699\2428-83699-0033.flac,2428,83699,english,16000,16000,1,3.92,-26.138103803410345,-6.364490576830519,0.0,3.151017835989478e-06,KEEP,ok
cd9b26be15241577,clean\english\cd9b26be15241577.wav,librispeech,C:\Users\Suhaan\Downloads\dev-clean\LibriSpeech\dev-clean\2428\83699\2428-83699-0034.flac,2428,83699,english,16000,16000,1,8.12,-27.827743423816244,-5.706664963469974,0.0,4.824746611120645e-07,KEEP,ok
55371154d64cc0a0,clean\english\55371154d64cc0a0.wav,librispeech,C:\Users\Suhaan\Downloads\dev-clean\LibriSpeech\dev-clean\2428\83699\2428-83699-0035.flac,2428,83699,english,16000,16000,1,2.725,-26.924846274447813,-8.56046955846865,0.0,3.748202516362653e-06,KEEP,ok
76baa02737c3e7bc,clean\english\76baa02737c3e7bc.wav,librispeech,C:\Users\Suhaan\Downloads\dev-clean\LibriSpeech\dev-clean\2428\83699\2428-83699-0036.flac,2428,83699,english,16000,16000,1,4.6,-27.682228009701063,-7.027297550017183,0.0,1.4383896314029698e-06,KEEP,ok
9294dc5ae14bfea9,clean\english\9294dc5ae14bfea9.wav,librispeech,C:\Users\Suhaan\Downloads\dev-clean\LibriSpeech\dev-clean\2428\83699\2428-83699-0037.flac,2428,83699,english,16000,16000,1,6.395,-28.266302572978205,-7.916623704142864,0.0,6.09933977102628e-07,KEEP,ok
81b5334e5ef50ea6,clean\english\81b5334e5ef50ea6.wav,librispeech,C:\Users\Suhaan\Downloads\dev-clean\LibriSpeech\dev-clean\2428\83699\2428-83699-0038.flac,2428,83699,english,16000,16000,1,2.67,-25.890142690767178,-8.37218829256657,0.0,7.679399800508691e-07,KEEP,ok
b5bdff29e799f1c0,clean\english\b5bdff29e799f1c0.wav,librispeech,C:\Users\Suhaan\Downloads\dev-clean\LibriSpeech\dev-clean\2428\83699\2428-83699-0039.flac,2428,83699,english,16000,16000,1,1.98,-24.490363586732904,-6.328713280501962,0.0,2.856206492651836e-06,KEEP,ok
49ce2855e9ce01b0,clean\english\49ce2855e9ce01b0.wav,librispeech,C:\Users\Suhaan\Downloads\dev-clean\LibriSpeech\dev-clean\2428\83699\2428-83699-0040.flac,2428,83699,english,16000,16000,1,7.825,-26.354494388825756,-5.927267555809311,0.0,7.665225894015748e-06,KEEP,ok
5d1cc70c030dead3,clean\english\5d1cc70c030dead3.wav,librispeech,C:\Users\Suhaan\Downloads\dev-clean\LibriSpeech\dev-clean\2428\83699\2428-83699-0041.flac,2428,83699,english,16000,16000,1,2.07,-26.874221483961243,-6.728309380554231,0.0,8.071678507803881e-07,KEEP,ok
d20d2a22a2cce604,clean\english\d20d2a22a2cce604.wav,librispeech,C:\Users\Suhaan\Downloads\dev-clean\LibriSpeech\dev-clean\2428\83699\2428-83699-0042.flac,2428,83699,english,16000,16000,1,6.43,-26.384641151083883,-6.917273232756095,0.0,5.810738912259694e-06,KEEP,ok
26742f48301ff0a7,clean\english\26742f48301ff0a7.wav,librispeech,C:\Users\Suhaan\Downloads\dev-clean\LibriSpeech\dev-clean\2428\83705\2428-83705-0000.flac,2428,83705,english,16000,16000,1,3.82,-24.983469266020407,-6.9072864118765755,0.0,3.645232936833054e-05,KEEP,ok
dc7debda18d19a73,clean\english\dc7debda18d19a73.wav,librispeech,C:\Users\Suhaan\Downloads\dev-clean\LibriSpeech\dev-clean\2428\83705\2428-83705-0001.flac,2428,83705,english,16000,16000,1,6.845,-24.931827891885323,-5.0116981718717755,0.0,4.983153849025257e-05,KEEP,ok
16216b9ecd76abf6,clean\english\16216b9ecd76abf6.wav,librispeech,C:\Users\Suhaan\Downloads\dev-clean\LibriSpeech\dev-clean\2428\83705\2428-83705-0002.flac,2428,83705,english,16000,16000,1,16.45,-24.803947489745603,-4.759106506974119,0.0,5.1722541684284806e-05,KEEP,ok
3e80894547372fea,clean\english\3e80894547372fea.wav,librispeech,C:\Users\Suhaan\Downloads\dev-clean\LibriSpeech\dev-clean\2428\83705\2428-83705-0003.flac,2428,83705,english,16000,16000,1,2.145,-24.92212593685101,-6.255963504047591,0.0,7.856675802031532e-05,KEEP,ok
19a41ddc94926111,clean\english\19a41ddc94926111.wav,librispeech,C:\Users\Suhaan\Downloads\dev-clean\LibriSpeech\dev-clean\2428\83705\2428-83705-0004.flac,2428,83705,english,16000,16000,1,7.47,-25.12184550241434,-3.4447668955994097,0.0,9.053420217242092e-05,KEEP,ok
312dd15634f4997f,clean\english\312dd15634f4997f.wav,librispeech,C:\Users\Suhaan\Downloads\dev-clean\LibriSpeech\dev-clean\2428\83705\2428-83705-0005.flac,2428,83705,english,16000,16000,1,4.265,-24.38981400876475,-3.292800480467058,0.0,4.414226350490935e-05,KEEP,ok
0276cd38f0882746,clean\english\0276cd38f0882746.wav,librispeech,C:\Users\Suhaan\Downloads\dev-clean\LibriSpeech\dev-clean\2428\83705\2428-83705-0006.flac,2428,83705,english,16000,16000,1,3.665,-23.099597547807353,-2.5483963699949204,0.0,2.3123935534385964e-05,KEEP,ok
35972e75058b8ffe,clean\english\35972e75058b8ffe.wav,librispeech,C:\Users\Suhaan\Downloads\dev-clean\LibriSpeech\dev-clean\2428\83705\2428-83705-0007.flac,2428,83705,english,16000,16000,1,3.33,-21.919553776591464,-3.866267417272299,0.0,7.761706365272403e-05,KEEP,ok
c663aed0b55ba807,clean\english\c663aed0b55ba807.wav,librispeech,C:\Users\Suhaan\Downloads\dev-clean\LibriSpeech\dev-clean\2428\83705\2428-83705-0008.flac,2428,83705,english,16000,16000,1,3.615,-25.06655267207243,-2.46808064069814,0.0,5.950505510554649e-05,KEEP,ok
79e81c5fe4c66488,clean\english\79e81c5fe4c66488.wav,librispeech,C:\Users\Suhaan\Downloads\dev-clean\LibriSpeech\dev-clean\2428\83705\2428-83705-0009.flac,2428,83705,english,16000,16000,1,2.12,-24.060546435614633,-4.0985310201639376,0.0,6.145351653685793e-05,KEEP,ok
a452f3323020f7ca,clean\english\a452f3323020f7ca.wav,librispeech,C:\Users\Suhaan\Downloads\dev-clean\LibriSpeech\dev-clean\2428\83705\2428-83705-0010.flac,2428,83705,english,16000,16000,1,2.63,-24.51193820449315,-5.0875496713779045,0.0,8.98513535503298e-05,KEEP,ok
a7cd6523baefc3e8,clean\english\a7cd6523baefc3e8.wav,librispeech,C:\Users\Suhaan\Downloads\dev-clean\LibriSpeech\dev-clean\2428\83705\2428-83705-0011.flac,2428,83705,english,16000,16000,1,6.115,-23.865717762195295,-3.870819228244181,0.0,6.635514728259295e-05,KEEP,ok
e21c1e68a1921624,clean\english\e21c1e68a1921624.wav,librispeech,C:\Users\Suhaan\Downloads\dev-clean\LibriSpeech\dev-clean\2428\83705\2428-83705-0012.flac,2428,83705,english,16000,16000,1,8.89,-23.741026066185963,-2.7982868490043704,0.0,3.603580262279138e-05,KEEP,ok
86b26e0113ad0cb1,clean\english\86b26e0113ad0cb1.wav,librispeech,C:\Users\Suhaan\Downloads\dev-clean\LibriSpeech\dev-clean\2428\83705\2428-83705-0013.flac,2428,83705,english,16000,16000,1,4.84,-26.303773474307132,-6.596455985696371,0.0,8.462992263957858e-05,KEEP,ok
459d38736f72f395,clean\english\459d38736f72f395.wav,librispeech,C:\Users\Suhaan\Downloads\dev-clean\LibriSpeech\dev-clean\2428\83705\2428-83705-0014.flac,2428,83705,english,16000,16000,1,4.17,-24.2355347953134,-5.266021602824216,0.0,6.495459820143878e-05,KEEP,ok
471baf96b38b6e60,clean\english\471baf96b38b6e60.wav,librispeech,C:\Users\Suhaan\Downloads\dev-clean\LibriSpeech\dev-clean\2428\83705\2428-83705-0015.flac,2428,83705,english,16000,16000,1,10.985,-24.78390607236149,-5.350024114049266,0.0,5.4551906941924244e-05,KEEP,ok
233427be0910716e,clean\english\233427be0910716e.wav,librispeech,C:\Users\Suhaan\Downloads\dev-clean\LibriSpeech\dev-clean\2428\83705\2428-83705-0016.flac,2428,83705,english,16000,16000,1,3.64,-25.369763717393777,-8.821447946298274,0.0,4.7377699956996366e-05,KEEP,ok
f014f749b5b0fa83,clean\english\f014f749b5b0fa83.wav,librispeech,C:\Users\Suhaan\Downloads\dev-clean\LibriSpeech\dev-clean\2428\83705\2428-83705-0017.flac,2428,83705,english,16000,16000,1,4.99,-23.640388933353876,-2.404917911957366,0.0,7.538116915384308e-05,KEEP,ok
43abc8040f42b4ff,clean\english\43abc8040f42b4ff.wav,librispeech,C:\Users\Suhaan\Downloads\dev-clean\LibriSpeech\dev-clean\2428\83705\2428-83705-0018.flac,2428,83705,english,16000,16000,1,5.885,-24.03922492828491,-5.089930737112288,0.0,6.216400652192533e-05,KEEP,ok
3ffd60157b855342,clean\english\3ffd60157b855342.wav,librispeech,C:\Users\Suhaan\Downloads\dev-clean\LibriSpeech\dev-clean\2428\83705\2428-83705-0019.flac,2428,83705,english,16000,16000,1,5.075,-25.9374974316017,-5.315738951982239,0.0,7.68606987548992e-05,KEEP,ok
ee31ae72ca7e7b94,clean\english\ee31ae72ca7e7b94.wav,librispeech,C:\Users\Suhaan\Downloads\dev-clean\LibriSpeech\dev-clean\2428\83705\2428-83705-0020.flac,2428,83705,english,16000,16000,1,5.525,-24.184423039997576,-5.56617015241765,0.0,3.310052488814108e-05,KEEP,ok
0ae2e45126b5c4c4,clean\english\0ae2e45126b5c4c4.wav,librispeech,C:\Users\Suhaan\Downloads\dev-clean\LibriSpeech\dev-clean\2428\83705\2428-83705-0021.flac,2428,83705,english,16000,16000,1,3.875,-24.64775168039161,-1.895694061732022,0.0,8.587745105614886e-05,KEEP,ok
b7bc0c5027b779ab,clean\english\b7bc0c5027b779ab.wav,librispeech,C:\Users\Suhaan\Downloads\dev-clean\LibriSpeech\dev-clean\2428\83705\2428-83705-0022.flac,2428,83705,english,16000,16000,1,5.525,-25.400226987371607,-5.041485689005505,0.0,7.403032941510901e-05,KEEP,ok
b06946f283e277a6,clean\english\b06946f283e277a6.wav,librispeech,C:\Users\Suhaan\Downloads\dev-clean\LibriSpeech\dev-clean\2428\83705\2428-83705-0023.flac,2428,83705,english,16000,16000,1,3.845,-24.05619499228109,-3.1225360996702123,0.0,3.930378443328664e-05,KEEP,ok
d9fe5329f7475603,clean\english\d9fe5329f7475603.wav,librispeech,C:\Users\Suhaan\Downloads\dev-clean\LibriSpeech\dev-clean\2428\83705\2428-83705-0024.flac,2428,83705,english,16000,16000,1,4.94,-23.805802852836536,-2.385011757279632,0.0,4.746209378936328e-05,KEEP,ok
4bbb1a0bbf0e618e,clean\english\4bbb1a0bbf0e618e.wav,librispeech,C:\Users\Suhaan\Downloads\dev-clean\LibriSpeech\dev-clean\2428\83705\2428-83705-0025.flac,2428,83705,english,16000,16000,1,9.845,-25.144546006455922,-3.615501432391399,0.0,5.2927811339031905e-05,KEEP,ok
77928da2ad1528b9,clean\english\77928da2ad1528b9.wav,librispeech,C:\Users\Suhaan\Downloads\dev-clean\LibriSpeech\dev-clean\2428\83705\2428-83705-0026.flac,2428,83705,english,16000,16000,1,10.205,-25.155649369480706,-3.822937949457671,0.0,5.049268656875938e-05,KEEP,ok
a32e3d1a179a5cab,clean\english\a32e3d1a179a5cab.wav,librispeech,C:\Users\Suhaan\Downloads\dev-clean\LibriSpeech\dev-clean\2428\83705\2428-83705-0027.flac,2428,83705,english,16000,16000,1,2.32,-23.277999181564958,-3.4874339549654927,0.0,8.543770672986284e-05,KEEP,ok
3d98ce969c374a2e,clean\english\3d98ce969c374a2e.wav,librispeech,C:\Users\Suhaan\Downloads\dev-clean\LibriSpeech\dev-clean\2428\83705\2428-83705-0028.flac,2428,83705,english,16000,16000,1,9.25,-26.6448829476828,-7.493811281786975,0.0,7.612238550791517e-05,KEEP,ok
2ec5620fec22cfcc,clean\english\2ec5620fec22cfcc.wav,librispeech,C:\Users\Suhaan\Downloads\dev-clean\LibriSpeech\dev-clean\2428\83705\2428-83705-0029.flac,2428,83705,english,16000,16000,1,5.83,-24.796444601141168,-6.126207978063691,0.0,6.192405271576717e-05,KEEP,ok
f6f4446036a7f764,clean\english\f6f4446036a7f764.wav,librispeech,C:\Users\Suhaan\Downloads\dev-clean\LibriSpeech\dev-clean\2428\83705\2428-83705-0030.flac,2428,83705,english,16000,16000,1,9.21,-25.239834936432267,-6.4945229570310286,0.0,7.262587314471602e-05,KEEP,ok
eb813038dca9ea2d,clean\english\eb813038dca9ea2d.wav,librispeech,C:\Users\Suhaan\Downloads\dev-clean\LibriSpeech\dev-clean\2428\83705\2428-83705-0031.flac,2428,83705,english,16000,16000,1,2.705,-27.69713089981942,-5.2849975897507315,0.0,7.251380156958476e-05,KEEP,ok
e785b38fc0ca47a7,clean\english\e785b38fc0ca47a7.wav,librispeech,C:\Users\Suhaan\Downloads\dev-clean\LibriSpeech\dev-clean\2428\83705\2428-83705-0032.flac,2428,83705,english,16000,16000,1,6.5,-24.064954501044955,-4.136856819827962,0.0,5.68272516829893e-05,KEEP,ok
9e93cfdcb38ec7f9,clean\english\9e93cfdcb38ec7f9.wav,librispeech,C:\Users\Suhaan\Downloads\dev-clean\LibriSpeech\dev-clean\2428\83705\2428-83705-0033.flac,2428,83705,english,16000,16000,1,7.82,-23.22845221149492,-3.6836928656698404,0.0,8.396065823035315e-05,KEEP,ok
3d9f99df280e09a1,clean\english\3d9f99df280e09a1.wav,librispeech,C:\Users\Suhaan\Downloads\dev-clean\LibriSpeech\dev-clean\2428\83705\2428-83705-0034.flac,2428,83705,english,16000,16000,1,5.45,-27.158723344328934,-6.447063537748964,0.0,6.530201790155843e-05,KEEP,ok
dd3dd601e35b9909,clean\english\dd3dd601e35b9909.wav,librispeech,C:\Users\Suhaan\Downloads\dev-clean\LibriSpeech\dev-clean\2428\83705\2428-83705-0035.flac,2428,83705,english,16000,16000,1,5.865,-25.41531117399031,-3.5506332477408926,0.0,1.6806781786726788e-05,KEEP,ok
a2b4c71ef92b9970,clean\english\a2b4c71ef92b9970.wav,librispeech,C:\Users\Suhaan\Downloads\dev-clean\LibriSpeech\dev-clean\2428\83705\2428-83705-0036.flac,2428,83705,english,16000,16000,1,1.96,-27.221693632359525,-6.702466190891384,0.0,5.6583055993542075e-05,KEEP,ok
105eabd7ce9926df,clean\english\105eabd7ce9926df.wav,librispeech,C:\Users\Suhaan\Downloads\dev-clean\LibriSpeech\dev-clean\2428\83705\2428-83705-0037.flac,2428,83705,english,16000,16000,1,9.365,-26.132396847476866,-3.002234652255538,0.0,5.170594886294566e-05,KEEP,ok
f729131a61a77801,clean\english\f729131a61a77801.wav,librispeech,C:\Users\Suhaan\Downloads\dev-clean\LibriSpeech\dev-clean\2428\83705\2428-83705-0038.flac,2428,83705,english,16000,16000,1,7.305,-25.137574879898214,-5.651108516074098,0.0,7.068338891258463e-05,KEEP,ok
91b3848ea3c04db1,clean\english\91b3848ea3c04db1.wav,librispeech,C:\Users\Suhaan\Downloads\dev-clean\LibriSpeech\dev-clean\2428\83705\2428-83705-0039.flac,2428,83705,english,16000,16000,1,3.2,-22.82753816876721,-3.815120421958866,0.0,4.9996375310001895e-05,KEEP,ok
552ede3cd37acf02,clean\english\552ede3cd37acf02.wav,librispeech,C:\Users\Suhaan\Downloads\dev-clean\LibriSpeech\dev-clean\2428\83705\2428-83705-0040.flac,2428,83705,english,16000,16000,1,4.365,-23.523211224520608,-6.204369922794298,0.0,3.258966171415523e-05,KEEP,ok
66a33091ed80e8d7,clean\english\66a33091ed80e8d7.wav,librispeech,C:\Users\Suhaan\Downloads\dev-clean\LibriSpeech\dev-clean\2428\83705\2428-83705-0041.flac,2428,83705,english,16000,16000,1,3.96,-24.998766367708463,-5.734833503154906,0.0,4.2071969801327214e-05,KEEP,ok
06027dbdbbbb4ad0,clean\english\06027dbdbbbb4ad0.wav,librispeech,C:\Users\Suhaan\Downloads\dev-clean\LibriSpeech\dev-clean\2428\83705\2428-83705-0042.flac,2428,83705,english,16000,16000,1,11.175,-24.221376784815615,-7.044578164882791,0.0,5.6955563195515424e-05,KEEP,ok
e7ddc171636da76d,clean\english\e7ddc171636da76d.wav,librispeech,C:\Users\Suhaan\Downloads\dev-clean\LibriSpeech\dev-clean\2428\83705\2428-83705-0043.flac,2428,83705,english,16000,16000,1,6.01,-24.968182748319858,-6.3821582963989885,0.0,4.719497883343138e-05,KEEP,ok
0e22a2b4559a0cf4,clean\english\0e22a2b4559a0cf4.wav,librispeech,C:\Users\Suhaan\Downloads\dev-clean\LibriSpeech\dev-clean\251\118436\251-118436-0000.flac,251,118436,english,16000,16000,1,6.26,-23.207883620930083,-8.961629280888989,0.0,0.00010935505997622386,KEEP,ok
49f217a7a90e1b17,clean\english\49f217a7a90e1b17.wav,librispeech,C:\Users\Suhaan\Downloads\dev-clean\LibriSpeech\dev-clean\251\118436\251-118436-0001.flac,251,118436,english,16000,16000,1,3.725,-23.128267605356584,-7.635666233980668,0.0,6.115855649113655e-05,KEEP,ok
a5f41814c6a627e1,clean\english\a5f41814c6a627e1.wav,librispeech,C:\Users\Suhaan\Downloads\dev-clean\LibriSpeech\dev-clean\251\118436\251-118436-0002.flac,251,118436,english,16000,16000,1,6.965,-22.375224955573852,-7.490043272341115,0.0,5.764492243542918e-07,KEEP,ok
f3c227afbb65fd37,clean\english\f3c227afbb65fd37.wav,librispeech,C:\Users\Suhaan\Downloads\dev-clean\LibriSpeech\dev-clean\251\118436\251-118436-0003.flac,251,118436,english,16000,16000,1,11.02,-21.39578644028537,-7.603164609679316,0.0,3.610877683968283e-05,KEEP,ok
cf98813c794cd78a,clean\english\cf98813c794cd78a.wav,librispeech,C:\Users\Suhaan\Downloads\dev-clean\LibriSpeech\dev-clean\251\118436\251-118436-0004.flac,251,118436,english,16000,16000,1,3.325,-20.373960899333355,-9.050593424541091,0.0,0.00018546025967225432,KEEP,ok
24be10313e03e8b0,clean\english\24be10313e03e8b0.wav,librispeech,C:\Users\Suhaan\Downloads\dev-clean\LibriSpeech\dev-clean\251\118436\251-118436-0005.flac,251,118436,english,16000,16000,1,5.31,-22.34486113463367,-8.524324071886392,0.0,0.0001076635453500785,KEEP,ok
e78a113adf4444e8,clean\english\e78a113adf4444e8.wav,librispeech,C:\Users\Suhaan\Downloads\dev-clean\LibriSpeech\dev-clean\251\118436\251-118436-0006.flac,251,118436,english,16000,16000,1,6.965,-22.282849172172764,-8.588924586826721,0.0,7.484282832592726e-05,KEEP,ok
0936508d633d3c54,clean\english\0936508d633d3c54.wav,librispeech,C:\Users\Suhaan\Downloads\dev-clean\LibriSpeech\dev-clean\251\118436\251-118436-0007.flac,251,118436,english,16000,16000,1,5.45,-22.889392764697,-8.363852505325958,0.0,4.178808376309462e-05,KEEP,ok
ad92f73dded20582,clean\english\ad92f73dded20582.wav,librispeech,C:\Users\Suhaan\Downloads\dev-clean\LibriSpeech\dev-clean\251\118436\251-118436-0008.flac,251,118436,english,16000,16000,1,6.23,-23.138022647877982,-9.508033868245116,0.0,3.64983243343886e-05,KEEP,ok
a704fdc9faa4e330,clean\english\a704fdc9faa4e330.wav,librispeech,C:\Users\Suhaan\Downloads\dev-clean\LibriSpeech\dev-clean\251\118436\251-118436-0009.flac,251,118436,english,16000,16000,1,8.955,-23.452807211359907,-9.471674644768505,0.0,3.208137059118599e-05,KEEP,ok
4d34e65df7649ac8,clean\english\4d34e65df7649ac8.wav,librispeech,C:\Users\Suhaan\Downloads\dev-clean\LibriSpeech\dev-clean\251\118436\251-118436-0010.flac,251,118436,english,16000,16000,1,3.25,-26.316598331019094,-8.548404342340083,0.0,2.0780124032171443e-05,KEEP,ok
cfcec61d3c89baa5,clean\english\cfcec61d3c89baa5.wav,librispeech,C:\Users\Suhaan\Downloads\dev-clean\LibriSpeech\dev-clean\251\118436\251-118436-0011.flac,251,118436,english,16000,16000,1,7.47,-24.150290856595106,-8.224037759385473,0.0,7.109533726179507e-06,KEEP,ok
d1e0ee97e9c8e9c4,clean\english\d1e0ee97e9c8e9c4.wav,librispeech,C:\Users\Suhaan\Downloads\dev-clean\LibriSpeech\dev-clean\251\118436\251-118436-0012.flac,251,118436,english,16000,16000,1,11.105,-23.18799357151476,-7.618444343247598,0.0,1.8297836504643783e-05,KEEP,ok
42accf2bb3b011b1,clean\english\42accf2bb3b011b1.wav,librispeech,C:\Users\Suhaan\Downloads\dev-clean\LibriSpeech\dev-clean\251\118436\251-118436-0013.flac,251,118436,english,16000,16000,1,8.225,-23.25004851594985,-7.403205518111429,0.0,6.586068775504827e-05,KEEP,ok
fa3921a88f78bc5a,clean\english\fa3921a88f78bc5a.wav,librispeech,C:\Users\Suhaan\Downloads\dev-clean\LibriSpeech\dev-clean\251\118436\251-118436-0014.flac,251,118436,english,16000,16000,1,6.685,-21.580774526824385,-7.204707909242602,0.0,7.552244642283767e-05,KEEP,ok
91270e21a358796b,clean\english\91270e21a358796b.wav,librispeech,C:\Users\Suhaan\Downloads\dev-clean\LibriSpeech\dev-clean\251\118436\251-118436-0015.flac,251,118436,english,16000,16000,1,5.38,-23.977092098070795,-10.158310341249205,0.0,2.012678305618465e-05,KEEP,ok
3c449a30734a0c09,clean\english\3c449a30734a0c09.wav,librispeech,C:\Users\Suhaan\Downloads\dev-clean\LibriSpeech\dev-clean\251\118436\251-118436-0016.flac,251,118436,english,16000,16000,1,8.97,-24.943742532839714,-10.00515786393767,0.0,7.083769560267683e-06,KEEP,ok
c3573e3b32bdb161,clean\english\c3573e3b32bdb161.wav,librispeech,C:\Users\Suhaan\Downloads\dev-clean\LibriSpeech\dev-clean\251\118436\251-118436-0017.flac,251,118436,english,16000,16000,1,2.885,-22.97474061070931,-8.29125360212249,0.0,3.143654339510249e-06,KEEP,ok
ae848b43f363c7b0,clean\english\ae848b43f363c7b0.wav,librispeech,C:\Users\Suhaan\Downloads\dev-clean\LibriSpeech\dev-clean\251\118436\251-118436-0018.flac,251,118436,english,16000,16000,1,2.83,-22.4138736289638,-9.509618161845143,0.0,9.598883480066434e-05,KEEP,ok
bd2fb09a0489170f,clean\english\bd2fb09a0489170f.wav,librispeech,C:\Users\Suhaan\Downloads\dev-clean\LibriSpeech\dev-clean\251\118436\251-118436-0019.flac,251,118436,english,16000,16000,1,11.475,-23.566497368377277,-7.383956657334458,0.0,9.311850590165704e-06,KEEP,ok
1e2c540ec4c2663a,clean\english\1e2c540ec4c2663a.wav,librispeech,C:\Users\Suhaan\Downloads\dev-clean\LibriSpeech\dev-clean\251\118436\251-118436-0020.flac,251,118436,english,16000,16000,1,5.555,-23.365207091602556,-8.063603330848947,0.0,1.3586983186542057e-05,KEEP,ok
99cd1a283de93224,clean\english\99cd1a283de93224.wav,librispeech,C:\Users\Suhaan\Downloads\dev-clean\LibriSpeech\dev-clean\251\118436\251-118436-0021.flac,251,118436,english,16000,16000,1,3.98,-22.809079978910116,-10.448214063056167,0.0,0.00023774764849804342,KEEP,ok
e1067bf900c435bf,clean\english\e1067bf900c435bf.wav,librispeech,C:\Users\Suhaan\Downloads\dev-clean\LibriSpeech\dev-clean\251\118436\251-118436-0022.flac,251,118436,english,16000,16000,1,4.54,-23.321256973532854,-8.6575994137959,0.0,8.762880497670267e-06,KEEP,ok
e802b541ea6c315a,clean\english\e802b541ea6c315a.wav,librispeech,C:\Users\Suhaan\Downloads\dev-clean\LibriSpeech\dev-clean\251\118436\251-118436-0023.flac,251,118436,english,16000,16000,1,2.77,-21.552630770402423,-8.734064013722216,0.0,1.4407712114916649e-05,KEEP,ok
e853cc51fb0b5bf4,clean\english\e853cc51fb0b5bf4.wav,librispeech,C:\Users\Suhaan\Downloads\dev-clean\LibriSpeech\dev-clean\251\136532\251-136532-0000.flac,251,136532,english,16000,16000,1,9.81,-24.324198686132213,-7.424989495516777,0.0,1.1834894166895538e-06,KEEP,ok
2402f1900f80d9cc,clean\english\2402f1900f80d9cc.wav,librispeech,C:\Users\Suhaan\Downloads\dev-clean\LibriSpeech\dev-clean\251\136532\251-136532-0001.flac,251,136532,english,16000,16000,1,6.855,-25.31978400440524,-7.399476601495171,0.0,5.9543779684645415e-08,KEEP,ok
2f629572fe67409b,clean\english\2f629572fe67409b.wav,librispeech,C:\Users\Suhaan\Downloads\dev-clean\LibriSpeech\dev-clean\251\136532\251-136532-0002.flac,251,136532,english,16000,16000,1,6.55,-25.662098099718747,-8.293319457677018,0.0,1.3016561979384278e-06,KEEP,ok
19c85b4ea6867777,clean\english\19c85b4ea6867777.wav,librispeech,C:\Users\Suhaan\Downloads\dev-clean\LibriSpeech\dev-clean\251\136532\251-136532-0003.flac,251,136532,english,16000,16000,1,16.36,-26.155302642941955,-7.023131512905117,0.0,1.4820425349171273e-06,KEEP,ok
bac7f834252fe984,clean\english\bac7f834252fe984.wav,librispeech,C:\Users\Suhaan\Downloads\dev-clean\LibriSpeech\dev-clean\251\136532\251-136532-0004.flac,251,136532,english,16000,16000,1,24.8,-24.69757946208975,-7.883712594602731,0.0,7.690921677294682e-08,KEEP,ok
3099dad19b738198,clean\english\3099dad19b738198.wav,librispeech,C:\Users\Suhaan\Downloads\dev-clean\LibriSpeech\dev-clean\251\136532\251-136532-0005.flac,251,136532,english,16000,16000,1,5.755,-25.448603230345036,-7.317227343439469,0.0,1.4668853509647306e-06,KEEP,ok
5c6230acc2e582db,clean\english\5c6230acc2e582db.wav,librispeech,C:\Users\Suhaan\Downloads\dev-clean\LibriSpeech\dev-clean\251\136532\251-136532-0006.flac,251,136532,english,16000,16000,1,2.565,-19.976334573133883,-4.6706138504693,0.0,3.788671165239066e-06,KEEP,ok
008b1b505e43e7ab,clean\english\008b1b505e43e7ab.wav,librispeech,C:\Users\Suhaan\Downloads\dev-clean\LibriSpeech\dev-clean\251\136532\251-136532-0007.flac,251,136532,english,16000,16000,1,5.605,-21.71800779634865,-3.9544160246153055,0.0,4.090335607997986e-07,KEEP,ok
7beb30f9ae4dfb09,clean\english\7beb30f9ae4dfb09.wav,librispeech,C:\Users\Suhaan\Downloads\dev-clean\LibriSpeech\dev-clean\251\136532\251-136532-0008.flac,251,136532,english,16000,16000,1,9.79,-23.278487632136788,-6.300197170465738,0.0,3.7815769360349805e-07,KEEP,ok
b6ad31ad6e89f5c5,clean\english\b6ad31ad6e89f5c5.wav,librispeech,C:\Users\Suhaan\Downloads\dev-clean\LibriSpeech\dev-clean\251\136532\251-136532-0009.flac,251,136532,english,16000,16000,1,3.625,-21.450357256628433,-3.4945655529342163,0.0,1.5095678236320964e-06,KEEP,ok
bc91827dc0a316ca,clean\english\bc91827dc0a316ca.wav,librispeech,C:\Users\Suhaan\Downloads\dev-clean\LibriSpeech\dev-clean\251\136532\251-136532-0010.flac,251,136532,english,16000,16000,1,6.56,-22.6234694146854,-6.543369108741018,0.0,7.536353336945467e-07,KEEP,ok
df2cad90d20650dc,clean\english\df2cad90d20650dc.wav,librispeech,C:\Users\Suhaan\Downloads\dev-clean\LibriSpeech\dev-clean\251\136532\251-136532-0011.flac,251,136532,english,16000,16000,1,8.445,-19.606560774521046,-1.7979882484400993,0.0,6.31717455235048e-07,KEEP,ok
207bbeb4be4fb268,clean\english\207bbeb4be4fb268.wav,librispeech,C:\Users\Suhaan\Downloads\dev-clean\LibriSpeech\dev-clean\251\136532\251-136532-0012.flac,251,136532,english,16000,16000,1,8.79,-20.265966107220347,-1.7385278907790858,0.0,2.2935921606404008e-07,KEEP,ok
905e6da9ddc3ce27,clean\english\905e6da9ddc3ce27.wav,librispeech,C:\Users\Suhaan\Downloads\dev-clean\LibriSpeech\dev-clean\251\136532\251-136532-0013.flac,251,136532,english,16000,16000,1,4.68,-22.57066855047611,-5.082313623211739,0.0,1.1427789559093071e-06,KEEP,ok
c902914a08907631,clean\english\c902914a08907631.wav,librispeech,C:\Users\Suhaan\Downloads\dev-clean\LibriSpeech\dev-clean\251\136532\251-136532-0014.flac,251,136532,english,16000,16000,1,2.265,-23.899970973906242,-6.750769177314172,0.0,1.6968244835879887e-06,KEEP,ok
2d0769228b43a66e,clean\english\2d0769228b43a66e.wav,librispeech,C:\Users\Suhaan\Downloads\dev-clean\LibriSpeech\dev-clean\251\136532\251-136532-0015.flac,251,136532,english,16000,16000,1,7.63,-23.48017256118089,-4.717484776659961,0.0,1.0384176221123198e-06,KEEP,ok
540681a4d9563294,clean\english\540681a4d9563294.wav,librispeech,C:\Users\Suhaan\Downloads\dev-clean\LibriSpeech\dev-clean\251\136532\251-136532-0016.flac,251,136532,english,16000,16000,1,9.255,-21.780409652674454,-3.3300573806824034,0.0,2.275216502312105e-06,KEEP,ok
89f9676676226e78,clean\english\89f9676676226e78.wav,librispeech,C:\Users\Suhaan\Downloads\dev-clean\LibriSpeech\dev-clean\251\136532\251-136532-0017.flac,251,136532,english,16000,16000,1,15.365,-22.503016004333606,-4.068838542419891,0.0,7.073265351209557e-07,KEEP,ok
a343bb17ec9bb6cc,clean\english\a343bb17ec9bb6cc.wav,librispeech,C:\Users\Suhaan\Downloads\dev-clean\LibriSpeech\dev-clean\251\136532\251-136532-0018.flac,251,136532,english,16000,16000,1,6.875,-21.910249343600494,-3.9761746958444872,0.0,4.4305974711278395e-07,KEEP,ok
94b8a1ba1616b47b,clean\english\94b8a1ba1616b47b.wav,librispeech,C:\Users\Suhaan\Downloads\dev-clean\LibriSpeech\dev-clean\251\136532\251-136532-0019.flac,251,136532,english,16000,16000,1,9.345,-24.53371565364452,-0.4328694561827541,0.0,1.547105625832046e-07,KEEP,ok
2016a55dad0e610a,clean\english\2016a55dad0e610a.wav,librispeech,C:\Users\Suhaan\Downloads\dev-clean\LibriSpeech\dev-clean\251\136532\251-136532-0020.flac,251,136532,english,16000,16000,1,2.975,-22.25136801744587,-5.187639045428774,0.0,5.1007950787607115e-06,KEEP,ok
7976dfe73bfddc7b,clean\english\7976dfe73bfddc7b.wav,librispeech,C:\Users\Suhaan\Downloads\dev-clean\LibriSpeech\dev-clean\251\136532\251-136532-0021.flac,251,136532,english,16000,16000,1,6.55,-21.681318455086615,-3.5056708014728297,0.0,1.0372482392995153e-06,KEEP,ok
faf711b4dc18f1a1,clean\english\faf711b4dc18f1a1.wav,librispeech,C:\Users\Suhaan\Downloads\dev-clean\LibriSpeech\dev-clean\251\136532\251-136532-0022.flac,251,136532,english,16000,16000,1,1.535,-26.085252432581413,-3.072176390087823,0.0,3.827123009614297e-07,KEEP,ok
4d4bd2e7eb8c2216,clean\english\4d4bd2e7eb8c2216.wav,librispeech,C:\Users\Suhaan\Downloads\dev-clean\LibriSpeech\dev-clean\251\136532\251-136532-0023.flac,251,136532,english,16000,16000,1,8.395,-20.626483562712473,-0.5360105276503195,0.0,8.545012519789452e-07,KEEP,ok
9dc8e6e48c7ad66e,clean\english\9dc8e6e48c7ad66e.wav,librispeech,C:\Users\Suhaan\Downloads\dev-clean\LibriSpeech\dev-clean\251\137823\251-137823-0000.flac,251,137823,english,16000,16000,1,3.435,-24.71111313300146,-6.899070584297404,0.0,6.424460821108369e-07,KEEP,ok
33b63d98b87d1e63,clean\english\33b63d98b87d1e63.wav,librispeech,C:\Users\Suhaan\Downloads\dev-clean\LibriSpeech\dev-clean\251\137823\251-137823-0001.flac,251,137823,english,16000,16000,1,5.48,-23.047069137917187,-3.7206342882626013,0.0,9.494976325186144e-07,KEEP,ok
5917c74f1b790832,clean\english\5917c74f1b790832.wav,librispeech,C:\Users\Suhaan\Downloads\dev-clean\LibriSpeech\dev-clean\251\137823\251-137823-0002.flac,251,137823,english,16000,16000,1,3.13,-20.866490709843305,-3.6038535705037225,0.0,7.860957396133017e-08,KEEP,ok
b95bae2ab0e5cdf3,clean\english\b95bae2ab0e5cdf3.wav,librispeech,C:\Users\Suhaan\Downloads\dev-clean\LibriSpeech\dev-clean\251\137823\251-137823-0003.flac,251,137823,english,16000,16000,1,4.4,-22.08184486111638,-7.3647503597852,0.0,2.8198414838698227e-06,KEEP,ok
23b09e3c3daae9c8,clean\english\23b09e3c3daae9c8.wav,librispeech,C:\Users\Suhaan\Downloads\dev-clean\LibriSpeech\dev-clean\251\137823\251-137823-0004.flac,251,137823,english,16000,16000,1,10.9850625,-22.40092574183209,-4.844805031187739,0.0,2.6740926841739565e-06,KEEP,ok
51d0b635686fa3b5,clean\english\51d0b635686fa3b5.wav,librispeech,C:\Users\Suhaan\Downloads\dev-clean\LibriSpeech\dev-clean\251\137823\251-137823-0005.flac,251,137823,english,16000,16000,1,5.445,-22.171953866818093,-3.825819865704821,0.0,3.8076913710938243e-07,KEEP,ok
7479d3ed1e9c3a42,clean\english\7479d3ed1e9c3a42.wav,librispeech,C:\Users\Suhaan\Downloads\dev-clean\LibriSpeech\dev-clean\251\137823\251-137823-0006.flac,251,137823,english,16000,16000,1,3.975,-22.54399371434589,-4.60640760659311,0.0,9.865431138678105e-07,KEEP,ok
8658bfd65cb4d0f3,clean\english\8658bfd65cb4d0f3.wav,librispeech,C:\Users\Suhaan\Downloads\dev-clean\LibriSpeech\dev-clean\251\137823\251-137823-0007.flac,251,137823,english,16000,16000,1,3.54,-22.037994633556952,-6.8010820713137585,0.0,1.5409652860398637e-06,KEEP,ok
ed66f2b70b5f29af,clean\english\ed66f2b70b5f29af.wav,librispeech,C:\Users\Suhaan\Downloads\dev-clean\LibriSpeech\dev-clean\251\137823\251-137823-0008.flac,251,137823,english,16000,16000,1,6.525,-22.450541053670822,-5.608535509289888,0.0,1.060515046447108e-06,KEEP,ok
8dc60410c05d1aef,clean\english\8dc60410c05d1aef.wav,librispeech,C:\Users\Suhaan\Downloads\dev-clean\LibriSpeech\dev-clean\251\137823\251-137823-0009.flac,251,137823,english,16000,16000,1,5.835,-23.875996148451208,-5.22529050995252,0.0,8.917304512578994e-07,KEEP,ok
28c32d15b0581988,clean\english\28c32d15b0581988.wav,librispeech,C:\Users\Suhaan\Downloads\dev-clean\LibriSpeech\dev-clean\251\137823\251-137823-0010.flac,251,137823,english,16000,16000,1,7.955,-24.148777563039225,-5.415046673260199,0.0,1.5714347227913095e-06,KEEP,ok
c31ec8552704c608,clean\english\c31ec8552704c608.wav,librispeech,C:\Users\Suhaan\Downloads\dev-clean\LibriSpeech\dev-clean\251\137823\251-137823-0011.flac,251,137823,english,16000,16000,1,5.655,-22.71634800433425,-7.534736501674124,0.0,2.0105578641960165e-06,KEEP,ok
02710f788c3f25a9,clean\english\02710f788c3f25a9.wav,librispeech,C:\Users\Suhaan\Downloads\dev-clean\LibriSpeech\dev-clean\251\137823\251-137823-0012.flac,251,137823,english,16000,16000,1,2.485,-23.934098146705818,-5.2918196072084625,0.0,1.3792778190691024e-06,KEEP,ok
8d546083732ef1c2,clean\english\8d546083732ef1c2.wav,librispeech,C:\Users\Suhaan\Downloads\dev-clean\LibriSpeech\dev-clean\251\137823\251-137823-0013.flac,251,137823,english,16000,16000,1,4.96,-22.18273003409402,-3.48584995028561,0.0,1.3897496273784782e-06,KEEP,ok
ceec0275f87a4037,clean\english\ceec0275f87a4037.wav,librispeech,C:\Users\Suhaan\Downloads\dev-clean\LibriSpeech\dev-clean\251\137823\251-137823-0014.flac,251,137823,english,16000,16000,1,4.98,-23.00940113402227,-4.304047475312663,0.0,2.6197318447884754e-07,KEEP,ok
28cac87d7aef9605,clean\english\28cac87d7aef9605.wav,librispeech,C:\Users\Suhaan\Downloads\dev-clean\LibriSpeech\dev-clean\251\137823\251-137823-0015.flac,251,137823,english,16000,16000,1,2.615,-21.460155177075535,-2.455411296570701,0.0,6.258146072468662e-07,KEEP,ok
4ad72689f1f128a3,clean\english\4ad72689f1f128a3.wav,librispeech,C:\Users\Suhaan\Downloads\dev-clean\LibriSpeech\dev-clean\251\137823\251-137823-0016.flac,251,137823,english,16000,16000,1,6.77,-22.46558839877946,-4.95852437148513,0.0,1.9000235624844208e-06,KEEP,ok
a927b3b74457959c,clean\english\a927b3b74457959c.wav,librispeech,C:\Users\Suhaan\Downloads\dev-clean\LibriSpeech\dev-clean\251\137823\251-137823-0017.flac,251,137823,english,16000,16000,1,3.855,-22.731683393018688,-6.4760667279397435,0.0,3.032956499282591e-07,KEEP,ok
8d9fed28adda8b48,clean\english\8d9fed28adda8b48.wav,librispeech,C:\Users\Suhaan\Downloads\dev-clean\LibriSpeech\dev-clean\251\137823\251-137823-0018.flac,251,137823,english,16000,16000,1,7.505,-22.670129698704926,-5.834927428743651,0.0,2.4832384042383637e-06,KEEP,ok
edf05a6d402ad475,clean\english\edf05a6d402ad475.wav,librispeech,C:\Users\Suhaan\Downloads\dev-clean\LibriSpeech\dev-clean\251\137823\251-137823-0019.flac,251,137823,english,16000,16000,1,12.29,-22.736799329656144,-2.487825314097264,0.0,4.961589752383588e-07,KEEP,ok
2e14981877ba03cb,clean\english\2e14981877ba03cb.wav,librispeech,C:\Users\Suhaan\Downloads\dev-clean\LibriSpeech\dev-clean\251\137823\251-137823-0020.flac,251,137823,english,16000,16000,1,5.425,-23.622748453928164,-5.01264223900363,0.0,1.4531008218909847e-06,KEEP,ok
5a5a5f3b2c513501,clean\english\5a5a5f3b2c513501.wav,librispeech,C:\Users\Suhaan\Downloads\dev-clean\LibriSpeech\dev-clean\251\137823\251-137823-0021.flac,251,137823,english,16000,16000,1,6.82,-23.977602950402655,-8.37079843903323,0.0,3.1062934340297943e-06,KEEP,ok
860ac890169051db,clean\english\860ac890169051db.wav,librispeech,C:\Users\Suhaan\Downloads\dev-clean\LibriSpeech\dev-clean\251\137823\251-137823-0022.flac,251,137823,english,16000,16000,1,7.175,-21.33004443157933,-0.7610742826319271,0.0,6.940888397366507e-07,KEEP,ok
261615888016b01c,clean\english\261615888016b01c.wav,librispeech,C:\Users\Suhaan\Downloads\dev-clean\LibriSpeech\dev-clean\251\137823\251-137823-0023.flac,251,137823,english,16000,16000,1,2.335,-24.45559581659509,-6.595323092824272,0.0,2.7919988951907726e-06,KEEP,ok
f05c90a527473858,clean\english\f05c90a527473858.wav,librispeech,C:\Users\Suhaan\Downloads\dev-clean\LibriSpeech\dev-clean\251\137823\251-137823-0024.flac,251,137823,english,16000,16000,1,2.46,-26.767401598203712,-7.937752446482296,0.0,1.7956989495360176e-06,KEEP,ok
a7c2ae7708a18369,clean\english\a7c2ae7708a18369.wav,librispeech,C:\Users\Suhaan\Downloads\dev-clean\LibriSpeech\dev-clean\251\137823\251-137823-0025.flac,251,137823,english,16000,16000,1,3.66,-18.607888604555043,-3.2483791838887344,0.0,3.1622380447515752e-06,KEEP,ok
39740ebbb6a08e05,clean\english\39740ebbb6a08e05.wav,librispeech,C:\Users\Suhaan\Downloads\dev-clean\LibriSpeech\dev-clean\251\137823\251-137823-0026.flac,251,137823,english,16000,16000,1,2.785,-25.54426893892539,-8.097204493209379,0.0,1.272478925784526e-06,KEEP,ok
ab9f5032eb8a861d,clean\english\ab9f5032eb8a861d.wav,librispeech,C:\Users\Suhaan\Downloads\dev-clean\LibriSpeech\dev-clean\2803\154320\2803-154320-0000.flac,2803,154320,english,16000,16000,1,11.48,-25.21372102688145,-5.948272075175459,0.0,9.39701476454502e-06,KEEP,ok
c1ec53767be66477,clean\english\c1ec53767be66477.wav,librispeech,C:\Users\Suhaan\Downloads\dev-clean\LibriSpeech\dev-clean\2803\154320\2803-154320-0001.flac,2803,154320,english,16000,16000,1,15.56,-25.189423688538533,-5.6465371287727315,0.0,3.0350868200912373e-06,KEEP,ok
7592ab175046bbe0,clean\english\7592ab175046bbe0.wav,librispeech,C:\Users\Suhaan\Downloads\dev-clean\LibriSpeech\dev-clean\2803\154320\2803-154320-0002.flac,2803,154320,english,16000,16000,1,3.53,-25.551622442724018,-6.1903028255007255,0.0,5.154163773113396e-06,KEEP,ok
8337efdd60ab4228,clean\english\8337efdd60ab4228.wav,librispeech,C:\Users\Suhaan\Downloads\dev-clean\LibriSpeech\dev-clean\2803\154320\2803-154320-0003.flac,2803,154320,english,16000,16000,1,6.475,-26.427670671423165,-5.757948631597065,0.0,3.276191637269221e-05,KEEP,ok
b5ab980d7b336554,clean\english\b5ab980d7b336554.wav,librispeech,C:\Users\Suhaan\Downloads\dev-clean\LibriSpeech\dev-clean\2803\154320\2803-154320-0004.flac,2803,154320,english,16000,16000,1,12.005,-26.024638664304494,-6.174639431677691,0.0,1.2074843880327535e-06,KEEP,ok
b70afaa3a874cd9e,clean\english\b70afaa3a874cd9e.wav,librispeech,C:\Users\Suhaan\Downloads\dev-clean\LibriSpeech\dev-clean\2803\154320\2803-154320-0005.flac,2803,154320,english,16000,16000,1,4.77,-24.23876956559279,-5.234002536398109,0.0,2.6516145226196386e-05,KEEP,ok
9d8ad3df060c800b,clean\english\9d8ad3df060c800b.wav,librispeech,C:\Users\Suhaan\Downloads\dev-clean\LibriSpeech\dev-clean\2803\154320\2803-154320-0006.flac,2803,154320,english,16000,16000,1,2.18,-26.018593069714345,-6.4788606067113195,0.0,2.0916964786010794e-05,KEEP,ok
4cd7f26b8bc54305,clean\english\4cd7f26b8bc54305.wav,librispeech,C:\Users\Suhaan\Downloads\dev-clean\LibriSpeech\dev-clean\2803\154320\2803-154320-0007.flac,2803,154320,english,16000,16000,1,4.51,-22.79578312577118,-3.227598613059804,0.0,3.0788243066126597e-07,KEEP,ok
a2d4eabbbb6484e6,clean\english\a2d4eabbbb6484e6.wav,librispeech,C:\Users\Suhaan\Downloads\dev-clean\LibriSpeech\dev-clean\2803\154320\2803-154320-0008.flac,2803,154320,english,16000,16000,1,3.59,-29.527993486796795,-8.733339495255093,0.0,1.4567573998647276e-05,KEEP,ok
7b741202e8b15382,clean\english\7b741202e8b15382.wav,librispeech,C:\Users\Suhaan\Downloads\dev-clean\LibriSpeech\dev-clean\2803\154320\2803-154320-0009.flac,2803,154320,english,16000,16000,1,2.765,-23.828567429343188,-3.8274671044046302,0.0,1.3996420875628246e-06,KEEP,ok
ddbba02149369321,clean\english\ddbba02149369321.wav,librispeech,C:\Users\Suhaan\Downloads\dev-clean\LibriSpeech\dev-clean\2803\154320\2803-154320-0010.flac,2803,154320,english,16000,16000,1,4.01,-21.44522316421192,-1.6785070154453405,0.0,2.77326580544468e-05,KEEP,ok
3a303908227920ba,clean\english\3a303908227920ba.wav,librispeech,C:\Users\Suhaan\Downloads\dev-clean\LibriSpeech\dev-clean\2803\154320\2803-154320-0011.flac,2803,154320,english,16000,16000,1,4.28,-23.939843811720163,-6.086587874033372,0.0,1.816437543311622e-05,KEEP,ok
058d0acd43f6dbf0,clean\english\058d0acd43f6dbf0.wav,librispeech,C:\Users\Suhaan\Downloads\dev-clean\LibriSpeech\dev-clean\2803\154320\2803-154320-0012.flac,2803,154320,english,16000,16000,1,9.81,-26.59058295325428,-6.8231495971402,0.0,8.683200007908454e-07,KEEP,ok
baf23244bf2d8897,clean\english\baf23244bf2d8897.wav,librispeech,C:\Users\Suhaan\Downloads\dev-clean\LibriSpeech\dev-clean\2803\154320\2803-154320-0013.flac,2803,154320,english,16000,16000,1,4.365,-25.502233783483486,-5.95353115116445,0.0,9.154399776889477e-06,KEEP,ok
8b7d41f3c3998f01,clean\english\8b7d41f3c3998f01.wav,librispeech,C:\Users\Suhaan\Downloads\dev-clean\LibriSpeech\dev-clean\2803\154320\2803-154320-0014.flac,2803,154320,english,16000,16000,1,5.29,-20.734835528320033,-0.34223615585268435,0.0,2.1932705749350134e-06,KEEP,ok
6222c2b1895a74ef,clean\english\6222c2b1895a74ef.wav,librispeech,C:\Users\Suhaan\Downloads\dev-clean\LibriSpeech\dev-clean\2803\154328\2803-154328-0000.flac,2803,154328,english,16000,16000,1,7.93,-27.958236646954624,-9.187680110559304,0.0,8.549010817660019e-05,KEEP,ok
29486c15ccfd77bf,clean\english\29486c15ccfd77bf.wav,librispeech,C:\Users\Suhaan\Downloads\dev-clean\LibriSpeech\dev-clean\2803\154328\2803-154328-0001.flac,2803,154328,english,16000,16000,1,3.825,-26.545241589813728,-7.295097676340079,0.0,7.100971561158076e-05,KEEP,ok
e788d7780a7f503d,clean\english\e788d7780a7f503d.wav,librispeech,C:\Users\Suhaan\Downloads\dev-clean\LibriSpeech\dev-clean\2803\154328\2803-154328-0002.flac,2803,154328,english,16000,16000,1,2.06,-29.485386488026467,-12.327917339230943,0.0,9.012036753119901e-05,KEEP,ok
aae9cb71a4d2d4c2,clean\english\aae9cb71a4d2d4c2.wav,librispeech,C:\Users\Suhaan\Downloads\dev-clean\LibriSpeech\dev-clean\2803\154328\2803-154328-0003.flac,2803,154328,english,16000,16000,1,12.8,-27.232090501398023,-8.746390083143075,0.0,9.207427501678467e-05,KEEP,ok
430377d805bf98b8,clean\english\430377d805bf98b8.wav,librispeech,C:\Users\Suhaan\Downloads\dev-clean\LibriSpeech\dev-clean\2803\154328\2803-154328-0004.flac,2803,154328,english,16000,16000,1,11.19,-28.0411427399589,-8.29538580469237,0.0,9.562583727529272e-05,KEEP,ok
ae50e0e181e6cead,clean\english\ae50e0e181e6cead.wav,librispeech,C:\Users\Suhaan\Downloads\dev-clean\LibriSpeech\dev-clean\2803\154328\2803-154328-0005.flac,2803,154328,english,16000,16000,1,6.1,-28.379251995715364,-9.204491022117967,0.0,9.860554564511403e-05,KEEP,ok
5efd9d02300ff858,clean\english\5efd9d02300ff858.wav,librispeech,C:\Users\Suhaan\Downloads\dev-clean\LibriSpeech\dev-clean\2803\154328\2803-154328-0006.flac,2803,154328,english,16000,16000,1,4.005,-23.68304509822981,-5.541552118627855,0.0,9.483832400292158e-05,KEEP,ok
3fafe6796f46dbc7,clean\english\3fafe6796f46dbc7.wav,librispeech,C:\Users\Suhaan\Downloads\dev-clean\LibriSpeech\dev-clean\2803\154328\2803-154328-0007.flac,2803,154328,english,16000,16000,1,6.77,-27.26104858602012,-6.196792501143933,0.0,9.69736065599136e-05,KEEP,ok
0ce2d10485a1babb,clean\english\0ce2d10485a1babb.wav,librispeech,C:\Users\Suhaan\Downloads\dev-clean\LibriSpeech\dev-clean\2803\154328\2803-154328-0008.flac,2803,154328,english,16000,16000,1,7.37,-27.403518030103015,-6.805723209355289,0.0,8.828487625578418e-05,KEEP,ok
d8290dc797b44f87,clean\english\d8290dc797b44f87.wav,librispeech,C:\Users\Suhaan\Downloads\dev-clean\LibriSpeech\dev-clean\2803\154328\2803-154328-0009.flac,2803,154328,english,16000,16000,1,8.3,-26.213893482779493,-7.793519702176651,0.0,9.208541450789198e-05,KEEP,ok
bd9962ee0a984475,clean\english\bd9962ee0a984475.wav,librispeech,C:\Users\Suhaan\Downloads\dev-clean\LibriSpeech\dev-clean\2803\154328\2803-154328-0010.flac,2803,154328,english,16000,16000,1,6.34,-26.17185294459748,-7.74101332483823,0.0,0.00010963343811454251,KEEP,ok
cbb8273c1efae7db,clean\english\cbb8273c1efae7db.wav,librispeech,C:\Users\Suhaan\Downloads\dev-clean\LibriSpeech\dev-clean\2803\154328\2803-154328-0011.flac,2803,154328,english,16000,16000,1,6.595,-24.71408421112683,-4.158222230408935,0.0,8.870776218827814e-05,KEEP,ok
1983aa07abf6bed2,clean\english\1983aa07abf6bed2.wav,librispeech,C:\Users\Suhaan\Downloads\dev-clean\LibriSpeech\dev-clean\2803\154328\2803-154328-0012.flac,2803,154328,english,16000,16000,1,9.57,-26.175817303443708,-6.311702024549253,0.0,6.630837015109137e-05,KEEP,ok
bef20a0101b22185,clean\english\bef20a0101b22185.wav,librispeech,C:\Users\Suhaan\Downloads\dev-clean\LibriSpeech\dev-clean\2803\154328\2803-154328-0013.flac,2803,154328,english,16000,16000,1,3.975,-28.20252936636188,-2.0480353128368636,0.0,8.565410826122388e-05,KEEP,ok
9f847d018355462e,clean\english\9f847d018355462e.wav,librispeech,C:\Users\Suhaan\Downloads\dev-clean\LibriSpeech\dev-clean\2803\154328\2803-154328-0014.flac,2803,154328,english,16000,16000,1,4.925,-25.593117705744778,-6.282148846240203,0.0,7.192350312834606e-05,KEEP,ok
792f438e107a4f6a,clean\english\792f438e107a4f6a.wav,librispeech,C:\Users\Suhaan\Downloads\dev-clean\LibriSpeech\dev-clean\2803\154328\2803-154328-0015.flac,2803,154328,english,16000,16000,1,20.5499375,-23.240478008776385,-1.6505744725301201,0.0,0.00010198443487752229,KEEP,ok
9ec6a2dbf3212a9c,clean\english\9ec6a2dbf3212a9c.wav,librispeech,C:\Users\Suhaan\Downloads\dev-clean\LibriSpeech\dev-clean\2803\154328\2803-154328-0016.flac,2803,154328,english,16000,16000,1,2.18,-27.791300479209152,-3.783100942824576,0.0,9.066818165592849e-05,KEEP,ok
a03d54f7baab107a,clean\english\a03d54f7baab107a.wav,librispeech,C:\Users\Suhaan\Downloads\dev-clean\LibriSpeech\dev-clean\2803\154328\2803-154328-0017.flac,2803,154328,english,16000,16000,1,7.435,-23.868781518822992,-3.7859696695234435,0.0,0.00010526974074309692,KEEP,ok
7fa8c4208fb76f26,clean\english\7fa8c4208fb76f26.wav,librispeech,C:\Users\Suhaan\Downloads\dev-clean\LibriSpeech\dev-clean\2803\154328\2803-154328-0018.flac,2803,154328,english,16000,16000,1,15.38,-24.973924273644922,-2.3871049949420255,0.0,6.848473276477307e-05,KEEP,ok
5240e318468a1bd6,clean\english\5240e318468a1bd6.wav,librispeech,C:\Users\Suhaan\Downloads\dev-clean\LibriSpeech\dev-clean\2803\154328\2803-154328-0019.flac,2803,154328,english,16000,16000,1,10.18,-24.45379367285499,-3.5498354256003424,0.0,9.487972420174628e-05,KEEP,ok
449d150f7ef393e8,clean\english\449d150f7ef393e8.wav,librispeech,C:\Users\Suhaan\Downloads\dev-clean\LibriSpeech\dev-clean\2803\154328\2803-154328-0020.flac,2803,154328,english,16000,16000,1,13.92,-22.231720096137543,-0.3983894571597419,0.0,9.656308975536376e-05,KEEP,ok
a7f5902a7b69e555,clean\english\a7f5902a7b69e555.wav,librispeech,C:\Users\Suhaan\Downloads\dev-clean\LibriSpeech\dev-clean\2803\154328\2803-154328-0021.flac,2803,154328,english,16000,16000,1,3.05,-22.803842364059832,-1.7498686544192357,0.0,9.763311390997842e-05,KEEP,ok
5197894177b6d47a,clean\english\5197894177b6d47a.wav,librispeech,C:\Users\Suhaan\Downloads\dev-clean\LibriSpeech\dev-clean\2803\154328\2803-154328-0022.flac,2803,154328,english,16000,16000,1,4.805,-22.484269992465094,-4.031232656917004,0.0,8.77229540492408e-05,KEEP,ok
a65f2f1e9c63c49a,clean\english\a65f2f1e9c63c49a.wav,librispeech,C:\Users\Suhaan\Downloads\dev-clean\LibriSpeech\dev-clean\2803\154328\2803-154328-0023.flac,2803,154328,english,16000,16000,1,6.59,-24.832674651818614,-6.078578754389767,0.0,9.969644452212378e-05,KEEP,ok
d3405c6e4b891ca6,clean\english\d3405c6e4b891ca6.wav,librispeech,C:\Users\Suhaan\Downloads\dev-clean\LibriSpeech\dev-clean\2803\161169\2803-161169-0000.flac,2803,161169,english,16000,16000,1,11.7,-30.342422532386763,-10.280382454266393,0.0,3.5408706025918946e-05,KEEP,ok
44bcdb59b88b064c,clean\english\44bcdb59b88b064c.wav,librispeech,C:\Users\Suhaan\Downloads\dev-clean\LibriSpeech\dev-clean\2803\161169\2803-161169-0001.flac,2803,161169,english,16000,16000,1,9.495,-30.09447903982013,-10.783833714053458,0.0,3.103303606621921e-05,KEEP,ok
8e20da20e39d66f7,clean\english\8e20da20e39d66f7.wav,librispeech,C:\Users\Suhaan\Downloads\dev-clean\LibriSpeech\dev-clean\2803\161169\2803-161169-0002.flac,2803,161169,english,16000,16000,1,4.91,-31.40432671962854,-14.048059395992201,0.0,3.165693851769902e-05,KEEP,ok
f01367cd604a8cbe,clean\english\f01367cd604a8cbe.wav,librispeech,C:\Users\Suhaan\Downloads\dev-clean\LibriSpeech\dev-clean\2803\161169\2803-161169-0003.flac,2803,161169,english,16000,16000,1,10.14,-33.52893495703053,-15.839885258490643,0.0,3.10628856823314e-05,KEEP,ok
8bb7ff4bb965ca3a,clean\english\8bb7ff4bb965ca3a.wav,librispeech,C:\Users\Suhaan\Downloads\dev-clean\LibriSpeech\dev-clean\2803\161169\2803-161169-0004.flac,2803,161169,english,16000,16000,1,11.225,-31.428893634945258,-12.631229541424748,0.0,3.2017287594499066e-05,KEEP,ok
a28182ccb164296a,clean\english\a28182ccb164296a.wav,librispeech,C:\Users\Suhaan\Downloads\dev-clean\LibriSpeech\dev-clean\2803\161169\2803-161169-0005.flac,2803,161169,english,16000,16000,1,16.795,-30.803969439339113,-8.551951195930986,0.0,3.074380219914019e-05,KEEP,ok
106a56873c57abea,clean\english\106a56873c57abea.wav,librispeech,C:\Users\Suhaan\Downloads\dev-clean\LibriSpeech\dev-clean\2803\161169\2803-161169-0006.flac,2803,161169,english,16000,16000,1,8.47,-28.748009113050873,-11.278362888347397,0.0,2.983570630021859e-05,KEEP,ok
a92fb02a600c1500,clean\english\a92fb02a600c1500.wav,librispeech,C:\Users\Suhaan\Downloads\dev-clean\LibriSpeech\dev-clean\2803\161169\2803-161169-0007.flac,2803,161169,english,16000,16000,1,12.715,-32.015399251749656,-13.421940772976493,0.0,3.651548831840046e-05,KEEP,ok
389d8f6d5263a728,clean\english\389d8f6d5263a728.wav,librispeech,C:\Users\Suhaan\Downloads\dev-clean\LibriSpeech\dev-clean\2803\161169\2803-161169-0008.flac,2803,161169,english,16000,16000,1,14.14,-32.06189099020094,-14.278180575387992,0.0,3.2231495424639434e-05,KEEP,ok
72832417d6c24b36,clean\english\72832417d6c24b36.wav,librispeech,C:\Users\Suhaan\Downloads\dev-clean\LibriSpeech\dev-clean\2803\161169\2803-161169-0009.flac,2803,161169,english,16000,16000,1,24.695,-30.173005991506244,-9.634091978914874,0.0,2.8709941034321673e-05,KEEP,ok
201f07f02c34c571,clean\english\201f07f02c34c571.wav,librispeech,C:\Users\Suhaan\Downloads\dev-clean\LibriSpeech\dev-clean\2803\161169\2803-161169-0010.flac,2803,161169,english,16000,16000,1,13.815,-29.98894568961033,-9.293672474533514,0.0,4.052925942232832e-05,KEEP,ok
5d84cb059742f8ff,clean\english\5d84cb059742f8ff.wav,librispeech,C:\Users\Suhaan\Downloads\dev-clean\LibriSpeech\dev-clean\2803\161169\2803-161169-0011.flac,2803,161169,english,16000,16000,1,5.495,-30.36561220372542,-12.245027758334793,0.0,3.928201113012619e-05,KEEP,ok
2b388a678fb6bc6b,clean\english\2b388a678fb6bc6b.wav,librispeech,C:\Users\Suhaan\Downloads\dev-clean\LibriSpeech\dev-clean\2803\161169\2803-161169-0012.flac,2803,161169,english,16000,16000,1,15.785,-31.734237449035355,-13.085481988933784,0.0,3.793865835177712e-05,KEEP,ok
1ab928985e37e4ca,clean\english\1ab928985e37e4ca.wav,librispeech,C:\Users\Suhaan\Downloads\dev-clean\LibriSpeech\dev-clean\2803\161169\2803-161169-0013.flac,2803,161169,english,16000,16000,1,11.51,-31.7528209296566,-14.211223806746531,0.0,3.384126830496825e-05,KEEP,ok
6d796caee92ffe56,clean\english\6d796caee92ffe56.wav,librispeech,C:\Users\Suhaan\Downloads\dev-clean\LibriSpeech\dev-clean\2803\161169\2803-161169-0014.flac,2803,161169,english,16000,16000,1,13.6,-30.375313720338216,-12.095443604340254,0.0,3.3210584660992026e-05,KEEP,ok
2e714fdf2450d44d,clean\english\2e714fdf2450d44d.wav,librispeech,C:\Users\Suhaan\Downloads\dev-clean\LibriSpeech\dev-clean\2803\161169\2803-161169-0015.flac,2803,161169,english,16000,16000,1,13.115,-31.020387083937074,-11.200054487640447,0.0,3.1516265153186396e-05,KEEP,ok
fdc86b5a2353aa93,clean\english\fdc86b5a2353aa93.wav,librispeech,C:\Users\Suhaan\Downloads\dev-clean\LibriSpeech\dev-clean\2803\161169\2803-161169-0016.flac,2803,161169,english,16000,16000,1,5.785,-32.70657588717023,-13.864329094417478,0.0,3.531084075802937e-05,KEEP,ok
e825a0e51884b270,clean\english\e825a0e51884b270.wav,librispeech,C:\Users\Suhaan\Downloads\dev-clean\LibriSpeech\dev-clean\2803\161169\2803-161169-0017.flac,2803,161169,english,16000,16000,1,8.01,-31.886708182581778,-8.35067051444785,0.0,3.336407462484203e-05,KEEP,ok
eab688c67fedfd12,clean\english\eab688c67fedfd12.wav,librispeech,C:\Users\Suhaan\Downloads\dev-clean\LibriSpeech\dev-clean\2902\9006\2902-9006-0000.flac,2902,9006,english,16000,16000,1,4.8,-26.20991435336809,-7.325848574557238,0.0,2.6398101908853278e-05,KEEP,ok
f7c7a9f65b509644,clean\english\f7c7a9f65b509644.wav,librispeech,C:\Users\Suhaan\Downloads\dev-clean\LibriSpeech\dev-clean\2902\9006\2902-9006-0001.flac,2902,9006,english,16000,16000,1,23.07,-25.790597009326977,-1.8588433818328463,0.0,2.3778196919010952e-05,KEEP,ok
1e78e121cf32e995,clean\english\1e78e121cf32e995.wav,librispeech,C:\Users\Suhaan\Downloads\dev-clean\LibriSpeech\dev-clean\2902\9006\2902-9006-0002.flac,2902,9006,english,16000,16000,1,11.875,-27.07929656380597,-7.243679997676987,0.0,2.6154688384849578e-05,KEEP,ok
236e5ae7109cef57,clean\english\236e5ae7109cef57.wav,librispeech,C:\Users\Suhaan\Downloads\dev-clean\LibriSpeech\dev-clean\2902\9006\2902-9006-0003.flac,2902,9006,english,16000,16000,1,14.8,-23.2962521844995,-4.032919319311364,0.0,2.3734246497042477e-05,KEEP,ok
7128a55385cd66e9,clean\english\7128a55385cd66e9.wav,librispeech,C:\Users\Suhaan\Downloads\dev-clean\LibriSpeech\dev-clean\2902\9006\2902-9006-0004.flac,2902,9006,english,16000,16000,1,3.8,-23.431982505032416,-7.481884855116564,0.0,2.1057128833490424e-05,KEEP,ok
061312010e0745d0,clean\english\061312010e0745d0.wav,librispeech,C:\Users\Suhaan\Downloads\dev-clean\LibriSpeech\dev-clean\2902\9006\2902-9006-0006.flac,2902,9006,english,16000,16000,1,4.0,-25.073691029035963,-7.359800782252267,0.0,2.3635864636162296e-05,KEEP,ok
dabbf9b6ca1fc99c,clean\english\dabbf9b6ca1fc99c.wav,librispeech,C:\Users\Suhaan\Downloads\dev-clean\LibriSpeech\dev-clean\2902\9006\2902-9006-0008.flac,2902,9006,english,16000,16000,1,11.08,-26.85156242125415,-6.397647085999806,0.0,2.439047966618091e-05,KEEP,ok
41a582be8c5f7f9b,clean\english\41a582be8c5f7f9b.wav,librispeech,C:\Users\Suhaan\Downloads\dev-clean\LibriSpeech\dev-clean\2902\9006\2902-9006-0009.flac,2902,9006,english,16000,16000,1,11.97,-27.00013425623577,-7.952308328319413,0.0,2.1611040210700594e-05,KEEP,ok
366bf91831f3b4b2,clean\english\366bf91831f3b4b2.wav,librispeech,C:\Users\Suhaan\Downloads\dev-clean\LibriSpeech\dev-clean\2902\9006\2902-9006-0010.flac,2902,9006,english,16000,16000,1,4.17,-28.543509026086408,-10.389278740918371,0.0,2.0476782083278522e-05,KEEP,ok
c42c423fc6771262,clean\english\c42c423fc6771262.wav,librispeech,C:\Users\Suhaan\Downloads\dev-clean\LibriSpeech\dev-clean\2902\9006\2902-9006-0011.flac,2902,9006,english,16000,16000,1,4.325,-27.58244951567171,-7.822827646881319,0.0,2.491769009793643e-05,KEEP,ok
4da7c5aad33a7842,clean\english\4da7c5aad33a7842.wav,librispeech,C:\Users\Suhaan\Downloads\dev-clean\LibriSpeech\dev-clean\2902\9006\2902-9006-0012.flac,2902,9006,english,16000,16000,1,6.42,-23.500903896511524,-5.181379638561538,0.0,2.4388215024373494e-05,KEEP,ok
cb6131af4ae012b7,clean\english\cb6131af4ae012b7.wav,librispeech,C:\Users\Suhaan\Downloads\dev-clean\LibriSpeech\dev-clean\2902\9006\2902-9006-0013.flac,2902,9006,english,16000,16000,1,17.77,-26.416859462557532,-4.576726066054273,0.0,2.1252179067232646e-05,KEEP,ok
9ec1029c576b3b2b,clean\english\9ec1029c576b3b2b.wav,librispeech,C:\Users\Suhaan\Downloads\dev-clean\LibriSpeech\dev-clean\2902\9006\2902-9006-0014.flac,2902,9006,english,16000,16000,1,20.41,-26.173342832209773,-4.048536492729596,0.0,2.2996960979071446e-05,KEEP,ok
102a605213714274,clean\english\102a605213714274.wav,librispeech,C:\Users\Suhaan\Downloads\dev-clean\LibriSpeech\dev-clean\2902\9006\2902-9006-0016.flac,2902,9006,english,16000,16000,1,12.02,-25.14869966147468,-4.0308110424889385,0.0,2.55322884186171e-05,KEEP,ok
f4ae4a0998676a6f,clean\english\f4ae4a0998676a6f.wav,librispeech,C:\Users\Suhaan\Downloads\dev-clean\LibriSpeech\dev-clean\2902\9006\2902-9006-0017.flac,2902,9006,english,16000,16000,1,23.76,-27.104223696791017,-7.023131512905117,0.0,2.3799231712473556e-05,KEEP,ok
c7c977797300732c,clean\english\c7c977797300732c.wav,librispeech,C:\Users\Suhaan\Downloads\dev-clean\LibriSpeech\dev-clean\2902\9006\2902-9006-0019.flac,2902,9006,english,16000,16000,1,14.23,-26.49827282680389,-3.0341274123029915,0.0,2.3628470444236882e-05,KEEP,ok
82fbf88eb4beb4eb,clean\english\82fbf88eb4beb4eb.wav,librispeech,C:\Users\Suhaan\Downloads\dev-clean\LibriSpeech\dev-clean\2902\9006\2902-9006-0020.flac,2902,9006,english,16000,16000,1,5.425,-25.422526922484714,-5.58581408760109,0.0,2.5178056603181176e-05,KEEP,ok
f45cd0b528791ba1,clean\english\f45cd0b528791ba1.wav,librispeech,C:\Users\Suhaan\Downloads\dev-clean\LibriSpeech\dev-clean\2902\9008\2902-9008-0000.flac,2902,9008,english,16000,16000,1,11.72,-27.674286646784545,-7.141748857289365,0.0,1.7872116586659104e-05,KEEP,ok
a42007662adddd6c,clean\english\a42007662adddd6c.wav,librispeech,C:\Users\Suhaan\Downloads\dev-clean\LibriSpeech\dev-clean\2902\9008\2902-9008-0001.flac,2902,9008,english,16000,16000,1,16.915,-29.948660918157387,-7.4206283271529845,0.0,1.6367677744710818e-05,KEEP,ok
ea183ec11171e6c2,clean\english\ea183ec11171e6c2.wav,librispeech,C:\Users\Suhaan\Downloads\dev-clean\LibriSpeech\dev-clean\2902\9008\2902-9008-0002.flac,2902,9008,english,16000,16000,1,24.395,-29.291152177491767,-8.061591388677714,0.0,1.6345888070645742e-05,KEEP,ok
fbfb3433b5472a86,clean\english\fbfb3433b5472a86.wav,librispeech,C:\Users\Suhaan\Downloads\dev-clean\LibriSpeech\dev-clean\2902\9008\2902-9008-0003.flac,2902,9008,english,16000,16000,1,14.475,-30.195941857232256,-9.143515765475334,0.0,1.8949360310216434e-05,KEEP,ok
cef4ea7e6d14b68b,clean\english\cef4ea7e6d14b68b.wav,librispeech,C:\Users\Suhaan\Downloads\dev-clean\LibriSpeech\dev-clean\2902\9008\2902-9008-0004.flac,2902,9008,english,16000,16000,1,5.63,-33.187475467024534,-12.659646401286933,0.0,1.6445546862087213e-05,KEEP,ok
bbb3be7b7677adb0,clean\english\bbb3be7b7677adb0.wav,librispeech,C:\Users\Suhaan\Downloads\dev-clean\LibriSpeech\dev-clean\2902\9008\2902-9008-0005.flac,2902,9008,english,16000,16000,1,5.21,-29.39444484004912,-10.748128820995099,0.0,1.5152621926972643e-05,KEEP,ok
749003a9febd946d,clean\english\749003a9febd946d.wav,librispeech,C:\Users\Suhaan\Downloads\dev-clean\LibriSpeech\dev-clean\2902\9008\2902-9008-0006.flac,2902,9008,english,16000,16000,1,18.345,-29.425574156206604,-5.787316379677882,0.0,1.6591386156505905e-05,KEEP,ok
49bd2aaca3dbf964,clean\english\49bd2aaca3dbf964.wav,librispeech,C:\Users\Suhaan\Downloads\dev-clean\LibriSpeech\dev-clean\2902\9008\2902-9008-0007.flac,2902,9008,english,16000,16000,1,5.97,-25.761438992539418,-1.5704872746343508,0.0,1.6155914636328816e-05,KEEP,ok
43c839e59497257c,clean\english\43c839e59497257c.wav,librispeech,C:\Users\Suhaan\Downloads\dev-clean\LibriSpeech\dev-clean\2902\9008\2902-9008-0008.flac,2902,9008,english,16000,16000,1,2.155,-22.19090553902834,-3.811008758148091,0.0,1.3390384083322715e-05,KEEP,ok
5f21785f9dfe69b2,clean\english\5f21785f9dfe69b2.wav,librispeech,C:\Users\Suhaan\Downloads\dev-clean\LibriSpeech\dev-clean\2902\9008\2902-9008-0009.flac,2902,9008,english,16000,16000,1,5.415,-20.80587673076877,-1.676899261690067,0.0,1.64468747243518e-05,KEEP,ok
7cae0232e6d86a4f,clean\english\7cae0232e6d86a4f.wav,librispeech,C:\Users\Suhaan\Downloads\dev-clean\LibriSpeech\dev-clean\2902\9008\2902-9008-0010.flac,2902,9008,english,16000,16000,1,8.02,-32.54373793887674,-13.041351730378604,0.0,1.7398017007508315e-05,KEEP,ok
34b8882436f4f727,clean\english\34b8882436f4f727.wav,librispeech,C:\Users\Suhaan\Downloads\dev-clean\LibriSpeech\dev-clean\2902\9008\2902-9008-0011.flac,2902,9008,english,16000,16000,1,6.91,-32.68918762345318,-13.011660412623836,0.0,1.765774140949361e-05,KEEP,ok
bf35e8957a8801db,clean\english\bf35e8957a8801db.wav,librispeech,C:\Users\Suhaan\Downloads\dev-clean\LibriSpeech\dev-clean\2902\9008\2902-9008-0012.flac,2902,9008,english,16000,16000,1,6.825,-28.962618369252993,-11.473802422900452,0.0,1.8526852727518417e-05,KEEP,ok
e509e70255f770a6,clean\english\e509e70255f770a6.wav,librispeech,C:\Users\Suhaan\Downloads\dev-clean\LibriSpeech\dev-clean\2902\9008\2902-9008-0013.flac,2902,9008,english,16000,16000,1,11.775,-30.974310460452283,-8.034141450607361,0.0,1.6318157577188686e-05,KEEP,ok
e983b317f20e9c5b,clean\english\e983b317f20e9c5b.wav,librispeech,C:\Users\Suhaan\Downloads\dev-clean\LibriSpeech\dev-clean\2902\9008\2902-9008-0014.flac,2902,9008,english,16000,16000,1,13.49,-28.813484361805997,-7.875832449232963,0.0,1.7751350242178887e-05,KEEP,ok
3b4e2cfd889fa6b2,clean\english\3b4e2cfd889fa6b2.wav,librispeech,C:\Users\Suhaan\Downloads\dev-clean\LibriSpeech\dev-clean\2902\9008\2902-9008-0015.flac,2902,9008,english,16000,16000,1,2.72,-26.199095219368033,-6.672698399204871,0.0,1.451688694942277e-05,KEEP,ok
d685f6ff770dade7,clean\english\d685f6ff770dade7.wav,librispeech,C:\Users\Suhaan\Downloads\dev-clean\LibriSpeech\dev-clean\2902\9008\2902-9008-0016.flac,2902,9008,english,16000,16000,1,3.365,-25.27755908639112,-6.271228691874903,0.0,1.847832572821062e-05,KEEP,ok
51ba2dd51c339ab3,clean\english\51ba2dd51c339ab3.wav,librispeech,C:\Users\Suhaan\Downloads\dev-clean\LibriSpeech\dev-clean\3081\166546\3081-166546-0000.flac,3081,166546,english,16000,16000,1,10.5,-35.43847946105895,-16.239731861528497,0.0,0.00044296737178228796,KEEP,ok
c5ef6fcf9a953bde,clean\english\c5ef6fcf9a953bde.wav,librispeech,C:\Users\Suhaan\Downloads\dev-clean\LibriSpeech\dev-clean\3081\166546\3081-166546-0001.flac,3081,166546,english,16000,16000,1,9.62,-34.583197054651684,-13.97886995826722,0.0,0.00045847645378671587,KEEP,ok
efad08a4059bdc14,clean\english\efad08a4059bdc14.wav,librispeech,C:\Users\Suhaan\Downloads\dev-clean\LibriSpeech\dev-clean\3081\166546\3081-166546-0002.flac,3081,166546,english,16000,16000,1,2.83,-33.46883021109131,-14.415056161354387,0.0,0.0012977492297068238,KEEP,ok
c27bab68a9be626e,clean\english\c27bab68a9be626e.wav,librispeech,C:\Users\Suhaan\Downloads\dev-clean\LibriSpeech\dev-clean\3081\166546\3081-166546-0003.flac,3081,166546,english,16000,16000,1,4.125,-32.32457464645445,-15.348340816591488,0.0,0.0012485601473599672,KEEP,ok
b2ae33548435f992,clean\english\b2ae33548435f992.wav,librispeech,C:\Users\Suhaan\Downloads\dev-clean\LibriSpeech\dev-clean\3081\166546\3081-166546-0004.flac,3081,166546,english,16000,16000,1,3.575,-32.85281935179539,-16.879987614944465,0.0,0.0013437167508527637,KEEP,ok
cb7dc1f8af1168cc,clean\english\cb7dc1f8af1168cc.wav,librispeech,C:\Users\Suhaan\Downloads\dev-clean\LibriSpeech\dev-clean\3081\166546\3081-166546-0005.flac,3081,166546,english,16000,16000,1,2.02,-39.3211731232227,-18.851566655184754,0.0,0.0012674841564148664,KEEP,ok
3cc69d1cc68b4465,clean\english\3cc69d1cc68b4465.wav,librispeech,C:\Users\Suhaan\Downloads\dev-clean\LibriSpeech\dev-clean\3081\166546\3081-166546-0006.flac,3081,166546,english,16000,16000,1,3.775,-30.805931238579983,-11.673740929570805,0.0,0.0012677982449531555,KEEP,ok
421839a11d22fd7b,clean\english\421839a11d22fd7b.wav,librispeech,C:\Users\Suhaan\Downloads\dev-clean\LibriSpeech\dev-clean\3081\166546\3081-166546-0007.flac,3081,166546,english,16000,16000,1,5.655,-30.913398508166722,-13.327984887804114,0.0,0.0012881271541118622,KEEP,ok
9915b9d8fb0984d5,clean\english\9915b9d8fb0984d5.wav,librispeech,C:\Users\Suhaan\Downloads\dev-clean\LibriSpeech\dev-clean\3081\166546\3081-166546-0008.flac,3081,166546,english,16000,16000,1,1.77,-33.08033089427934,-14.497666196272828,0.0,0.0012929484946653247,KEEP,ok
9869ea8e97550df5,clean\english\9869ea8e97550df5.wav,librispeech,C:\Users\Suhaan\Downloads\dev-clean\LibriSpeech\dev-clean\3081\166546\3081-166546-0009.flac,3081,166546,english,16000,16000,1,3.78,-29.435943776254177,-13.050874427934396,0.0,0.001297235256060958,KEEP,ok
5e39ea4b5b5fa781,clean\english\5e39ea4b5b5fa781.wav,librispeech,C:\Users\Suhaan\Downloads\dev-clean\LibriSpeech\dev-clean\3081\166546\3081-166546-0010.flac,3081,166546,english,16000,16000,1,5.205,-28.207151716916023,-10.650012927704385,0.0,0.0013010016409680247,KEEP,ok
519b404f9cdbd3c4,clean\english\519b404f9cdbd3c4.wav,librispeech,C:\Users\Suhaan\Downloads\dev-clean\LibriSpeech\dev-clean\3081\166546\3081-166546-0011.flac,3081,166546,english,16000,16000,1,6.21,-27.600198868350027,-9.346380158615009,0.0,0.0012953778496012092,KEEP,ok
e43b5e52bda73fc9,clean\english\e43b5e52bda73fc9.wav,librispeech,C:\Users\Suhaan\Downloads\dev-clean\LibriSpeech\dev-clean\3081\166546\3081-166546-0012.flac,3081,166546,english,16000,16000,1,6.72,-35.66968247078465,-15.84152735881467,0.0,0.0009036779520101845,KEEP,ok
2ccc4398d6524711,clean\english\2ccc4398d6524711.wav,librispeech,C:\Users\Suhaan\Downloads\dev-clean\LibriSpeech\dev-clean\3081\166546\3081-166546-0013.flac,3081,166546,english,16000,16000,1,5.22,-36.50102890233741,-16.96928433260115,0.0,0.000938973855227232,KEEP,ok
d996576c257c384b,clean\english\d996576c257c384b.wav,librispeech,C:\Users\Suhaan\Downloads\dev-clean\LibriSpeech\dev-clean\3081\166546\3081-166546-0014.flac,3081,166546,english,16000,16000,1,3.5200625,-36.24078963198909,-15.546076924953162,0.0,0.0009274778421968222,KEEP,ok
c139f1b8dfa9ac4c,clean\english\c139f1b8dfa9ac4c.wav,librispeech,C:\Users\Suhaan\Downloads\dev-clean\LibriSpeech\dev-clean\3081\166546\3081-166546-0015.flac,3081,166546,english,16000,16000,1,2.72,-34.39248210590392,-13.431890246731138,0.0,0.0008786986581981182,KEEP,ok
1f243238b467e2e1,clean\english\1f243238b467e2e1.wav,librispeech,C:\Users\Suhaan\Downloads\dev-clean\LibriSpeech\dev-clean\3081\166546\3081-166546-0016.flac,3081,166546,english,16000,16000,1,7.685,-34.55640012648329,-14.831807651660618,0.0,0.0009168434771709144,KEEP,ok
5d4b733307fe10c0,clean\english\5d4b733307fe10c0.wav,librispeech,C:\Users\Suhaan\Downloads\dev-clean\LibriSpeech\dev-clean\3081\166546\3081-166546-0017.flac,3081,166546,english,16000,16000,1,4.005,-35.31589953620249,-18.759162702449853,0.0,0.0009015039540827274,KEEP,ok
1f0c8850a9669ac6,clean\english\1f0c8850a9669ac6.wav,librispeech,C:\Users\Suhaan\Downloads\dev-clean\LibriSpeech\dev-clean\3081\166546\3081-166546-0018.flac,3081,166546,english,16000,16000,1,1.775,-31.160254601412383,-12.949048492295335,0.0,0.0009331802721135318,KEEP,ok
81f7e30aee8cf458,clean\english\81f7e30aee8cf458.wav,librispeech,C:\Users\Suhaan\Downloads\dev-clean\LibriSpeech\dev-clean\3081\166546\3081-166546-0019.flac,3081,166546,english,16000,16000,1,3.9,-35.631363090981,-14.588174494343274,0.0,0.0009211041615344584,KEEP,ok
9420f95fa25bab2f,clean\english\9420f95fa25bab2f.wav,librispeech,C:\Users\Suhaan\Downloads\dev-clean\LibriSpeech\dev-clean\3081\166546\3081-166546-0020.flac,3081,166546,english,16000,16000,1,5.34,-34.55877693759882,-15.608204598519942,0.0,0.0009088708902709186,KEEP,ok
a8247528b32fb1f3,clean\english\a8247528b32fb1f3.wav,librispeech,C:\Users\Suhaan\Downloads\dev-clean\LibriSpeech\dev-clean\3081\166546\3081-166546-0021.flac,3081,166546,english,16000,16000,1,2.91,-36.51756878041319,-15.520716645220453,0.0,0.000951550027821213,KEEP,ok
1b43ee845a5a5c07,clean\english\1b43ee845a5a5c07.wav,librispeech,C:\Users\Suhaan\Downloads\dev-clean\LibriSpeech\dev-clean\3081\166546\3081-166546-0022.flac,3081,166546,english,16000,16000,1,10.595,-33.17170507459113,-10.839975818695663,0.0,0.0012959170853719115,KEEP,ok
b8805a0d5de99071,clean\english\b8805a0d5de99071.wav,librispeech,C:\Users\Suhaan\Downloads\dev-clean\LibriSpeech\dev-clean\3081\166546\3081-166546-0023.flac,3081,166546,english,16000,16000,1,10.285,-31.632806828729887,-6.597022487548068,0.0,0.0012891514925286174,KEEP,ok
1bee932a222525fb,clean\english\1bee932a222525fb.wav,librispeech,C:\Users\Suhaan\Downloads\dev-clean\LibriSpeech\dev-clean\3081\166546\3081-166546-0024.flac,3081,166546,english,16000,16000,1,4.335,-33.28278167393948,-10.841822701466405,0.0,0.0012999085010960698,KEEP,ok
77722de19f1788a9,clean\english\77722de19f1788a9.wav,librispeech,C:\Users\Suhaan\Downloads\dev-clean\LibriSpeech\dev-clean\3081\166546\3081-166546-0025.flac,3081,166546,english,16000,16000,1,2.615,-33.57821855039489,-16.74409566065352,0.0,0.0012800884433090687,KEEP,ok
a7172d8d705616c8,clean\english\a7172d8d705616c8.wav,librispeech,C:\Users\Suhaan\Downloads\dev-clean\LibriSpeech\dev-clean\3081\166546\3081-166546-0026.flac,3081,166546,english,16000,16000,1,9.81,-33.17041933363902,-11.808948545574808,0.0,0.0012954447884112597,KEEP,ok
5202ea63ba335a62,clean\english\5202ea63ba335a62.wav,librispeech,C:\Users\Suhaan\Downloads\dev-clean\LibriSpeech\dev-clean\3081\166546\3081-166546-0027.flac,3081,166546,english,16000,16000,1,3.975,-35.18954202804509,-15.286497268482687,0.0,0.0009156118030659854,KEEP,ok
7c7ed7f7029db3d6,clean\english\7c7ed7f7029db3d6.wav,librispeech,C:\Users\Suhaan\Downloads\dev-clean\LibriSpeech\dev-clean\3081\166546\3081-166546-0028.flac,3081,166546,english,16000,16000,1,3.98,-36.513841262275555,-16.622865777761728,0.0,0.0009315701317973435,KEEP,ok
5a6af9db1c0c162c,clean\english\5a6af9db1c0c162c.wav,librispeech,C:\Users\Suhaan\Downloads\dev-clean\LibriSpeech\dev-clean\3081\166546\3081-166546-0029.flac,3081,166546,english,16000,16000,1,6.885,-35.56530791903349,-14.04939537840475,0.0,0.0009103011689148843,KEEP,ok
78cf2fc9ad0c7482,clean\english\78cf2fc9ad0c7482.wav,librispeech,C:\Users\Suhaan\Downloads\dev-clean\LibriSpeech\dev-clean\3081\166546\3081-166546-0030.flac,3081,166546,english,16000,16000,1,13.985,-32.50221299498123,-6.201662941864835,0.0,0.0011416651541367173,KEEP,ok
ae0ea00bb6ec9cda,clean\english\ae0ea00bb6ec9cda.wav,librispeech,C:\Users\Suhaan\Downloads\dev-clean\LibriSpeech\dev-clean\3081\166546\3081-166546-0031.flac,3081,166546,english,16000,16000,1,10.55,-31.50099125434023,-10.428818036722094,0.0,0.0012929531512781978,KEEP,ok
2f9ce3e71db1ab37,clean\english\2f9ce3e71db1ab37.wav,librispeech,C:\Users\Suhaan\Downloads\dev-clean\LibriSpeech\dev-clean\3081\166546\3081-166546-0032.flac,3081,166546,english,16000,16000,1,3.69,-32.19215982880337,-13.590116697317395,0.0,0.0013475201558321714,KEEP,ok
40d36e1aab90c8a4,clean\english\40d36e1aab90c8a4.wav,librispeech,C:\Users\Suhaan\Downloads\dev-clean\LibriSpeech\dev-clean\3081\166546\3081-166546-0033.flac,3081,166546,english,16000,16000,1,2.73,-30.303084070507147,-11.200054487640447,0.0,0.001306762918829918,KEEP,ok
1854588ab404cbec,clean\english\1854588ab404cbec.wav,librispeech,C:\Users\Suhaan\Downloads\dev-clean\LibriSpeech\dev-clean\3081\166546\3081-166546-0034.flac,3081,166546,english,16000,16000,1,4.965,-31.361047195196434,-11.338783322441214,0.0,0.0012957463040947914,KEEP,ok
61eef669ad920773,clean\english\61eef669ad920773.wav,librispeech,C:\Users\Suhaan\Downloads\dev-clean\LibriSpeech\dev-clean\3081\166546\3081-166546-0035.flac,3081,166546,english,16000,16000,1,2.37,-32.51853802593669,-15.020992240066596,0.0,0.0013112989254295826,KEEP,ok
a3cf1795f55ea805,clean\english\a3cf1795f55ea805.wav,librispeech,C:\Users\Suhaan\Downloads\dev-clean\LibriSpeech\dev-clean\3081\166546\3081-166546-0036.flac,3081,166546,english,16000,16000,1,2.74,-35.445562482066954,-15.334387577224469,0.0,0.0006514702690765262,KEEP,ok
86bc8725d3673e1c,clean\english\86bc8725d3673e1c.wav,librispeech,C:\Users\Suhaan\Downloads\dev-clean\LibriSpeech\dev-clean\3081\166546\3081-166546-0037.flac,3081,166546,english,16000,16000,1,6.53,-38.40969827415564,-19.425156483893705,0.0,0.0006509363302029669,KEEP,ok
f0e941d2489fa3ca,clean\english\f0e941d2489fa3ca.wav,librispeech,C:\Users\Suhaan\Downloads\dev-clean\LibriSpeech\dev-clean\3081\166546\3081-166546-0038.flac,3081,166546,english,16000,16000,1,3.085,-36.56490600857101,-15.795665492910786,0.0,0.0009584473446011543,KEEP,ok
36d01e0bdf9a2bb5,clean\english\36d01e0bdf9a2bb5.wav,librispeech,C:\Users\Suhaan\Downloads\dev-clean\LibriSpeech\dev-clean\3081\166546\3081-166546-0039.flac,3081,166546,english,16000,16000,1,4.2,-33.5137599901308,-16.166114932345454,0.0,0.0009461966110393405,KEEP,ok
8a87f31318e1c5ed,clean\english\8a87f31318e1c5ed.wav,librispeech,C:\Users\Suhaan\Downloads\dev-clean\LibriSpeech\dev-clean\3081\166546\3081-166546-0040.flac,3081,166546,english,16000,16000,1,4.895,-34.03417243867752,-16.513944776411225,0.0,0.0009264520485885441,KEEP,ok
8595674501209035,clean\english\8595674501209035.wav,librispeech,C:\Users\Suhaan\Downloads\dev-clean\LibriSpeech\dev-clean\3081\166546\3081-166546-0041.flac,3081,166546,english,16000,16000,1,2.735,-34.34443116555664,-17.14877076605211,0.0,0.0009155510342679918,KEEP,ok
7b82e212fa7a94e5,clean\english\7b82e212fa7a94e5.wav,librispeech,C:\Users\Suhaan\Downloads\dev-clean\LibriSpeech\dev-clean\3081\166546\3081-166546-0042.flac,3081,166546,english,16000,16000,1,5.195,-34.82724326555203,-14.897849202174458,0.0,0.0009060941520147026,KEEP,ok
0db9bc7986a6e92e,clean\english\0db9bc7986a6e92e.wav,librispeech,C:\Users\Suhaan\Downloads\dev-clean\LibriSpeech\dev-clean\3081\166546\3081-166546-0043.flac,3081,166546,english,16000,16000,1,5.625,-34.739596509277334,-12.192002166347983,0.0,0.0009252288728021085,KEEP,ok
df664a59e912a6c6,clean\english\df664a59e912a6c6.wav,librispeech,C:\Users\Suhaan\Downloads\dev-clean\LibriSpeech\dev-clean\3081\166546\3081-166546-0044.flac,3081,166546,english,16000,16000,1,4.495,-36.3620205505024,-18.416728515992396,0.0,0.0009230608120560646,KEEP,ok
32b09c68f9c8316d,clean\english\32b09c68f9c8316d.wav,librispeech,C:\Users\Suhaan\Downloads\dev-clean\LibriSpeech\dev-clean\3081\166546\3081-166546-0045.flac,3081,166546,english,16000,16000,1,9.485,-34.73751782382257,-13.78879914337235,0.0,0.0009171445271931589,KEEP,ok
27956abd23c7b755,clean\english\27956abd23c7b755.wav,librispeech,C:\Users\Suhaan\Downloads\dev-clean\LibriSpeech\dev-clean\3081\166546\3081-166546-0046.flac,3081,166546,english,16000,16000,1,3.98,-35.24785175838751,-17.173623113874026,0.0,0.0009064732003025711,KEEP,ok
9577a958bfeae43a,clean\english\9577a958bfeae43a.wav,librispeech,C:\Users\Suhaan\Downloads\dev-clean\LibriSpeech\dev-clean\3081\166546\3081-166546-0047.flac,3081,166546,english,16000,16000,1,4.76,-35.425535843239714,-16.999255083538145,0.0,0.0009159464971162379,KEEP,ok
a7f17258bdb99b1d,clean\english\a7f17258bdb99b1d.wav,librispeech,C:\Users\Suhaan\Downloads\dev-clean\LibriSpeech\dev-clean\3081\166546\3081-166546-0048.flac,3081,166546,english,16000,16000,1,4.81,-36.20164660070654,-17.35938323572084,0.0,0.0009252250893041492,KEEP,ok
edb6e071c1c6c055,clean\english\edb6e071c1c6c055.wav,librispeech,C:\Users\Suhaan\Downloads\dev-clean\LibriSpeech\dev-clean\3081\166546\3081-166546-0049.flac,3081,166546,english,16000,16000,1,3.495,-34.566848805828066,-17.059508624188165,0.0,0.000906769884750247,KEEP,ok
9704a5078968ac57,clean\english\9704a5078968ac57.wav,librispeech,C:\Users\Suhaan\Downloads\dev-clean\LibriSpeech\dev-clean\3081\166546\3081-166546-0050.flac,3081,166546,english,16000,16000,1,3.76,-37.3491157235809,-17.625501263942354,0.0,0.0009203007793985307,KEEP,ok
b1e0deb05281f64a,clean\english\b1e0deb05281f64a.wav,librispeech,C:\Users\Suhaan\Downloads\dev-clean\LibriSpeech\dev-clean\3081\166546\3081-166546-0051.flac,3081,166546,english,16000,16000,1,11.23,-33.20670637501299,-12.207119332636934,0.0,0.0013037030585110188,KEEP,ok
c4163d30da6e7854,clean\english\c4163d30da6e7854.wav,librispeech,C:\Users\Suhaan\Downloads\dev-clean\LibriSpeech\dev-clean\3081\166546\3081-166546-0052.flac,3081,166546,english,16000,16000,1,3.41,-32.729693311478954,-14.146130183964535,0.0,0.0009493556572124362,KEEP,ok
9ec793c19dab6d24,clean\english\9ec793c19dab6d24.wav,librispeech,C:\Users\Suhaan\Downloads\dev-clean\LibriSpeech\dev-clean\3081\166546\3081-166546-0053.flac,3081,166546,english,16000,16000,1,2.675,-34.930278471741175,-15.440371396260685,0.0,0.0009042394231073558,KEEP,ok
f90417eb318c17d4,clean\english\f90417eb318c17d4.wav,librispeech,C:\Users\Suhaan\Downloads\dev-clean\LibriSpeech\dev-clean\3081\166546\3081-166546-0054.flac,3081,166546,english,16000,16000,1,3.4450625,-31.976209815331767,-15.624206610485258,0.0,0.0008718368480913341,KEEP,ok
415b94fb97d541ea,clean\english\415b94fb97d541ea.wav,librispeech,C:\Users\Suhaan\Downloads\dev-clean\LibriSpeech\dev-clean\3081\166546\3081-166546-0055.flac,3081,166546,english,16000,16000,1,3.875,-33.76376997162343,-14.42063208171154,0.0,0.000863785797264427,KEEP,ok
f27d6ea7f0d6a204,clean\english\f27d6ea7f0d6a204.wav,librispeech,C:\Users\Suhaan\Downloads\dev-clean\LibriSpeech\dev-clean\3081\166546\3081-166546-0056.flac,3081,166546,english,16000,16000,1,4.73,-34.41407860974641,-13.808269874767285,0.0,0.0009084112825803459,KEEP,ok
be6a3c5b98370fab,clean\english\be6a3c5b98370fab.wav,librispeech,C:\Users\Suhaan\Downloads\dev-clean\LibriSpeech\dev-clean\3081\166546\3081-166546-0057.flac,3081,166546,english,16000,16000,1,2.67,-37.20308970055613,-20.89784899484887,0.0,0.000914052885491401,KEEP,ok
5dbfc6b690c4aab3,clean\english\5dbfc6b690c4aab3.wav,librispeech,C:\Users\Suhaan\Downloads\dev-clean\LibriSpeech\dev-clean\3081\166546\3081-166546-0058.flac,3081,166546,english,16000,16000,1,4.435,-32.06255840271477,-15.451355270448898,0.0,0.0008683106862008572,KEEP,ok
99bf97314b7697f2,clean\english\99bf97314b7697f2.wav,librispeech,C:\Users\Suhaan\Downloads\dev-clean\LibriSpeech\dev-clean\3081\166546\3081-166546-0059.flac,3081,166546,english,16000,16000,1,5.92,-34.36505947022473,-13.722923242573861,0.0,0.0009024877799674869,KEEP,ok
5105cdd52b28f1f7,clean\english\5105cdd52b28f1f7.wav,librispeech,C:\Users\Suhaan\Downloads\dev-clean\LibriSpeech\dev-clean\3081\166546\3081-166546-0060.flac,3081,166546,english,16000,16000,1,2.74,-38.40791106161216,-19.547582958330917,0.0,0.000910994247533381,KEEP,ok
48f135f72684d4de,clean\english\48f135f72684d4de.wav,librispeech,C:\Users\Suhaan\Downloads\dev-clean\LibriSpeech\dev-clean\3081\166546\3081-166546-0061.flac,3081,166546,english,16000,16000,1,5.285,-32.38260310407698,-9.508825978923523,0.0,0.0009342215489596128,KEEP,ok
ae26cb2739f82501,clean\english\ae26cb2739f82501.wav,librispeech,C:\Users\Suhaan\Downloads\dev-clean\LibriSpeech\dev-clean\3081\166546\3081-166546-0062.flac,3081,166546,english,16000,16000,1,8.07,-31.75033196001533,-7.136924702964821,0.0,0.0009109305683523417,KEEP,ok
993d2e5a29366b83,clean\english\993d2e5a29366b83.wav,librispeech,C:\Users\Suhaan\Downloads\dev-clean\LibriSpeech\dev-clean\3081\166546\3081-166546-0063.flac,3081,166546,english,16000,16000,1,1.74,-35.90412489522124,-19.922941714485784,0.0,0.0009487108327448368,KEEP,ok
80297d26c533873e,clean\english\80297d26c533873e.wav,librispeech,C:\Users\Suhaan\Downloads\dev-clean\LibriSpeech\dev-clean\3081\166546\3081-166546-0064.flac,3081,166546,english,16000,16000,1,3.93,-35.77533617372196,-15.838243468553221,0.0,0.000910226081032306,KEEP,ok
05b78a2ee5677d65,clean\english\05b78a2ee5677d65.wav,librispeech,C:\Users\Suhaan\Downloads\dev-clean\LibriSpeech\dev-clean\3081\166546\3081-166546-0065.flac,3081,166546,english,16000,16000,1,3.28,-35.346467875244755,-18.289540785459394,0.0,0.0009258810896426439,KEEP,ok
ef3c8c5cea2c9e45,clean\english\ef3c8c5cea2c9e45.wav,librispeech,C:\Users\Suhaan\Downloads\dev-clean\LibriSpeech\dev-clean\3081\166546\3081-166546-0066.flac,3081,166546,english,16000,16000,1,4.7,-35.60591001631012,-18.348517252510565,0.0,0.0009013200178742409,KEEP,ok
d561d239e392fa6d,clean\english\d561d239e392fa6d.wav,librispeech,C:\Users\Suhaan\Downloads\dev-clean\LibriSpeech\dev-clean\3081\166546\3081-166546-0067.flac,3081,166546,english,16000,16000,1,7.955,-33.20579308741933,-6.382710992122382,0.0,0.0008136775577440858,KEEP,ok
088e5fb883291fca,clean\english\088e5fb883291fca.wav,librispeech,C:\Users\Suhaan\Downloads\dev-clean\LibriSpeech\dev-clean\3081\166546\3081-166546-0068.flac,3081,166546,english,16000,16000,1,2.53,-35.54620558134839,-15.536558140835508,0.0,0.0008399254875257611,KEEP,ok
b6454313805ad129,clean\english\b6454313805ad129.wav,librispeech,C:\Users\Suhaan\Downloads\dev-clean\LibriSpeech\dev-clean\3081\166546\3081-166546-0069.flac,3081,166546,english,16000,16000,1,3.71,-35.28697594810243,-17.240888885904337,0.0,0.0008394986507482827,KEEP,ok
891da30c993131f3,clean\english\891da30c993131f3.wav,librispeech,C:\Users\Suhaan\Downloads\dev-clean\LibriSpeech\dev-clean\3081\166546\3081-166546-0070.flac,3081,166546,english,16000,16000,1,11.735,-37.17457200014327,-14.434587562923893,0.0,0.000818005355540663,KEEP,ok
b71419f58e37a23a,clean\english\b71419f58e37a23a.wav,librispeech,C:\Users\Suhaan\Downloads\dev-clean\LibriSpeech\dev-clean\3081\166546\3081-166546-0071.flac,3081,166546,english,16000,16000,1,6.345,-38.13629690713659,-19.279998739736854,0.0,0.0008062472334131598,KEEP,ok
f6b50f0febebf6e5,clean\english\f6b50f0febebf6e5.wav,librispeech,C:\Users\Suhaan\Downloads\dev-clean\LibriSpeech\dev-clean\3081\166546\3081-166546-0072.flac,3081,166546,english,16000,16000,1,3.23,-36.55737245445475,-16.917083078708092,0.0,0.0007572339382022619,KEEP,ok
f99edfa40db5d697,clean\english\f99edfa40db5d697.wav,librispeech,C:\Users\Suhaan\Downloads\dev-clean\LibriSpeech\dev-clean\3081\166546\3081-166546-0073.flac,3081,166546,english,16000,16000,1,1.445,-33.740391071944245,-19.037004121563736,0.0,0.0010216524824500084,KEEP,ok
eb185ac5c2d153ea,clean\english\eb185ac5c2d153ea.wav,librispeech,C:\Users\Suhaan\Downloads\dev-clean\LibriSpeech\dev-clean\3081\166546\3081-166546-0074.flac,3081,166546,english,16000,16000,1,11.12,-36.3801985941679,-14.884600660203686,0.0,0.0009507534559816122,KEEP,ok
3710c368962fb175,clean\english\3710c368962fb175.wav,librispeech,C:\Users\Suhaan\Downloads\dev-clean\LibriSpeech\dev-clean\3081\166546\3081-166546-0075.flac,3081,166546,english,16000,16000,1,2.475,-38.45613538014963,-20.36487508511527,0.0,0.0006462621386162937,KEEP,ok
bd29c8a2ac96bcc7,clean\english\bd29c8a2ac96bcc7.wav,librispeech,C:\Users\Suhaan\Downloads\dev-clean\LibriSpeech\dev-clean\3081\166546\3081-166546-0076.flac,3081,166546,english,16000,16000,1,1.94,-41.15912331986941,-23.300161568493138,0.0,0.0006345650763250887,KEEP,ok
b027432282b31398,clean\english\b027432282b31398.wav,librispeech,C:\Users\Suhaan\Downloads\dev-clean\LibriSpeech\dev-clean\3081\166546\3081-166546-0077.flac,3081,166546,english,16000,16000,1,10.425,-40.84357063842977,-19.108473720936512,0.0,0.0006495130364783108,KEEP,ok
7f1f4b32e1be1779,clean\english\7f1f4b32e1be1779.wav,librispeech,C:\Users\Suhaan\Downloads\dev-clean\LibriSpeech\dev-clean\3081\166546\3081-166546-0078.flac,3081,166546,english,16000,16000,1,4.33,-41.958608797546965,-23.725110397425336,0.0,0.0006343828281387687,KEEP,ok
e2dd486f08e453c1,clean\english\e2dd486f08e453c1.wav,librispeech,C:\Users\Suhaan\Downloads\dev-clean\LibriSpeech\dev-clean\3081\166546\3081-166546-0079.flac,3081,166546,english,16000,16000,1,8.255,-36.23685462303912,-13.840818401343466,0.0,0.0009141433401964605,KEEP,ok
68e144acec739ff6,clean\english\68e144acec739ff6.wav,librispeech,C:\Users\Suhaan\Downloads\dev-clean\LibriSpeech\dev-clean\3081\166546\3081-166546-0080.flac,3081,166546,english,16000,16000,1,4.315,-36.58815230803299,-18.087284030896907,0.0,0.0009766756556928158,KEEP,ok
3d7d9822af115dce,clean\english\3d7d9822af115dce.wav,librispeech,C:\Users\Suhaan\Downloads\dev-clean\LibriSpeech\dev-clean\3081\166546\3081-166546-0081.flac,3081,166546,english,16000,16000,1,3.055,-38.6369186175165,-21.481381000864133,0.0,0.0008850796730257571,KEEP,ok
6af534e39de58ec6,clean\english\6af534e39de58ec6.wav,librispeech,C:\Users\Suhaan\Downloads\dev-clean\LibriSpeech\dev-clean\3081\166546\3081-166546-0082.flac,3081,166546,english,16000,16000,1,7.66,-36.14134661042891,-15.277258597548153,0.0,0.0009046175982803106,KEEP,ok
12403a7323b06bc6,clean\english\12403a7323b06bc6.wav,librispeech,C:\Users\Suhaan\Downloads\dev-clean\LibriSpeech\dev-clean\3081\166546\3081-166546-0083.flac,3081,166546,english,16000,16000,1,2.865,-41.387378999160916,-21.031138919476213,0.0,0.0007267404580488801,KEEP,ok
cb1a4260062ce31c,clean\english\cb1a4260062ce31c.wav,librispeech,C:\Users\Suhaan\Downloads\dev-clean\LibriSpeech\dev-clean\3081\166546\3081-166546-0084.flac,3081,166546,english,16000,16000,1,3.35,-39.054163839549744,-22.188419799922055,0.0,0.0007496791076846421,KEEP,ok
97922d824e147894,clean\english\97922d824e147894.wav,librispeech,C:\Users\Suhaan\Downloads\dev-clean\LibriSpeech\dev-clean\3081\166546\3081-166546-0085.flac,3081,166546,english,16000,16000,1,11.285,-38.395853139164856,-17.771930405859845,0.0,0.0007276598480530083,KEEP,ok
29e7065b3c9ddd3e,clean\english\29e7065b3c9ddd3e.wav,librispeech,C:\Users\Suhaan\Downloads\dev-clean\LibriSpeech\dev-clean\3081\166546\3081-166546-0086.flac,3081,166546,english,16000,16000,1,3.68,-38.40305554542015,-19.545067132205276,0.0,0.0007193715428002179,KEEP,ok
926becda071af4b0,clean\english\926becda071af4b0.wav,librispeech,C:\Users\Suhaan\Downloads\dev-clean\LibriSpeech\dev-clean\3081\166546\3081-166546-0087.flac,3081,166546,english,16000,16000,1,9.625,-40.503210113363856,-20.309761387270555,0.0,0.0007227057940326631,KEEP,ok
0bb61c7adfd89d82,clean\english\0bb61c7adfd89d82.wav,librispeech,C:\Users\Suhaan\Downloads\dev-clean\LibriSpeech\dev-clean\3081\166546\3081-166546-0088.flac,3081,166546,english,16000,16000,1,10.81,-36.208169389019574,-13.52446721892565,0.0,0.0008117375546135008,KEEP,ok
ac725e7af2be5807,clean\english\ac725e7af2be5807.wav,librispeech,C:\Users\Suhaan\Downloads\dev-clean\LibriSpeech\dev-clean\3081\166546\3081-166546-0089.flac,3081,166546,english,16000,16000,1,12.52,-36.844685555819645,-18.25261185054036,0.0,0.0007765247137285769,KEEP,ok
980184f7f0e7f451,clean\english\980184f7f0e7f451.wav,librispeech,C:\Users\Suhaan\Downloads\dev-clean\LibriSpeech\dev-clean\3536\23268\3536-23268-0000.flac,3536,23268,english,16000,16000,1,19.89,-23.290003880157656,-0.7903475423482098,0.0,9.978924208553508e-05,KEEP,ok
228660016a6e63b0,clean\english\228660016a6e63b0.wav,librispeech,C:\Users\Suhaan\Downloads\dev-clean\LibriSpeech\dev-clean\3536\23268\3536-23268-0001.flac,3536,23268,english,16000,16000,1,15.905,-23.284947043817873,-0.8952039490065604,0.0,8.583584713051096e-05,KEEP,ok
3c4ac02e152acad4,clean\english\3c4ac02e152acad4.wav,librispeech,C:\Users\Suhaan\Downloads\dev-clean\LibriSpeech\dev-clean\3536\23268\3536-23268-0002.flac,3536,23268,english,16000,16000,1,10.495,-25.366874811654228,-5.172720207576505,0.0,9.754920756677166e-05,KEEP,ok
cf504b2b3675f17a,clean\english\cf504b2b3675f17a.wav,librispeech,C:\Users\Suhaan\Downloads\dev-clean\LibriSpeech\dev-clean\3536\23268\3536-23268-0003.flac,3536,23268,english,16000,16000,1,7.995,-26.0154477896601,-4.291004943749378,0.0,0.00011162725422764197,KEEP,ok
82cc1cd68b6d9fc4,clean\english\82cc1cd68b6d9fc4.wav,librispeech,C:\Users\Suhaan\Downloads\dev-clean\LibriSpeech\dev-clean\3536\23268\3536-23268-0004.flac,3536,23268,english,16000,16000,1,3.13,-25.776084764068106,-2.4101639649271704,0.0,8.023234840948135e-05,KEEP,ok
0ee00ab1571a0eb7,clean\english\0ee00ab1571a0eb7.wav,librispeech,C:\Users\Suhaan\Downloads\dev-clean\LibriSpeech\dev-clean\3536\23268\3536-23268-0005.flac,3536,23268,english,16000,16000,1,4.93,-24.059413790858684,-0.3541004309597272,0.0,0.00013200516696088016,KEEP,ok
364ec8c7b2b3d4ce,clean\english\364ec8c7b2b3d4ce.wav,librispeech,C:\Users\Suhaan\Downloads\dev-clean\LibriSpeech\dev-clean\3536\23268\3536-23268-0006.flac,3536,23268,english,16000,16000,1,5.3,-27.480057037926837,-7.304926123938201,0.0,9.894424874801189e-05,KEEP,ok
b3943df67a40f016,clean\english\b3943df67a40f016.wav,librispeech,C:\Users\Suhaan\Downloads\dev-clean\LibriSpeech\dev-clean\3536\23268\3536-23268-0007.flac,3536,23268,english,16000,16000,1,9.21,-26.582068768580033,-7.033848219555242,0.0,9.975909779313952e-05,KEEP,ok
fb1f0bf5bf29636f,clean\english\fb1f0bf5bf29636f.wav,librispeech,C:\Users\Suhaan\Downloads\dev-clean\LibriSpeech\dev-clean\3536\23268\3536-23268-0008.flac,3536,23268,english,16000,16000,1,9.29,-25.576096391493138,-3.466074226525034,0.0,7.224642467917874e-05,KEEP,ok
c58fc395cbd2eb3d,clean\english\c58fc395cbd2eb3d.wav,librispeech,C:\Users\Suhaan\Downloads\dev-clean\LibriSpeech\dev-clean\3536\23268\3536-23268-0009.flac,3536,23268,english,16000,16000,1,4.315,-22.34522211743428,-0.4834461251508094,0.0,9.856549877440557e-05,KEEP,ok
bc545d466b337e53,clean\english\bc545d466b337e53.wav,librispeech,C:\Users\Suhaan\Downloads\dev-clean\LibriSpeech\dev-clean\3536\23268\3536-23268-0010.flac,3536,23268,english,16000,16000,1,3.905,-23.93169086048595,-0.13113545452107053,0.0,9.044984471984208e-05,KEEP,ok
54e41e5d7cb3dde3,clean\english\54e41e5d7cb3dde3.wav,librispeech,C:\Users\Suhaan\Downloads\dev-clean\LibriSpeech\dev-clean\3536\23268\3536-23268-0011.flac,3536,23268,english,16000,16000,1,12.795,-26.12831988980389,-5.767211934613052,0.0,9.363956633023918e-05,KEEP,ok
ece549331d275422,clean\english\ece549331d275422.wav,librispeech,C:\Users\Suhaan\Downloads\dev-clean\LibriSpeech\dev-clean\3536\23268\3536-23268-0012.flac,3536,23268,english,16000,16000,1,7.255,-26.188903086272603,-4.695155413492007,0.0,0.00010044694499811158,KEEP,ok
a2f0beebe3546b41,clean\english\a2f0beebe3546b41.wav,librispeech,C:\Users\Suhaan\Downloads\dev-clean\LibriSpeech\dev-clean\3536\23268\3536-23268-0013.flac,3536,23268,english,16000,16000,1,8.025,-25.97454567702688,-4.168924675931244,0.0,8.079932740656659e-05,KEEP,ok
b837a26c0635c275,clean\english\b837a26c0635c275.wav,librispeech,C:\Users\Suhaan\Downloads\dev-clean\LibriSpeech\dev-clean\3536\23268\3536-23268-0014.flac,3536,23268,english,16000,16000,1,3.5,-24.56701068510799,-7.043385293956234,0.0,0.00015658242045901716,KEEP,ok
6f6efa21e0a0b4e8,clean\english\6f6efa21e0a0b4e8.wav,librispeech,C:\Users\Suhaan\Downloads\dev-clean\LibriSpeech\dev-clean\3536\23268\3536-23268-0015.flac,3536,23268,english,16000,16000,1,3.95,-23.8047499231795,-3.4534413514494107,0.0,8.908090967452154e-05,KEEP,ok
96173d64f7ad03a4,clean\english\96173d64f7ad03a4.wav,librispeech,C:\Users\Suhaan\Downloads\dev-clean\LibriSpeech\dev-clean\3536\23268\3536-23268-0016.flac,3536,23268,english,16000,16000,1,11.32,-25.187364895165956,-2.1577817094671077,0.0,6.850094359833747e-05,KEEP,ok
28b1bd4aac56a9e4,clean\english\28b1bd4aac56a9e4.wav,librispeech,C:\Users\Suhaan\Downloads\dev-clean\LibriSpeech\dev-clean\3536\23268\3536-23268-0017.flac,3536,23268,english,16000,16000,1,16.98,-25.20396235933941,-2.1904661869354247,0.0,8.597211126470938e-05,KEEP,ok
1d6fd46dccf003c2,clean\english\1d6fd46dccf003c2.wav,librispeech,C:\Users\Suhaan\Downloads\dev-clean\LibriSpeech\dev-clean\3536\23268\3536-23268-0018.flac,3536,23268,english,16000,16000,1,7.585,-25.073940838872634,-1.0263644850352263,0.0,8.506800077157095e-05,KEEP,ok
1d3a39b2461f0dd0,clean\english\1d3a39b2461f0dd0.wav,librispeech,C:\Users\Suhaan\Downloads\dev-clean\LibriSpeech\dev-clean\3536\23268\3536-23268-0019.flac,3536,23268,english,16000,16000,1,10.165,-25.856211839450246,-5.357388574517631,0.0,8.45806353027001e-05,KEEP,ok
9928ac0d12e2447b,clean\english\9928ac0d12e2447b.wav,librispeech,C:\Users\Suhaan\Downloads\dev-clean\LibriSpeech\dev-clean\3536\23268\3536-23268-0020.flac,3536,23268,english,16000,16000,1,10.27,-24.778587717448694,-1.3348723010927608,0.0,8.800380601314828e-05,KEEP,ok
a2875c730c2040bb,clean\english\a2875c730c2040bb.wav,librispeech,C:\Users\Suhaan\Downloads\dev-clean\LibriSpeech\dev-clean\3536\23268\3536-23268-0021.flac,3536,23268,english,16000,16000,1,13.9,-23.437486694360462,-1.2060082755977994,0.0,0.0001013342771329917,KEEP,ok
417cb5bce4ee9502,clean\english\417cb5bce4ee9502.wav,librispeech,C:\Users\Suhaan\Downloads\dev-clean\LibriSpeech\dev-clean\3536\23268\3536-23268-0022.flac,3536,23268,english,16000,16000,1,6.115,-24.33035810477374,-5.3269891555359115,0.0,0.00010515869507798925,KEEP,ok
a15470cb5e439dfc,clean\english\a15470cb5e439dfc.wav,librispeech,C:\Users\Suhaan\Downloads\dev-clean\LibriSpeech\dev-clean\3536\23268\3536-23268-0023.flac,3536,23268,english,16000,16000,1,12.545,-24.856498848289807,-3.2368282850215744,0.0,0.00010248900798615068,KEEP,ok
6608ef70be0ddcaa,clean\english\6608ef70be0ddcaa.wav,librispeech,C:\Users\Suhaan\Downloads\dev-clean\LibriSpeech\dev-clean\3536\23268\3536-23268-0024.flac,3536,23268,english,16000,16000,1,6.35,-25.54919607383802,-4.86566619637861,0.0,7.819438906153664e-05,KEEP,ok
c7d4213cb7c41ef5,clean\english\c7d4213cb7c41ef5.wav,librispeech,C:\Users\Suhaan\Downloads\dev-clean\LibriSpeech\dev-clean\3536\23268\3536-23268-0025.flac,3536,23268,english,16000,16000,1,5.015,-24.69685822583331,-5.533027444916019,0.0,8.995003008749336e-05,KEEP,ok
48fd0fc8dc9f38ca,clean\english\48fd0fc8dc9f38ca.wav,librispeech,C:\Users\Suhaan\Downloads\dev-clean\LibriSpeech\dev-clean\3536\23268\3536-23268-0026.flac,3536,23268,english,16000,16000,1,8.825,-25.01220790778943,-5.511002355655002,0.0,9.828043403103948e-05,KEEP,ok
c8fde7752bf19eb4,clean\english\c8fde7752bf19eb4.wav,librispeech,C:\Users\Suhaan\Downloads\dev-clean\LibriSpeech\dev-clean\3536\23268\3536-23268-0027.flac,3536,23268,english,16000,16000,1,10.315,-26.682274799607537,-4.661541950706749,0.0,9.094715642277151e-05,KEEP,ok
65712115f2c3589e,clean\english\65712115f2c3589e.wav,librispeech,C:\Users\Suhaan\Downloads\dev-clean\LibriSpeech\dev-clean\3536\23268\3536-23268-0028.flac,3536,23268,english,16000,16000,1,8.345,-23.91820604198812,-2.8662303502657407,0.0,0.0001126489951275289,KEEP,ok
288b7e8ffcfa07ea,clean\english\288b7e8ffcfa07ea.wav,librispeech,C:\Users\Suhaan\Downloads\dev-clean\LibriSpeech\dev-clean\3536\23268\3536-23268-0029.flac,3536,23268,english,16000,16000,1,7.455,-24.73436419532163,-5.052386002081164,0.0,9.667174890637398e-05,KEEP,ok
9abfc9779334cb69,clean\english\9abfc9779334cb69.wav,librispeech,C:\Users\Suhaan\Downloads\dev-clean\LibriSpeech\dev-clean\3536\23268\3536-23268-0030.flac,3536,23268,english,16000,16000,1,8.475,-25.922862896836165,-3.4317714334215883,0.0,9.702586976345628e-05,KEEP,ok
dbe7645181b22ed4,clean\english\dbe7645181b22ed4.wav,librispeech,C:\Users\Suhaan\Downloads\dev-clean\LibriSpeech\dev-clean\3536\8226\3536-8226-0000.flac,3536,8226,english,16000,16000,1,10.755,-31.185849028293493,-9.372854428119554,0.0,6.002942973282188e-05,KEEP,ok
43290569f3835595,clean\english\43290569f3835595.wav,librispeech,C:\Users\Suhaan\Downloads\dev-clean\LibriSpeech\dev-clean\3536\8226\3536-8226-0001.flac,3536,8226,english,16000,16000,1,8.915,-30.52315375203678,-9.590003108460877,0.0,6.11894138273783e-05,KEEP,ok
f9ff3d9e8fef2e0d,clean\english\f9ff3d9e8fef2e0d.wav,librispeech,C:\Users\Suhaan\Downloads\dev-clean\LibriSpeech\dev-clean\3536\8226\3536-8226-0002.flac,3536,8226,english,16000,16000,1,9.45,-31.08355210957577,-9.981705110068479,0.0,4.467111284611747e-05,KEEP,ok
c2220d64d645889c,clean\english\c2220d64d645889c.wav,librispeech,C:\Users\Suhaan\Downloads\dev-clean\LibriSpeech\dev-clean\3536\8226\3536-8226-0003.flac,3536,8226,english,16000,16000,1,7.94,-31.986405956555416,-11.011554526438855,0.0,3.134633880108595e-05,KEEP,ok
4e479e4ce03c4b87,clean\english\4e479e4ce03c4b87.wav,librispeech,C:\Users\Suhaan\Downloads\dev-clean\LibriSpeech\dev-clean\3536\8226\3536-8226-0004.flac,3536,8226,english,16000,16000,1,14.625,-30.59923152611472,-9.684061974540855,0.0,3.8734240661142394e-05,KEEP,ok
f888b5922979a631,clean\english\f888b5922979a631.wav,librispeech,C:\Users\Suhaan\Downloads\dev-clean\LibriSpeech\dev-clean\3536\8226\3536-8226-0005.flac,3536,8226,english,16000,16000,1,12.115,-30.918220613861017,-8.143788599664889,0.0,4.1387811506865546e-05,KEEP,ok
dc0897ad55687e13,clean\english\dc0897ad55687e13.wav,librispeech,C:\Users\Suhaan\Downloads\dev-clean\LibriSpeech\dev-clean\3536\8226\3536-8226-0006.flac,3536,8226,english,16000,16000,1,8.795,-31.13599622874499,-9.908406028340371,0.0,3.510410533635877e-05,KEEP,ok
f6675cecb3ba3205,clean\english\f6675cecb3ba3205.wav,librispeech,C:\Users\Suhaan\Downloads\dev-clean\LibriSpeech\dev-clean\3536\8226\3536-8226-0007.flac,3536,8226,english,16000,16000,1,2.335,-31.549212031106684,-10.746301751228568,0.0,5.389750731410459e-05,KEEP,ok
ae8198b5017216e8,clean\english\ae8198b5017216e8.wav,librispeech,C:\Users\Suhaan\Downloads\dev-clean\LibriSpeech\dev-clean\3536\8226\3536-8226-0008.flac,3536,8226,english,16000,16000,1,5.01,-28.41252775012666,-8.525031363091381,0.0,5.167696508578956e-05,KEEP,ok
39164829a5459dea,clean\english\39164829a5459dea.wav,librispeech,C:\Users\Suhaan\Downloads\dev-clean\LibriSpeech\dev-clean\3536\8226\3536-8226-0009.flac,3536,8226,english,16000,16000,1,2.005,-30.69456211581988,-9.596402143385582,0.0,4.7809287934796885e-05,KEEP,ok
728ab1e62a303b80,clean\english\728ab1e62a303b80.wav,librispeech,C:\Users\Suhaan\Downloads\dev-clean\LibriSpeech\dev-clean\3536\8226\3536-8226-0010.flac,3536,8226,english,16000,16000,1,9.5,-27.60540582528389,-7.461209376817637,0.0,4.9182890506926924e-05,KEEP,ok
b493d8f1f016d149,clean\english\b493d8f1f016d149.wav,librispeech,C:\Users\Suhaan\Downloads\dev-clean\LibriSpeech\dev-clean\3536\8226\3536-8226-0011.flac,3536,8226,english,16000,16000,1,8.735,-28.059954555313386,-9.013850710600769,0.0,5.3387419029604644e-05,KEEP,ok
ac41f76179d6ec27,clean\english\ac41f76179d6ec27.wav,librispeech,C:\Users\Suhaan\Downloads\dev-clean\LibriSpeech\dev-clean\3536\8226\3536-8226-0012.flac,3536,8226,english,16000,16000,1,3.785,-27.946806286546035,-9.520716315671615,0.0,4.448985055205412e-05,KEEP,ok
c08e408cc1502bbd,clean\english\c08e408cc1502bbd.wav,librispeech,C:\Users\Suhaan\Downloads\dev-clean\LibriSpeech\dev-clean\3536\8226\3536-8226-0013.flac,3536,8226,english,16000,16000,1,2.87,-27.53703137417967,-7.397612743334577,0.0,4.3389856728026643e-05,KEEP,ok
a054306fc2948350,clean\english\a054306fc2948350.wav,librispeech,C:\Users\Suhaan\Downloads\dev-clean\LibriSpeech\dev-clean\3536\8226\3536-8226-0014.flac,3536,8226,english,16000,16000,1,2.27,-29.040341339957788,-9.731882511385479,0.0,2.488459722371772e-05,KEEP,ok
1acbd1eb82c06b72,clean\english\1acbd1eb82c06b72.wav,librispeech,C:\Users\Suhaan\Downloads\dev-clean\LibriSpeech\dev-clean\3536\8226\3536-8226-0015.flac,3536,8226,english,16000,16000,1,11.15,-29.735518672126915,-8.5335233529854,0.0,4.977632488589734e-05,KEEP,ok
f63160fc258195d3,clean\english\f63160fc258195d3.wav,librispeech,C:\Users\Suhaan\Downloads\dev-clean\LibriSpeech\dev-clean\3536\8226\3536-8226-0016.flac,3536,8226,english,16000,16000,1,4.74,-31.303261873280405,-10.874206881438793,0.0,4.024062945973128e-05,KEEP,ok
6ba9a7f0f60a40a2,clean\english\6ba9a7f0f60a40a2.wav,librispeech,C:\Users\Suhaan\Downloads\dev-clean\LibriSpeech\dev-clean\3536\8226\3536-8226-0017.flac,3536,8226,english,16000,16000,1,3.255,-28.837041297889797,-8.474253039361141,0.0,3.978008317062631e-05,KEEP,ok
6a9ece9d6c0ff731,clean\english\6a9ece9d6c0ff731.wav,librispeech,C:\Users\Suhaan\Downloads\dev-clean\LibriSpeech\dev-clean\3536\8226\3536-8226-0018.flac,3536,8226,english,16000,16000,1,9.385,-30.726497995703994,-7.974187990135478,0.0,5.073384818388149e-05,KEEP,ok
032c840d96f2edc7,clean\english\032c840d96f2edc7.wav,librispeech,C:\Users\Suhaan\Downloads\dev-clean\LibriSpeech\dev-clean\3536\8226\3536-8226-0019.flac,3536,8226,english,16000,16000,1,5.33,-28.19614257449226,-7.510787581680707,0.0,5.4784562962595373e-05,KEEP,ok
aab87171479115f3,clean\english\aab87171479115f3.wav,librispeech,C:\Users\Suhaan\Downloads\dev-clean\LibriSpeech\dev-clean\3536\8226\3536-8226-0020.flac,3536,8226,english,16000,16000,1,6.615,-29.904728961576875,-7.978836224447431,0.0,3.5979544918518513e-05,KEEP,ok
fd58ec0bfd1081b3,clean\english\fd58ec0bfd1081b3.wav,librispeech,C:\Users\Suhaan\Downloads\dev-clean\LibriSpeech\dev-clean\3536\8226\3536-8226-0021.flac,3536,8226,english,16000,16000,1,4.985,-28.263001361641237,-7.426859238207898,0.0,6.154250877443701e-05,KEEP,ok
2be4ea5250472a8b,clean\english\2be4ea5250472a8b.wav,librispeech,C:\Users\Suhaan\Downloads\dev-clean\LibriSpeech\dev-clean\3536\8226\3536-8226-0022.flac,3536,8226,english,16000,16000,1,9.1,-30.365365609515898,-8.746390083143075,0.0,3.960892354371026e-05,KEEP,ok
cd237ae5ded37648,clean\english\cd237ae5ded37648.wav,librispeech,C:\Users\Suhaan\Downloads\dev-clean\LibriSpeech\dev-clean\3536\8226\3536-8226-0023.flac,3536,8226,english,16000,16000,1,11.3950625,-29.000911322755584,-8.47495626485139,0.0,2.8128175472375005e-05,KEEP,ok
010d381db3be54b5,clean\english\010d381db3be54b5.wav,librispeech,C:\Users\Suhaan\Downloads\dev-clean\LibriSpeech\dev-clean\3536\8226\3536-8226-0024.flac,3536,8226,english,16000,16000,1,6.425,-29.036799548512384,-9.86455660904024,0.0,2.1506581106223166e-05,KEEP,ok
15a871cb014a3420,clean\english\15a871cb014a3420.wav,librispeech,C:\Users\Suhaan\Downloads\dev-clean\LibriSpeech\dev-clean\3536\8226\3536-8226-0025.flac,3536,8226,english,16000,16000,1,3.83,-30.778301646163317,-11.940003851171202,0.0,4.361603350844234e-05,KEEP,ok
3dda8f0ec3c96305,clean\english\3dda8f0ec3c96305.wav,librispeech,C:\Users\Suhaan\Downloads\dev-clean\LibriSpeech\dev-clean\3536\8226\3536-8226-0026.flac,3536,8226,english,16000,16000,1,9.7,-30.00423718579367,-8.526446118308789,0.0,3.378012843313627e-05,KEEP,ok
691fd3934c04258f,clean\english\691fd3934c04258f.wav,librispeech,C:\Users\Suhaan\Downloads\dev-clean\LibriSpeech\dev-clean\3536\8226\3536-8226-0027.flac,3536,8226,english,16000,16000,1,2.27,-28.8746129843169,-10.719852337237391,0.0,6.163425132399425e-05,KEEP,ok
c6f76a58d4a35ee6,clean\english\c6f76a58d4a35ee6.wav,librispeech,C:\Users\Suhaan\Downloads\dev-clean\LibriSpeech\dev-clean\3536\8226\3536-8226-0028.flac,3536,8226,english,16000,16000,1,3.265,-29.193333886191862,-10.205388449118754,0.0,2.7087855414720252e-05,KEEP,ok
60c06e5b8211623f,clean\english\60c06e5b8211623f.wav,librispeech,C:\Users\Suhaan\Downloads\dev-clean\LibriSpeech\dev-clean\3536\8226\3536-8226-0029.flac,3536,8226,english,16000,16000,1,3.355,-29.028093853746153,-9.626862105041486,0.0,5.121700087329373e-05,KEEP,ok
20b2a8d45e7223f0,clean\english\20b2a8d45e7223f0.wav,librispeech,C:\Users\Suhaan\Downloads\dev-clean\LibriSpeech\dev-clean\3536\8226\3536-8226-0030.flac,3536,8226,english,16000,16000,1,4.05,-27.807572636722206,-7.727452214139625,0.0,6.472881796071306e-05,KEEP,ok
8faa5368c2fd303f,clean\english\8faa5368c2fd303f.wav,librispeech,C:\Users\Suhaan\Downloads\dev-clean\LibriSpeech\dev-clean\3536\8226\3536-8226-0031.flac,3536,8226,english,16000,16000,1,3.25,-28.638542331376776,-6.785436513847754,0.0,2.1910447685513645e-05,KEEP,ok
57f07ce1282dbe11,clean\english\57f07ce1282dbe11.wav,librispeech,C:\Users\Suhaan\Downloads\dev-clean\LibriSpeech\dev-clean\3536\8226\3536-8226-0032.flac,3536,8226,english,16000,16000,1,4.16,-31.590774566776222,-10.760014151547534,0.0,4.078424899489619e-05,KEEP,ok
51137a9c957dab8d,clean\english\51137a9c957dab8d.wav,librispeech,C:\Users\Suhaan\Downloads\dev-clean\LibriSpeech\dev-clean\3576\138058\3576-138058-0000.flac,3576,138058,english,16000,16000,1,14.14,-22.219769324422177,-5.483050956994495,0.0,1.9531707948772237e-05,KEEP,ok
4cb594c3899cdeb9,clean\english\4cb594c3899cdeb9.wav,librispeech,C:\Users\Suhaan\Downloads\dev-clean\LibriSpeech\dev-clean\3576\138058\3576-138058-0001.flac,3576,138058,english,16000,16000,1,10.78,-24.337443647230312,-8.27680635453213,0.0,7.3008282015507575e-06,KEEP,ok
b1ccf103fdb05414,clean\english\b1ccf103fdb05414.wav,librispeech,C:\Users\Suhaan\Downloads\dev-clean\LibriSpeech\dev-clean\3576\138058\3576-138058-0002.flac,3576,138058,english,16000,16000,1,22.33,-22.407119787895265,-4.380082815066434,0.0,9.97834604277159e-07,KEEP,ok
d12a9069964a00ab,clean\english\d12a9069964a00ab.wav,librispeech,C:\Users\Suhaan\Downloads\dev-clean\LibriSpeech\dev-clean\3576\138058\3576-138058-0003.flac,3576,138058,english,16000,16000,1,2.51,-21.287844816024855,-5.645013867498889,0.0,8.460724529868457e-06,KEEP,ok
64b7f9836ce45127,clean\english\64b7f9836ce45127.wav,librispeech,C:\Users\Suhaan\Downloads\dev-clean\LibriSpeech\dev-clean\3576\138058\3576-138058-0004.flac,3576,138058,english,16000,16000,1,16.56,-18.78187754109647,-2.7188999161516803,0.0,4.9247373681282625e-05,KEEP,ok
8aaab9effa606c93,clean\english\8aaab9effa606c93.wav,librispeech,C:\Users\Suhaan\Downloads\dev-clean\LibriSpeech\dev-clean\3576\138058\3576-138058-0005.flac,3576,138058,english,16000,16000,1,16.655,-25.929540350787196,-5.3790270832783404,0.0,7.879050372139318e-07,KEEP,ok
cc387380aa46f884,clean\english\cc387380aa46f884.wav,librispeech,C:\Users\Suhaan\Downloads\dev-clean\LibriSpeech\dev-clean\3576\138058\3576-138058-0006.flac,3576,138058,english,16000,16000,1,3.945,-21.777821927508466,-5.650600465324498,0.0,1.3151277926226612e-05,KEEP,ok
cbd8a5beeba3ae2d,clean\english\cbd8a5beeba3ae2d.wav,librispeech,C:\Users\Suhaan\Downloads\dev-clean\LibriSpeech\dev-clean\3576\138058\3576-138058-0007.flac,3576,138058,english,16000,16000,1,3.55,-20.370292760511866,-5.0576040348433615,0.0,1.5519908629357815e-05,KEEP,ok
d25e901e97fea6b6,clean\english\d25e901e97fea6b6.wav,librispeech,C:\Users\Suhaan\Downloads\dev-clean\LibriSpeech\dev-clean\3576\138058\3576-138058-0008.flac,3576,138058,english,16000,16000,1,3.86,-19.756849180110073,-4.87867180896173,0.0,6.449309148592874e-05,KEEP,ok
5386c45845f6d58f,clean\english\5386c45845f6d58f.wav,librispeech,C:\Users\Suhaan\Downloads\dev-clean\LibriSpeech\dev-clean\3576\138058\3576-138058-0009.flac,3576,138058,english,16000,16000,1,14.485,-23.401395729765788,-7.160467803585357,0.0,3.449555606493959e-06,KEEP,ok
da2d6e38c5242b4f,clean\english\da2d6e38c5242b4f.wav,librispeech,C:\Users\Suhaan\Downloads\dev-clean\LibriSpeech\dev-clean\3576\138058\3576-138058-0010.flac,3576,138058,english,16000,16000,1,15.735,-24.02548416242137,-5.943541627765408,0.0,6.244127234822372e-06,KEEP,ok
6e846d3657f2d2e8,clean\english\6e846d3657f2d2e8.wav,librispeech,C:\Users\Suhaan\Downloads\dev-clean\LibriSpeech\dev-clean\3576\138058\3576-138058-0011.flac,3576,138058,english,16000,16000,1,11.28,-21.109949539154567,-4.66018198259697,0.0,2.310174568265211e-05,KEEP,ok
52a6d409cdf0c5e9,clean\english\52a6d409cdf0c5e9.wav,librispeech,C:\Users\Suhaan\Downloads\dev-clean\LibriSpeech\dev-clean\3576\138058\3576-138058-0012.flac,3576,138058,english,16000,16000,1,5.48,-21.98073555453245,-5.850509367332688,0.0,1.8488751720724395e-06,KEEP,ok
e8b4558b0e9dd640,clean\english\e8b4558b0e9dd640.wav,librispeech,C:\Users\Suhaan\Downloads\dev-clean\LibriSpeech\dev-clean\3576\138058\3576-138058-0013.flac,3576,138058,english,16000,16000,1,4.715,-20.517726377147927,-5.989377563357106,0.0,9.773796591616701e-06,KEEP,ok
4d70a71c65daa73c,clean\english\4d70a71c65daa73c.wav,librispeech,C:\Users\Suhaan\Downloads\dev-clean\LibriSpeech\dev-clean\3576\138058\3576-138058-0014.flac,3576,138058,english,16000,16000,1,18.13,-23.76028767621099,-6.147161793680462,0.0,3.397773753022193e-06,KEEP,ok
24411e1a73f05bf4,clean\english\24411e1a73f05bf4.wav,librispeech,C:\Users\Suhaan\Downloads\dev-clean\LibriSpeech\dev-clean\3576\138058\3576-138058-0015.flac,3576,138058,english,16000,16000,1,9.185,-23.05194782818414,-4.738499404454008,0.0,2.5818668291321956e-05,KEEP,ok
9c0dba43844dbe5e,clean\english\9c0dba43844dbe5e.wav,librispeech,C:\Users\Suhaan\Downloads\dev-clean\LibriSpeech\dev-clean\3576\138058\3576-138058-0016.flac,3576,138058,english,16000,16000,1,11.94,-24.395878802663038,-4.842953127841229,0.0,1.097476251743501e-05,KEEP,ok
707c24aa8bc94e6d,clean\english\707c24aa8bc94e6d.wav,librispeech,C:\Users\Suhaan\Downloads\dev-clean\LibriSpeech\dev-clean\3576\138058\3576-138058-0017.flac,3576,138058,english,16000,16000,1,17.325,-23.917659690798452,-7.0804406833684785,0.0,3.81612835553824e-06,KEEP,ok
fafcb29b38bf6f83,clean\english\fafcb29b38bf6f83.wav,librispeech,C:\Users\Suhaan\Downloads\dev-clean\LibriSpeech\dev-clean\3576\138058\3576-138058-0018.flac,3576,138058,english,16000,16000,1,7.32,-22.594980383770377,-5.846871080622612,0.0,9.075279194803443e-06,KEEP,ok
677a80ecd612dfda,clean\english\677a80ecd612dfda.wav,librispeech,C:\Users\Suhaan\Downloads\dev-clean\LibriSpeech\dev-clean\3576\138058\3576-138058-0019.flac,3576,138058,english,16000,16000,1,9.935,-18.396043489799005,-3.498926635985356,0.0,5.038472227170132e-05,KEEP,ok
0f859b832acac8f7,clean\english\0f859b832acac8f7.wav,librispeech,C:\Users\Suhaan\Downloads\dev-clean\LibriSpeech\dev-clean\3576\138058\3576-138058-0020.flac,3576,138058,english,16000,16000,1,24.52,-20.95111244345093,-4.278415751975893,0.0,8.552031431463547e-06,KEEP,ok
9928ccb25195a466,clean\english\9928ccb25195a466.wav,librispeech,C:\Users\Suhaan\Downloads\dev-clean\LibriSpeech\dev-clean\3576\138058\3576-138058-0021.flac,3576,138058,english,16000,16000,1,6.18,-22.59787837863108,-6.417046994344171,0.0,5.4640290727547836e-06,KEEP,ok
e43536a897c76b09,clean\english\e43536a897c76b09.wav,librispeech,C:\Users\Suhaan\Downloads\dev-clean\LibriSpeech\dev-clean\3576\138058\3576-138058-0022.flac,3576,138058,english,16000,16000,1,26.9,-22.015939779752426,-4.607308632489983,0.0,1.2014878620902891e-06,KEEP,ok
a68c9e4db29a4cc5,clean\english\a68c9e4db29a4cc5.wav,librispeech,C:\Users\Suhaan\Downloads\dev-clean\LibriSpeech\dev-clean\3576\138058\3576-138058-0023.flac,3576,138058,english,16000,16000,1,11.07,-18.55659873615178,-3.263032408507031,0.0,3.5405180824454874e-05,KEEP,ok
cc6e3ed2d524f151,clean\english\cc6e3ed2d524f151.wav,librispeech,C:\Users\Suhaan\Downloads\dev-clean\LibriSpeech\dev-clean\3576\138058\3576-138058-0024.flac,3576,138058,english,16000,16000,1,22.99,-24.328057937221708,-4.3743789497694054,0.0,1.0031376405095216e-05,KEEP,ok
d0d7c136fb88f0ac,clean\english\d0d7c136fb88f0ac.wav,librispeech,C:\Users\Suhaan\Downloads\dev-clean\LibriSpeech\dev-clean\3576\138058\3576-138058-0025.flac,3576,138058,english,16000,16000,1,7.525,-19.077396930787756,-5.078031930300576,0.0,2.674191455298569e-05,KEEP,ok
7729195b9f8a6cca,clean\english\7729195b9f8a6cca.wav,librispeech,C:\Users\Suhaan\Downloads\dev-clean\LibriSpeech\dev-clean\3576\138058\3576-138058-0026.flac,3576,138058,english,16000,16000,1,8.13,-15.923541453473424,-4.15565560454301,0.0,1.34586553031113e-05,KEEP,ok
20740c655a94fda6,clean\english\20740c655a94fda6.wav,librispeech,C:\Users\Suhaan\Downloads\dev-clean\LibriSpeech\dev-clean\3576\138058\3576-138058-0027.flac,3576,138058,english,16000,16000,1,10.395,-23.291494074862346,-5.762064435565834,0.0,5.184428573556943e-06,KEEP,ok
fd513d9dcf5ba937,clean\english\fd513d9dcf5ba937.wav,librispeech,C:\Users\Suhaan\Downloads\dev-clean\LibriSpeech\dev-clean\3576\138058\3576-138058-0028.flac,3576,138058,english,16000,16000,1,10.46,-21.05335564971658,-4.291439379422966,0.0,1.6014435459510423e-05,KEEP,ok
b7290794a72c9c55,clean\english\b7290794a72c9c55.wav,librispeech,C:\Users\Suhaan\Downloads\dev-clean\LibriSpeech\dev-clean\3576\138058\3576-138058-0029.flac,3576,138058,english,16000,16000,1,10.06,-23.69199858273296,-5.598934769307604,0.0,2.427793106107856e-06,KEEP,ok
930c7eb96aecfa21,clean\english\930c7eb96aecfa21.wav,librispeech,C:\Users\Suhaan\Downloads\dev-clean\LibriSpeech\dev-clean\3576\138058\3576-138058-0030.flac,3576,138058,english,16000,16000,1,6.905,-22.75273961400009,-5.194384993561773,0.0,6.9529141910606995e-06,KEEP,ok
21df47c2577d63dd,clean\english\21df47c2577d63dd.wav,librispeech,C:\Users\Suhaan\Downloads\dev-clean\LibriSpeech\dev-clean\3576\138058\3576-138058-0031.flac,3576,138058,english,16000,16000,1,2.8149375,-19.663905764975226,-4.853606968159169,0.0,0.0001120461747632362,KEEP,ok
5c93f77d286e6066,clean\english\5c93f77d286e6066.wav,librispeech,C:\Users\Suhaan\Downloads\dev-clean\LibriSpeech\dev-clean\3576\138058\3576-138058-0032.flac,3576,138058,english,16000,16000,1,5.5850625,-21.27053289017471,-5.432369459555927,0.0,1.3243716239230707e-06,KEEP,ok
151b34072bf06387,clean\english\151b34072bf06387.wav,librispeech,C:\Users\Suhaan\Downloads\dev-clean\LibriSpeech\dev-clean\3576\138058\3576-138058-0033.flac,3576,138058,english,16000,16000,1,17.78,-22.159401678363903,-5.51200228539053,0.0,2.8574829684657743e-06,KEEP,ok
1e22c0a23d688184,clean\english\1e22c0a23d688184.wav,librispeech,C:\Users\Suhaan\Downloads\dev-clean\LibriSpeech\dev-clean\3576\138058\3576-138058-0034.flac,3576,138058,english,16000,16000,1,8.065,-23.023234688325505,-6.520876988609786,0.0,9.031821832650166e-07,KEEP,ok
9d436e43bb25b4f7,clean\english\9d436e43bb25b4f7.wav,librispeech,C:\Users\Suhaan\Downloads\dev-clean\LibriSpeech\dev-clean\3576\138058\3576-138058-0035.flac,3576,138058,english,16000,16000,1,20.725,-19.669421288002546,-3.6199236761757407,0.0,4.6755581024626736e-06,KEEP,ok
b7b7598db4254367,clean\english\b7b7598db4254367.wav,librispeech,C:\Users\Suhaan\Downloads\dev-clean\LibriSpeech\dev-clean\3576\138058\3576-138058-0036.flac,3576,138058,english,16000,16000,1,19.29,-23.09887098925931,-5.375580985380304,0.0,2.4377279714826727e-06,KEEP,ok
eb2caaa68b6bfc5c,clean\english\eb2caaa68b6bfc5c.wav,librispeech,C:\Users\Suhaan\Downloads\dev-clean\LibriSpeech\dev-clean\3576\138058\3576-138058-0037.flac,3576,138058,english,16000,16000,1,10.36,-24.765930401382725,-8.298830809155117,0.0,6.505421424662927e-06,KEEP,ok
39a756ab7db1ccf8,clean\english\39a756ab7db1ccf8.wav,librispeech,C:\Users\Suhaan\Downloads\dev-clean\LibriSpeech\dev-clean\3576\138058\3576-138058-0038.flac,3576,138058,english,16000,16000,1,9.65,-23.301032113208045,-5.451712776380221,0.0,1.3012861018069088e-05,KEEP,ok
15abecf226165bc5,clean\english\15abecf226165bc5.wav,librispeech,C:\Users\Suhaan\Downloads\dev-clean\LibriSpeech\dev-clean\3576\138058\3576-138058-0039.flac,3576,138058,english,16000,16000,1,14.15,-18.702927454909837,-3.6735715733758108,0.0,4.321903907111846e-05,KEEP,ok
f24023c7afbbedde,clean\english\f24023c7afbbedde.wav,librispeech,C:\Users\Suhaan\Downloads\dev-clean\LibriSpeech\dev-clean\3576\138058\3576-138058-0040.flac,3576,138058,english,16000,16000,1,6.69,-24.785792948022983,-5.864036362015728,0.0,1.0640667824191041e-05,KEEP,ok
bb6caf7ded0687fb,clean\english\bb6caf7ded0687fb.wav,librispeech,C:\Users\Suhaan\Downloads\dev-clean\LibriSpeech\dev-clean\3752\4943\3752-4943-0000.flac,3752,4943,english,16000,16000,1,8.83,-21.057146947798877,-3.884903562105394,0.0,2.727314040384954e-06,KEEP,ok
68e2d0ac373a054c,clean\english\68e2d0ac373a054c.wav,librispeech,C:\Users\Suhaan\Downloads\dev-clean\LibriSpeech\dev-clean\3752\4943\3752-4943-0001.flac,3752,4943,english,16000,16000,1,11.08,-19.902400796558183,-3.2908643884370936,0.0,3.861176082864404e-06,KEEP,ok
64e4435cfcf9ea9c,clean\english\64e4435cfcf9ea9c.wav,librispeech,C:\Users\Suhaan\Downloads\dev-clean\LibriSpeech\dev-clean\3752\4943\3752-4943-0002.flac,3752,4943,english,16000,16000,1,7.21,-23.056070752672344,-3.2126212822399287,0.0,2.1872342585993465e-06,KEEP,ok
35c9b7f697e3e597,clean\english\35c9b7f697e3e597.wav,librispeech,C:\Users\Suhaan\Downloads\dev-clean\LibriSpeech\dev-clean\3752\4943\3752-4943-0003.flac,3752,4943,english,16000,16000,1,6.25,-21.311622807293364,-3.650135496680511,0.0,4.00543194700731e-06,KEEP,ok
c466e288571946ea,clean\english\c466e288571946ea.wav,librispeech,C:\Users\Suhaan\Downloads\dev-clean\LibriSpeech\dev-clean\3752\4943\3752-4943-0004.flac,3752,4943,english,16000,16000,1,14.01,-23.264920230620675,-6.407618769822556,0.0,2.267852551085525e-06,KEEP,ok
b809b9a5d6cb7b65,clean\english\b809b9a5d6cb7b65.wav,librispeech,C:\Users\Suhaan\Downloads\dev-clean\LibriSpeech\dev-clean\3752\4943\3752-4943-0005.flac,3752,4943,english,16000,16000,1,3.105,-23.084701773156205,-1.522660678864275,0.0,7.95987853052793e-06,KEEP,ok
d4354634b968eb6a,clean\english\d4354634b968eb6a.wav,librispeech,C:\Users\Suhaan\Downloads\dev-clean\LibriSpeech\dev-clean\3752\4943\3752-4943-0006.flac,3752,4943,english,16000,16000,1,2.655,-22.89413629748825,-5.306944597901834,0.0,1.0062611181638204e-05,KEEP,ok
9e2b7c355518103e,clean\english\9e2b7c355518103e.wav,librispeech,C:\Users\Suhaan\Downloads\dev-clean\LibriSpeech\dev-clean\3752\4943\3752-4943-0007.flac,3752,4943,english,16000,16000,1,10.0,-23.146258899696676,-2.620138218018797,0.0,4.390716640045866e-06,KEEP,ok
97935c4d9d5c033e,clean\english\97935c4d9d5c033e.wav,librispeech,C:\Users\Suhaan\Downloads\dev-clean\LibriSpeech\dev-clean\3752\4943\3752-4943-0008.flac,3752,4943,english,16000,16000,1,3.76,-23.92992697074711,-6.012121738240401,0.0,6.956749984965427e-06,KEEP,ok
2f57c3fc787c4a6f,clean\english\2f57c3fc787c4a6f.wav,librispeech,C:\Users\Suhaan\Downloads\dev-clean\LibriSpeech\dev-clean\3752\4943\3752-4943-0009.flac,3752,4943,english,16000,16000,1,3.595,-21.23452568545954,-1.9191359904074237,0.0,2.091451506203157e-06,KEEP,ok
188e295e2ca5344e,clean\english\188e295e2ca5344e.wav,librispeech,C:\Users\Suhaan\Downloads\dev-clean\LibriSpeech\dev-clean\3752\4943\3752-4943-0010.flac,3752,4943,english,16000,16000,1,5.08,-21.952004491532175,-4.441747604965449,0.0,1.6576661892031552e-06,KEEP,ok
2c5fc512644189f4,clean\english\2c5fc512644189f4.wav,librispeech,C:\Users\Suhaan\Downloads\dev-clean\LibriSpeech\dev-clean\3752\4943\3752-4943-0011.flac,3752,4943,english,16000,16000,1,6.97,-21.034260231750945,-1.912856595764386,0.0,2.8692325031443033e-06,KEEP,ok
eb62633ab3f9fe6c,clean\english\eb62633ab3f9fe6c.wav,librispeech,C:\Users\Suhaan\Downloads\dev-clean\LibriSpeech\dev-clean\3752\4943\3752-4943-0012.flac,3752,4943,english,16000,16000,1,3.4,-21.023459739911967,-4.253724529734725,0.0,6.141101493994938e-06,KEEP,ok
9b9183ac83cfee53,clean\english\9b9183ac83cfee53.wav,librispeech,C:\Users\Suhaan\Downloads\dev-clean\LibriSpeech\dev-clean\3752\4943\3752-4943-0013.flac,3752,4943,english,16000,16000,1,5.535,-20.400702487331582,-0.5761393187241229,0.0,3.653425437732949e-06,KEEP,ok
e517fe8bbcf9453d,clean\english\e517fe8bbcf9453d.wav,librispeech,C:\Users\Suhaan\Downloads\dev-clean\LibriSpeech\dev-clean\3752\4943\3752-4943-0014.flac,3752,4943,english,16000,16000,1,2.99,-21.520973790563318,-5.80384716071238,0.0,3.037085889445734e-06,KEEP,ok
e0242799836143cb,clean\english\e0242799836143cb.wav,librispeech,C:\Users\Suhaan\Downloads\dev-clean\LibriSpeech\dev-clean\3752\4943\3752-4943-0015.flac,3752,4943,english,16000,16000,1,2.96,-22.045436963531472,-3.305201699207674,0.0,2.911928504545358e-06,KEEP,ok
e6e3e0652a778588,clean\english\e6e3e0652a778588.wav,librispeech,C:\Users\Suhaan\Downloads\dev-clean\LibriSpeech\dev-clean\3752\4943\3752-4943-0016.flac,3752,4943,english,16000,16000,1,2.485,-19.86027808415949,-3.3125733089465403,0.0,3.7709471598645905e-06,KEEP,ok
2f4d2c69ae84c4ba,clean\english\2f4d2c69ae84c4ba.wav,librispeech,C:\Users\Suhaan\Downloads\dev-clean\LibriSpeech\dev-clean\3752\4943\3752-4943-0017.flac,3752,4943,english,16000,16000,1,2.275,-22.07488770820588,-3.2433719082885477,0.0,4.37809876530082e-06,KEEP,ok
38c2f6e445dc0bb7,clean\english\38c2f6e445dc0bb7.wav,librispeech,C:\Users\Suhaan\Downloads\dev-clean\LibriSpeech\dev-clean\3752\4943\3752-4943-0018.flac,3752,4943,english,16000,16000,1,5.265,-20.99239918870027,-5.369184714363363,0.0,7.940583600429818e-06,KEEP,ok
784f98af774c7d3e,clean\english\784f98af774c7d3e.wav,librispeech,C:\Users\Suhaan\Downloads\dev-clean\LibriSpeech\dev-clean\3752\4943\3752-4943-0019.flac,3752,4943,english,16000,16000,1,2.495,-26.107162262281314,-6.143397128288166,0.0,8.884651833795942e-06,KEEP,ok
2f6bf3ba0822ccfd,clean\english\2f6bf3ba0822ccfd.wav,librispeech,C:\Users\Suhaan\Downloads\dev-clean\LibriSpeech\dev-clean\3752\4943\3752-4943-0020.flac,3752,4943,english,16000,16000,1,4.875,-21.09965185108547,-3.586210727023225,0.0,1.5650039486558853e-08,KEEP,ok
7e992808c6044df4,clean\english\7e992808c6044df4.wav,librispeech,C:\Users\Suhaan\Downloads\dev-clean\LibriSpeech\dev-clean\3752\4943\3752-4943-0021.flac,3752,4943,english,16000,16000,1,4.515,-21.319496923868712,-2.8184308115695034,0.0,6.049020157661289e-06,KEEP,ok
fed6e6a8661b50c5,clean\english\fed6e6a8661b50c5.wav,librispeech,C:\Users\Suhaan\Downloads\dev-clean\LibriSpeech\dev-clean\3752\4943\3752-4943-0022.flac,3752,4943,english,16000,16000,1,5.195,-18.736497587067785,-1.5536704452997274,0.0,7.833897143427748e-06,KEEP,ok
f6318db5907989c1,clean\english\f6318db5907989c1.wav,librispeech,C:\Users\Suhaan\Downloads\dev-clean\LibriSpeech\dev-clean\3752\4943\3752-4943-0023.flac,3752,4943,english,16000,16000,1,3.055,-22.3750050525162,-6.814432032956487,0.0,8.620841072115581e-06,KEEP,ok
9d0473350d4d7f4e,clean\english\9d0473350d4d7f4e.wav,librispeech,C:\Users\Suhaan\Downloads\dev-clean\LibriSpeech\dev-clean\3752\4943\3752-4943-0024.flac,3752,4943,english,16000,16000,1,5.655,-20.482507629258265,-4.259782540986769,0.0,3.929711510863854e-06,KEEP,ok
44460cd2eef6ef97,clean\english\44460cd2eef6ef97.wav,librispeech,C:\Users\Suhaan\Downloads\dev-clean\LibriSpeech\dev-clean\3752\4943\3752-4943-0025.flac,3752,4943,english,16000,16000,1,5.245,-19.727564666379394,-2.492768503455596,0.0,3.061940105908434e-06,KEEP,ok
420d4a1eadb66eb1,clean\english\420d4a1eadb66eb1.wav,librispeech,C:\Users\Suhaan\Downloads\dev-clean\LibriSpeech\dev-clean\3752\4943\3752-4943-0026.flac,3752,4943,english,16000,16000,1,4.05,-22.55813104497225,-2.7563180142425177,0.0,7.521547104261117e-06,KEEP,ok
10977aaf95a5b4e8,clean\english\10977aaf95a5b4e8.wav,librispeech,C:\Users\Suhaan\Downloads\dev-clean\LibriSpeech\dev-clean\3752\4943\3752-4943-0027.flac,3752,4943,english,16000,16000,1,2.805,-17.220510644688055,-0.6005331205610819,0.0,6.941253104741918e-06,KEEP,ok
bd8a82b20358dd62,clean\english\bd8a82b20358dd62.wav,librispeech,C:\Users\Suhaan\Downloads\dev-clean\LibriSpeech\dev-clean\3752\4943\3752-4943-0028.flac,3752,4943,english,16000,16000,1,3.76,-19.49617498475719,-4.283188814966928,0.0,1.4863115893604117e-07,KEEP,ok
5451e317c499499f,clean\english\5451e317c499499f.wav,librispeech,C:\Users\Suhaan\Downloads\dev-clean\LibriSpeech\dev-clean\3752\4943\3752-4943-0029.flac,3752,4943,english,16000,16000,1,3.835,-16.31935524825236,-0.5557691568214661,0.0,2.0160699932603166e-05,KEEP,ok
6b8c8f038f64bc57,clean\english\6b8c8f038f64bc57.wav,librispeech,C:\Users\Suhaan\Downloads\dev-clean\LibriSpeech\dev-clean\3752\4943\3752-4943-0030.flac,3752,4943,english,16000,16000,1,2.395,-21.412716947806942,-4.719766514040899,0.0,2.49747199632111e-06,KEEP,ok
f6374f223d3f0d39,clean\english\f6374f223d3f0d39.wav,librispeech,C:\Users\Suhaan\Downloads\dev-clean\LibriSpeech\dev-clean\3752\4944\3752-4944-0000.flac,3752,4944,english,16000,16000,1,3.335,-16.007195083612856,-0.5213617303151412,0.0,4.08235518989386e-06,KEEP,ok
a3e7266fbcd0a014,clean\english\a3e7266fbcd0a014.wav,librispeech,C:\Users\Suhaan\Downloads\dev-clean\LibriSpeech\dev-clean\3752\4944\3752-4944-0001.flac,3752,4944,english,16000,16000,1,4.415,-16.02721105638131,-0.21496107828328007,0.0,7.584033028251724e-06,KEEP,ok
21cb54c32c50cba8,clean\english\21cb54c32c50cba8.wav,librispeech,C:\Users\Suhaan\Downloads\dev-clean\LibriSpeech\dev-clean\3752\4944\3752-4944-0002.flac,3752,4944,english,16000,16000,1,3.225,-16.26110856936012,-0.6944911194246048,0.0,8.676218499203969e-07,KEEP,ok
3a76b54266760ac7,clean\english\3a76b54266760ac7.wav,librispeech,C:\Users\Suhaan\Downloads\dev-clean\LibriSpeech\dev-clean\3752\4944\3752-4944-0003.flac,3752,4944,english,16000,16000,1,2.76,-18.64412623299721,-2.41681351712345,0.0,4.250761321600294e-06,KEEP,ok
f07a9594fb55f206,clean\english\f07a9594fb55f206.wav,librispeech,C:\Users\Suhaan\Downloads\dev-clean\LibriSpeech\dev-clean\3752\4944\3752-4944-0004.flac,3752,4944,english,16000,16000,1,2.425,-23.01739924478597,-6.673841429820822,0.0,3.412777687117341e-06,KEEP,ok
f1c6b70ed7b40e40,clean\english\f1c6b70ed7b40e40.wav,librispeech,C:\Users\Suhaan\Downloads\dev-clean\LibriSpeech\dev-clean\3752\4944\3752-4944-0005.flac,3752,4944,english,16000,16000,1,2.42,-19.542660531354407,-1.3810516950224707,0.0,1.5788433302077465e-05,KEEP,ok
a01433bd89e15cfe,clean\english\a01433bd89e15cfe.wav,librispeech,C:\Users\Suhaan\Downloads\dev-clean\LibriSpeech\dev-clean\3752\4944\3752-4944-0006.flac,3752,4944,english,16000,16000,1,3.885,-18.38417696561416,-0.3086626724960744,0.0,4.130870365770534e-06,KEEP,ok
55973141c2e7f844,clean\english\55973141c2e7f844.wav,librispeech,C:\Users\Suhaan\Downloads\dev-clean\LibriSpeech\dev-clean\3752\4944\3752-4944-0007.flac,3752,4944,english,16000,16000,1,2.8,-18.74865536310155,-0.4125541803187752,0.0,7.48702450437122e-06,KEEP,ok
fc65c5136cac3998,clean\english\fc65c5136cac3998.wav,librispeech,C:\Users\Suhaan\Downloads\dev-clean\LibriSpeech\dev-clean\3752\4944\3752-4944-0008.flac,3752,4944,english,16000,16000,1,1.94,-20.95692669311001,-4.6851486270878855,0.0,1.4262838703871239e-05,KEEP,ok
02f19a19ddb0a2a0,clean\english\02f19a19ddb0a2a0.wav,librispeech,C:\Users\Suhaan\Downloads\dev-clean\LibriSpeech\dev-clean\3752\4944\3752-4944-0009.flac,3752,4944,english,16000,16000,1,2.61,-17.936085083280243,-1.3055567207069194,0.0,2.5672475203464273e-06,KEEP,ok
13815a0a6ddc95cd,clean\english\13815a0a6ddc95cd.wav,librispeech,C:\Users\Suhaan\Downloads\dev-clean\LibriSpeech\dev-clean\3752\4944\3752-4944-0010.flac,3752,4944,english,16000,16000,1,3.5999375,-21.79674205595456,-4.386229631019923,0.0,4.43466262822767e-07,KEEP,ok
bfb8fa691b960b01,clean\english\bfb8fa691b960b01.wav,librispeech,C:\Users\Suhaan\Downloads\dev-clean\LibriSpeech\dev-clean\3752\4944\3752-4944-0011.flac,3752,4944,english,16000,16000,1,3.3950625,-19.81827672180142,-3.1583056072427764,0.0,7.927570550236851e-06,KEEP,ok
9ba9c8f76a66184a,clean\english\9ba9c8f76a66184a.wav,librispeech,C:\Users\Suhaan\Downloads\dev-clean\LibriSpeech\dev-clean\3752\4944\3752-4944-0012.flac,3752,4944,english,16000,16000,1,5.545,-20.275790731818578,-1.9469520541951786,0.0,1.6620934957245481e-06,KEEP,ok
9ea205016b693f0f,clean\english\9ea205016b693f0f.wav,librispeech,C:\Users\Suhaan\Downloads\dev-clean\LibriSpeech\dev-clean\3752\4944\3752-4944-0013.flac,3752,4944,english,16000,16000,1,5.945,-20.062635076372377,-4.022804254297421,0.0,7.535711574746529e-06,KEEP,ok
b0e592ec439b03e5,clean\english\b0e592ec439b03e5.wav,librispeech,C:\Users\Suhaan\Downloads\dev-clean\LibriSpeech\dev-clean\3752\4944\3752-4944-0014.flac,3752,4944,english,16000,16000,1,2.305,-21.61151075637409,-5.372136254167965,0.0,4.021568202006165e-06,KEEP,ok
1b48a954c22a0d84,clean\english\1b48a954c22a0d84.wav,librispeech,C:\Users\Suhaan\Downloads\dev-clean\LibriSpeech\dev-clean\3752\4944\3752-4944-0015.flac,3752,4944,english,16000,16000,1,4.135,-22.255911675512547,-1.2398797636482926,0.0,1.0567218851065263e-05,KEEP,ok
3b2de438fc34cd55,clean\english\3b2de438fc34cd55.wav,librispeech,C:\Users\Suhaan\Downloads\dev-clean\LibriSpeech\dev-clean\3752\4944\3752-4944-0016.flac,3752,4944,english,16000,16000,1,10.89,-20.188862404224366,-4.218757306709657,0.0,7.331644837904605e-07,KEEP,ok
73db96a1c9d59fcf,clean\english\73db96a1c9d59fcf.wav,librispeech,C:\Users\Suhaan\Downloads\dev-clean\LibriSpeech\dev-clean\3752\4944\3752-4944-0017.flac,3752,4944,english,16000,16000,1,7.045,-18.457893146390965,-1.6688649538023923,0.0,1.7511327996544424e-06,KEEP,ok
760a101638cdac84,clean\english\760a101638cdac84.wav,librispeech,C:\Users\Suhaan\Downloads\dev-clean\LibriSpeech\dev-clean\3752\4944\3752-4944-0018.flac,3752,4944,english,16000,16000,1,7.375,-20.530501807557243,-6.088190584553291,0.0,5.166263690625783e-06,KEEP,ok
61b5cdea563b3629,clean\english\61b5cdea563b3629.wav,librispeech,C:\Users\Suhaan\Downloads\dev-clean\LibriSpeech\dev-clean\3752\4944\3752-4944-0019.flac,3752,4944,english,16000,16000,1,2.93,-24.26840065557649,-8.318838824635058,0.0,3.5074383504252182e-06,KEEP,ok
454245903b9d9047,clean\english\454245903b9d9047.wav,librispeech,C:\Users\Suhaan\Downloads\dev-clean\LibriSpeech\dev-clean\3752\4944\3752-4944-0020.flac,3752,4944,english,16000,16000,1,13.485,-20.21628873823098,-2.2256712182184852,0.0,1.3370535043577547e-06,KEEP,ok
8b73d6a49bf0e577,clean\english\8b73d6a49bf0e577.wav,librispeech,C:\Users\Suhaan\Downloads\dev-clean\LibriSpeech\dev-clean\3752\4944\3752-4944-0021.flac,3752,4944,english,16000,16000,1,7.27,-20.26806616769926,-1.141076950669332,0.0,6.4860346355999354e-06,KEEP,ok
d5b4b7c09b134895,clean\english\d5b4b7c09b134895.wav,librispeech,C:\Users\Suhaan\Downloads\dev-clean\LibriSpeech\dev-clean\3752\4944\3752-4944-0022.flac,3752,4944,english,16000,16000,1,16.4,-21.69805632672549,-3.456597848127399,0.0,1.0769541347599443e-07,KEEP,ok
16b9ee05f9c64189,clean\english\16b9ee05f9c64189.wav,librispeech,C:\Users\Suhaan\Downloads\dev-clean\LibriSpeech\dev-clean\3752\4944\3752-4944-0023.flac,3752,4944,english,16000,16000,1,2.5,-20.86650336895714,-1.7891897701238324,0.0,4.692077709478326e-06,KEEP,ok
70b2570c92e9fb6c,clean\english\70b2570c92e9fb6c.wav,librispeech,C:\Users\Suhaan\Downloads\dev-clean\LibriSpeech\dev-clean\3752\4944\3752-4944-0024.flac,3752,4944,english,16000,16000,1,2.03,-19.468965865110537,-4.506970284011501,0.0,1.136046921601519e-05,KEEP,ok
e32478341dc2b245,clean\english\e32478341dc2b245.wav,librispeech,C:\Users\Suhaan\Downloads\dev-clean\LibriSpeech\dev-clean\3752\4944\3752-4944-0025.flac,3752,4944,english,16000,16000,1,3.735,-20.87216140768988,-2.3373529125000587,0.0,1.8353442783336504e-06,KEEP,ok
9234592deed958b2,clean\english\9234592deed958b2.wav,librispeech,C:\Users\Suhaan\Downloads\dev-clean\LibriSpeech\dev-clean\3752\4944\3752-4944-0026.flac,3752,4944,english,16000,16000,1,2.55,-16.705301796408115,-3.3991715697014384,0.0,3.011366970895324e-06,KEEP,ok
f76126e56e294e0c,clean\english\f76126e56e294e0c.wav,librispeech,C:\Users\Suhaan\Downloads\dev-clean\LibriSpeech\dev-clean\3752\4944\3752-4944-0027.flac,3752,4944,english,16000,16000,1,11.39,-18.92552232322921,-2.878775284594358,0.0,6.411973458853026e-07,KEEP,ok
7ccfa7b367d96a9c,clean\english\7ccfa7b367d96a9c.wav,librispeech,C:\Users\Suhaan\Downloads\dev-clean\LibriSpeech\dev-clean\3752\4944\3752-4944-0028.flac,3752,4944,english,16000,16000,1,3.21,-18.12893399887066,-3.79088969210752,0.0,3.161682798236143e-06,KEEP,ok
389ee974eb7ccc27,clean\english\389ee974eb7ccc27.wav,librispeech,C:\Users\Suhaan\Downloads\dev-clean\LibriSpeech\dev-clean\3752\4944\3752-4944-0029.flac,3752,4944,english,16000,16000,1,2.225,-18.99901578315599,-3.8497354563659636,0.0,2.038591446762439e-05,KEEP,ok
9a3affab966292cf,clean\english\9a3affab966292cf.wav,librispeech,C:\Users\Suhaan\Downloads\dev-clean\LibriSpeech\dev-clean\3752\4944\3752-4944-0030.flac,3752,4944,english,16000,16000,1,3.205,-17.194711503039485,-2.8643870341920867,0.0,6.023769856255967e-06,KEEP,ok
13b74d4d65a06706,clean\english\13b74d4d65a06706.wav,librispeech,C:\Users\Suhaan\Downloads\dev-clean\LibriSpeech\dev-clean\3752\4944\3752-4944-0031.flac,3752,4944,english,16000,16000,1,8.65,-18.204724739295813,-0.10748647211537454,0.0,3.567734268017375e-07,KEEP,ok
19c06ef30debd8c8,clean\english\19c06ef30debd8c8.wav,librispeech,C:\Users\Suhaan\Downloads\dev-clean\LibriSpeech\dev-clean\3752\4944\3752-4944-0032.flac,3752,4944,english,16000,16000,1,4.74,-17.6443302837238,-0.9296525319031762,0.0,6.7384935391601175e-06,KEEP,ok
6a681ed612218dd5,clean\english\6a681ed612218dd5.wav,librispeech,C:\Users\Suhaan\Downloads\dev-clean\LibriSpeech\dev-clean\3752\4944\3752-4944-0033.flac,3752,4944,english,16000,16000,1,4.225,-16.92205303728743,-0.5081426939099072,0.0,7.63977732276544e-06,KEEP,ok
5589a7cd97cd365c,clean\english\5589a7cd97cd365c.wav,librispeech,C:\Users\Suhaan\Downloads\dev-clean\LibriSpeech\dev-clean\3752\4944\3752-4944-0034.flac,3752,4944,english,16000,16000,1,4.42,-18.1695631201236,-1.1045771263007278,0.0,2.703817699512001e-05,KEEP,ok
51813e6a52e5d6c9,clean\english\51813e6a52e5d6c9.wav,librispeech,C:\Users\Suhaan\Downloads\dev-clean\LibriSpeech\dev-clean\3752\4944\3752-4944-0035.flac,3752,4944,english,16000,16000,1,3.285,-20.888944988414472,-1.769019524063614,0.0,2.2322656150208786e-05,KEEP,ok
41528647d68cb6c6,clean\english\41528647d68cb6c6.wav,librispeech,C:\Users\Suhaan\Downloads\dev-clean\LibriSpeech\dev-clean\3752\4944\3752-4944-0036.flac,3752,4944,english,16000,16000,1,6.85,-18.370692525299106,-0.6999484335745754,0.0,4.692634320235811e-06,KEEP,ok
84f9f4a5a2072199,clean\english\84f9f4a5a2072199.wav,librispeech,C:\Users\Suhaan\Downloads\dev-clean\LibriSpeech\dev-clean\3752\4944\3752-4944-0037.flac,3752,4944,english,16000,16000,1,2.575,-21.631812178342425,-2.7636023904142286,0.0,3.653961584859644e-06,KEEP,ok
c0ade83f94ce20b2,clean\english\c0ade83f94ce20b2.wav,librispeech,C:\Users\Suhaan\Downloads\dev-clean\LibriSpeech\dev-clean\3752\4944\3752-4944-0038.flac,3752,4944,english,16000,16000,1,2.865,-18.591414476892133,-0.40033226771461233,0.0,1.852757804954308e-06,KEEP,ok
935aec334eea0ff7,clean\english\935aec334eea0ff7.wav,librispeech,C:\Users\Suhaan\Downloads\dev-clean\LibriSpeech\dev-clean\3752\4944\3752-4944-0039.flac,3752,4944,english,16000,16000,1,5.685,-19.838302834999123,-3.2356740395363124,0.0,1.0149041145268711e-06,KEEP,ok
36bb827c6bf057be,clean\english\36bb827c6bf057be.wav,librispeech,C:\Users\Suhaan\Downloads\dev-clean\LibriSpeech\dev-clean\3752\4944\3752-4944-0040.flac,3752,4944,english,16000,16000,1,2.785,-18.028493228260878,-3.5251392172012253,0.0,9.177188786679835e-08,KEEP,ok
495d36fa5d95f720,clean\english\495d36fa5d95f720.wav,librispeech,C:\Users\Suhaan\Downloads\dev-clean\LibriSpeech\dev-clean\3752\4944\3752-4944-0041.flac,3752,4944,english,16000,16000,1,2.475,-17.315223655198512,-1.9088930000133317,0.0,3.470218643997214e-06,KEEP,ok
52c64ffbed1e5dda,clean\english\52c64ffbed1e5dda.wav,librispeech,C:\Users\Suhaan\Downloads\dev-clean\LibriSpeech\dev-clean\3752\4944\3752-4944-0042.flac,3752,4944,english,16000,16000,1,3.21,-19.646123198789805,-0.43231223975723165,0.0,1.092714683181839e-05,KEEP,ok
6701311d7d1eccc8,clean\english\6701311d7d1eccc8.wav,librispeech,C:\Users\Suhaan\Downloads\dev-clean\LibriSpeech\dev-clean\3752\4944\3752-4944-0043.flac,3752,4944,english,16000,16000,1,3.3,-18.736781921158688,-2.2575813347477514,0.0,5.959597274340922e-06,KEEP,ok
1cfc6304c84d85d7,clean\english\1cfc6304c84d85d7.wav,librispeech,C:\Users\Suhaan\Downloads\dev-clean\LibriSpeech\dev-clean\3752\4944\3752-4944-0044.flac,3752,4944,english,16000,16000,1,2.365,-21.445871159010924,-4.902410757397189,0.0,8.307652933581267e-06,KEEP,ok
d2102795f5a0e27e,clean\english\d2102795f5a0e27e.wav,librispeech,C:\Users\Suhaan\Downloads\dev-clean\LibriSpeech\dev-clean\3752\4944\3752-4944-0045.flac,3752,4944,english,16000,16000,1,2.765,-18.489830445674563,-4.117672781318889,0.0,8.981439350463916e-06,KEEP,ok
ddb8b72c46ce3381,clean\english\ddb8b72c46ce3381.wav,librispeech,C:\Users\Suhaan\Downloads\dev-clean\LibriSpeech\dev-clean\3752\4944\3752-4944-0046.flac,3752,4944,english,16000,16000,1,1.86,-16.59579006281116,-0.11446697232384934,0.0,1.0345827831770293e-05,KEEP,ok
6cdb2adb4b642b96,clean\english\6cdb2adb4b642b96.wav,librispeech,C:\Users\Suhaan\Downloads\dev-clean\LibriSpeech\dev-clean\3752\4944\3752-4944-0047.flac,3752,4944,english,16000,16000,1,6.975,-18.032616053652003,-2.0011839355428833,0.0,9.186720490106381e-06,KEEP,ok
377bb85f36aee6eb,clean\english\377bb85f36aee6eb.wav,librispeech,C:\Users\Suhaan\Downloads\dev-clean\LibriSpeech\dev-clean\3752\4944\3752-4944-0048.flac,3752,4944,english,16000,16000,1,4.83,-17.679358365551998,-1.4096882322210496,0.0,4.127849933865946e-06,KEEP,ok
162ce2fcaafe0f82,clean\english\162ce2fcaafe0f82.wav,librispeech,C:\Users\Suhaan\Downloads\dev-clean\LibriSpeech\dev-clean\3752\4944\3752-4944-0049.flac,3752,4944,english,16000,16000,1,2.765,-17.224517355465437,-0.634400719193883,0.0,4.908749815513147e-06,KEEP,ok
a2b4c86c7f86cdf2,clean\english\a2b4c86c7f86cdf2.wav,librispeech,C:\Users\Suhaan\Downloads\dev-clean\LibriSpeech\dev-clean\3752\4944\3752-4944-0050.flac,3752,4944,english,16000,16000,1,2.72,-16.198100606280516,-0.6947782610183123,0.0,2.577725581431878e-06,KEEP,ok
dd5f1afa5011cbb7,clean\english\dd5f1afa5011cbb7.wav,librispeech,C:\Users\Suhaan\Downloads\dev-clean\LibriSpeech\dev-clean\3752\4944\3752-4944-0051.flac,3752,4944,english,16000,16000,1,3.535,-18.93198177483154,-3.4211532254921444,0.0,1.1994983651675284e-05,KEEP,ok
dc6ca4da0b8c718e,clean\english\dc6ca4da0b8c718e.wav,librispeech,C:\Users\Suhaan\Downloads\dev-clean\LibriSpeech\dev-clean\3752\4944\3752-4944-0052.flac,3752,4944,english,16000,16000,1,7.925,-17.616614865020995,-0.4317550590759151,0.0,1.1155282209074358e-06,KEEP,ok
d36cad32d42cedad,clean\english\d36cad32d42cedad.wav,librispeech,C:\Users\Suhaan\Downloads\dev-clean\LibriSpeech\dev-clean\3752\4944\3752-4944-0053.flac,3752,4944,english,16000,16000,1,8.795,-17.541228001267545,-0.15619830793025985,0.0,6.560455403814558e-06,KEEP,ok
7464838ca8a03425,clean\english\7464838ca8a03425.wav,librispeech,C:\Users\Suhaan\Downloads\dev-clean\LibriSpeech\dev-clean\3752\4944\3752-4944-0054.flac,3752,4944,english,16000,16000,1,3.18,-19.45045024926378,-5.147273012634771,0.0,8.692831215739716e-06,KEEP,ok
438500b370152d11,clean\english\438500b370152d11.wav,librispeech,C:\Users\Suhaan\Downloads\dev-clean\LibriSpeech\dev-clean\3752\4944\3752-4944-0055.flac,3752,4944,english,16000,16000,1,2.17,-19.843396538541278,-3.88158754597805,0.0,1.6762693121563643e-05,KEEP,ok
f26ea7470cd4299f,clean\english\f26ea7470cd4299f.wav,librispeech,C:\Users\Suhaan\Downloads\dev-clean\LibriSpeech\dev-clean\3752\4944\3752-4944-0056.flac,3752,4944,english,16000,16000,1,4.53,-16.947058216662874,-0.9918280990251072,0.0,1.4825109246885404e-06,KEEP,ok
c9afdb8cb593e30b,clean\english\c9afdb8cb593e30b.wav,librispeech,C:\Users\Suhaan\Downloads\dev-clean\LibriSpeech\dev-clean\3752\4944\3752-4944-0057.flac,3752,4944,english,16000,16000,1,2.535,-20.609808435898174,-5.123334375395089,0.0,1.158554368885234e-05,KEEP,ok
c7518eccac66675b,clean\english\c7518eccac66675b.wav,librispeech,C:\Users\Suhaan\Downloads\dev-clean\LibriSpeech\dev-clean\3752\4944\3752-4944-0058.flac,3752,4944,english,16000,16000,1,2.05,-17.91886722503518,-1.1365438418361733,0.0,8.224859811889473e-06,KEEP,ok
d41bb97fff03e2ff,clean\english\d41bb97fff03e2ff.wav,librispeech,C:\Users\Suhaan\Downloads\dev-clean\LibriSpeech\dev-clean\3752\4944\3752-4944-0059.flac,3752,4944,english,16000,16000,1,4.62,-20.66064719577046,-7.862059374092787,0.0,6.30457179795485e-06,KEEP,ok
793e4fb1ccf57dc9,clean\english\793e4fb1ccf57dc9.wav,librispeech,C:\Users\Suhaan\Downloads\dev-clean\LibriSpeech\dev-clean\3752\4944\3752-4944-0060.flac,3752,4944,english,16000,16000,1,4.025,-21.133327157985008,-4.02364672661991,0.0,4.250188794685528e-06,KEEP,ok
2d003362180594ef,clean\english\2d003362180594ef.wav,librispeech,C:\Users\Suhaan\Downloads\dev-clean\LibriSpeech\dev-clean\3752\4944\3752-4944-0061.flac,3752,4944,english,16000,16000,1,2.485,-18.609792866804924,-4.951490312816407,0.0,1.5020850696600974e-06,KEEP,ok
6f0fdd688d3cd67f,clean\english\6f0fdd688d3cd67f.wav,librispeech,C:\Users\Suhaan\Downloads\dev-clean\LibriSpeech\dev-clean\3752\4944\3752-4944-0062.flac,3752,4944,english,16000,16000,1,4.24,-21.613263801005385,-4.928552004609684,0.0,1.1974460903729778e-05,KEEP,ok
5345586ec3e605e3,clean\english\5345586ec3e605e3.wav,librispeech,C:\Users\Suhaan\Downloads\dev-clean\LibriSpeech\dev-clean\3752\4944\3752-4944-0063.flac,3752,4944,english,16000,16000,1,2.07,-21.185983763759854,-4.830000848194191,0.0,1.02370258900919e-05,KEEP,ok
c53e8a4556418954,clean\english\c53e8a4556418954.wav,librispeech,C:\Users\Suhaan\Downloads\dev-clean\LibriSpeech\dev-clean\3752\4944\3752-4944-0064.flac,3752,4944,english,16000,16000,1,6.805,-19.17392681789521,-2.9220835965009457,0.0,4.413949682202656e-06,KEEP,ok
75af2cf2e29ad669,clean\english\75af2cf2e29ad669.wav,librispeech,C:\Users\Suhaan\Downloads\dev-clean\LibriSpeech\dev-clean\3752\4944\3752-4944-0065.flac,3752,4944,english,16000,16000,1,4.2,-18.014700406531013,-2.605098332796757,0.0,3.3165158583869925e-06,KEEP,ok
f02597322fff50dc,clean\english\f02597322fff50dc.wav,librispeech,C:\Users\Suhaan\Downloads\dev-clean\LibriSpeech\dev-clean\3752\4944\3752-4944-0066.flac,3752,4944,english,16000,16000,1,7.125,-19.00739309367912,-3.013102555712161,0.0,8.39501069549442e-07,KEEP,ok
44face582a6b23f4,clean\english\44face582a6b23f4.wav,librispeech,C:\Users\Suhaan\Downloads\dev-clean\LibriSpeech\dev-clean\3752\4944\3752-4944-0067.flac,3752,4944,english,16000,16000,1,2.6950625,-18.94113288490676,-4.121932240818758,0.0,1.0804755220306106e-05,KEEP,ok
b8279db9cd4ac304,clean\english\b8279db9cd4ac304.wav,librispeech,C:\Users\Suhaan\Downloads\dev-clean\LibriSpeech\dev-clean\3752\4944\3752-4944-0068.flac,3752,4944,english,16000,16000,1,14.755,-18.975903017650083,-1.6762562435051374,0.0,3.2253647077595815e-06,KEEP,ok
00604edaecc0a4ab,clean\english\00604edaecc0a4ab.wav,librispeech,C:\Users\Suhaan\Downloads\dev-clean\LibriSpeech\dev-clean\3752\4944\3752-4944-0069.flac,3752,4944,english,16000,16000,1,10.21,-19.092024995871867,-1.9479471344442645,0.0,6.874674909340683e-07,KEEP,ok
08fdd574788e4168,clean\english\08fdd574788e4168.wav,librispeech,C:\Users\Suhaan\Downloads\dev-clean\LibriSpeech\dev-clean\3853\163249\3853-163249-0000.flac,3853,163249,english,16000,16000,1,9.48,-23.879616952780182,-5.824036679942496,0.0,0.000116624309157487,KEEP,ok
2d3b501061f3c071,clean\english\2d3b501061f3c071.wav,librispeech,C:\Users\Suhaan\Downloads\dev-clean\LibriSpeech\dev-clean\3853\163249\3853-163249-0001.flac,3853,163249,english,16000,16000,1,8.66,-22.451704802394392,-3.542259767972908,0.0,7.259201811393723e-05,KEEP,ok
e6cc6649eb865cd2,clean\english\e6cc6649eb865cd2.wav,librispeech,C:\Users\Suhaan\Downloads\dev-clean\LibriSpeech\dev-clean\3853\163249\3853-163249-0002.flac,3853,163249,english,16000,16000,1,7.665,-23.358047567167862,-4.134723166414283,0.0,5.257364682620391e-05,KEEP,ok
2db56a805d1c07d8,clean\english\2db56a805d1c07d8.wav,librispeech,C:\Users\Suhaan\Downloads\dev-clean\LibriSpeech\dev-clean\3853\163249\3853-163249-0003.flac,3853,163249,english,16000,16000,1,6.85,-21.959132664018345,-3.673166966894402,0.0,4.9836373364087194e-05,KEEP,ok
3f33ff6f4a51bbe5,clean\english\3f33ff6f4a51bbe5.wav,librispeech,C:\Users\Suhaan\Downloads\dev-clean\LibriSpeech\dev-clean\3853\163249\3853-163249-0004.flac,3853,163249,english,16000,16000,1,5.85,-20.251541686451166,-1.6679013360688744,0.0,0.00018260075012221932,KEEP,ok
f0036a8fee461118,clean\english\f0036a8fee461118.wav,librispeech,C:\Users\Suhaan\Downloads\dev-clean\LibriSpeech\dev-clean\3853\163249\3853-163249-0005.flac,3853,163249,english,16000,16000,1,10.67,-21.686463777816094,-3.9573419035903727,0.0,7.199266838142648e-05,KEEP,ok
7ab1fbc0052ef9df,clean\english\7ab1fbc0052ef9df.wav,librispeech,C:\Users\Suhaan\Downloads\dev-clean\LibriSpeech\dev-clean\3853\163249\3853-163249-0006.flac,3853,163249,english,16000,16000,1,9.095,-21.95109059614781,-2.4804158008054764,0.0,0.000526570191141218,KEEP,ok
488aabd0a3b5c92c,clean\english\488aabd0a3b5c92c.wav,librispeech,C:\Users\Suhaan\Downloads\dev-clean\LibriSpeech\dev-clean\3853\163249\3853-163249-0007.flac,3853,163249,english,16000,16000,1,5.4999375,-21.311932053836035,-1.0988596564300515,0.0,0.00010403490887256339,KEEP,ok
14b9e146310d316e,clean\english\14b9e146310d316e.wav,librispeech,C:\Users\Suhaan\Downloads\dev-clean\LibriSpeech\dev-clean\3853\163249\3853-163249-0008.flac,3853,163249,english,16000,16000,1,5.8500625,-20.53784114368552,-2.8452397009399837,0.0,0.000200009933905676,KEEP,ok
2abeb0567fee2b54,clean\english\2abeb0567fee2b54.wav,librispeech,C:\Users\Suhaan\Downloads\dev-clean\LibriSpeech\dev-clean\3853\163249\3853-163249-0009.flac,3853,163249,english,16000,16000,1,5.79,-20.981296090516246,-2.718537422583276,0.0,0.0001304241013713181,KEEP,ok
b893b9e5a5c81cf9,clean\english\b893b9e5a5c81cf9.wav,librispeech,C:\Users\Suhaan\Downloads\dev-clean\LibriSpeech\dev-clean\3853\163249\3853-163249-0010.flac,3853,163249,english,16000,16000,1,10.18,-20.600304197926906,-2.3041120744313477,0.0,0.00022541976068168879,KEEP,ok
fde2946bbda42625,clean\english\fde2946bbda42625.wav,librispeech,C:\Users\Suhaan\Downloads\dev-clean\LibriSpeech\dev-clean\3853\163249\3853-163249-0011.flac,3853,163249,english,16000,16000,1,2.26,-21.407958452445108,-2.603309603690152,0.0,0.00012650109420064837,KEEP,ok
0ec7f066df209713,clean\english\0ec7f066df209713.wav,librispeech,C:\Users\Suhaan\Downloads\dev-clean\LibriSpeech\dev-clean\3853\163249\3853-163249-0012.flac,3853,163249,english,16000,16000,1,14.77,-21.871510413547664,-3.3246141193165752,0.0,0.00026785413501784205,KEEP,ok
22acae569e42cfe6,clean\english\22acae569e42cfe6.wav,librispeech,C:\Users\Suhaan\Downloads\dev-clean\LibriSpeech\dev-clean\3853\163249\3853-163249-0013.flac,3853,163249,english,16000,16000,1,6.115,-22.498318968359307,-3.9060729769732783,0.0,4.348380753071979e-05,KEEP,ok
18e568de2952a732,clean\english\18e568de2952a732.wav,librispeech,C:\Users\Suhaan\Downloads\dev-clean\LibriSpeech\dev-clean\3853\163249\3853-163249-0014.flac,3853,163249,english,16000,16000,1,10.94,-22.83885812743071,-3.1020540796790526,0.0,5.0001126510323957e-05,KEEP,ok
70439580b85b09cd,clean\english\70439580b85b09cd.wav,librispeech,C:\Users\Suhaan\Downloads\dev-clean\LibriSpeech\dev-clean\3853\163249\3853-163249-0015.flac,3853,163249,english,16000,16000,1,2.3,-19.90858653029202,-1.6278453279171856,0.0,0.00027406029403209686,KEEP,ok
d4c83cdf23df9a66,clean\english\d4c83cdf23df9a66.wav,librispeech,C:\Users\Suhaan\Downloads\dev-clean\LibriSpeech\dev-clean\3853\163249\3853-163249-0016.flac,3853,163249,english,16000,16000,1,15.47,-19.942730552148195,-0.848022597423605,0.0,0.00019426265498623252,KEEP,ok
55fd546f03a29b8e,clean\english\55fd546f03a29b8e.wav,librispeech,C:\Users\Suhaan\Downloads\dev-clean\LibriSpeech\dev-clean\3853\163249\3853-163249-0017.flac,3853,163249,english,16000,16000,1,11.895,-21.58123191937236,-3.5108316400942225,0.0,3.828759872703813e-05,KEEP,ok
d07ef97b5d3cbb5e,clean\english\d07ef97b5d3cbb5e.wav,librispeech,C:\Users\Suhaan\Downloads\dev-clean\LibriSpeech\dev-clean\3853\163249\3853-163249-0018.flac,3853,163249,english,16000,16000,1,10.305,-14.82127746750981,-2.161180609779728,0.0,0.0009138330351561308,KEEP,ok
e666f6a7fa806032,clean\english\e666f6a7fa806032.wav,librispeech,C:\Users\Suhaan\Downloads\dev-clean\LibriSpeech\dev-clean\3853\163249\3853-163249-0019.flac,3853,163249,english,16000,16000,1,5.8,-13.689956533463159,-2.455762973378574,0.0,0.001168762450106442,KEEP,ok
302dfc933478a753,clean\english\302dfc933478a753.wav,librispeech,C:\Users\Suhaan\Downloads\dev-clean\LibriSpeech\dev-clean\3853\163249\3853-163249-0020.flac,3853,163249,english,16000,16000,1,6.07,-14.586289291828097,-3.123295621324951,0.0,0.000940093828830868,KEEP,ok
8458e55f24a521e8,clean\english\8458e55f24a521e8.wav,librispeech,C:\Users\Suhaan\Downloads\dev-clean\LibriSpeech\dev-clean\3853\163249\3853-163249-0021.flac,3853,163249,english,16000,16000,1,4.5,-11.179827366443543,-2.0349584435720907,0.0,0.001090453239157796,KEEP,ok
eb9e1c39e6bc3a21,clean\english\eb9e1c39e6bc3a21.wav,librispeech,C:\Users\Suhaan\Downloads\dev-clean\LibriSpeech\dev-clean\3853\163249\3853-163249-0022.flac,3853,163249,english,16000,16000,1,8.505,-12.837296685781233,-1.8156119878768504,0.0,0.001132708741351962,KEEP,ok
3e61ee43fa973fdc,clean\english\3e61ee43fa973fdc.wav,librispeech,C:\Users\Suhaan\Downloads\dev-clean\LibriSpeech\dev-clean\3853\163249\3853-163249-0023.flac,3853,163249,english,16000,16000,1,4.98,-17.060341436571246,-3.757324949570778,0.0,0.00031241451506502926,KEEP,ok
d4aa23bb356d7f7d,clean\english\d4aa23bb356d7f7d.wav,librispeech,C:\Users\Suhaan\Downloads\dev-clean\LibriSpeech\dev-clean\3853\163249\3853-163249-0024.flac,3853,163249,english,16000,16000,1,14.68,-13.087915662320786,-2.4881783057717914,0.0,0.0012749541783705354,KEEP,ok
032e1d6d74616779,clean\english\032e1d6d74616779.wav,librispeech,C:\Users\Suhaan\Downloads\dev-clean\LibriSpeech\dev-clean\3853\163249\3853-163249-0025.flac,3853,163249,english,16000,16000,1,6.095,-13.264756185822266,-2.9395419303871213,0.0,0.0005210090894252062,KEEP,ok
0064665ba7d5bc48,clean\english\0064665ba7d5bc48.wav,librispeech,C:\Users\Suhaan\Downloads\dev-clean\LibriSpeech\dev-clean\3853\163249\3853-163249-0026.flac,3853,163249,english,16000,16000,1,5.835,-11.845364681626558,-1.636481798467159,0.0,0.0016404924681410193,KEEP,ok
c757fa32dfdc634e,clean\english\c757fa32dfdc634e.wav,librispeech,C:\Users\Suhaan\Downloads\dev-clean\LibriSpeech\dev-clean\3853\163249\3853-163249-0027.flac,3853,163249,english,16000,16000,1,8.58,-12.543563141854419,-2.0951407759292886,0.0,0.001496089855208993,KEEP,ok
0b56b0f2f345722e,clean\english\0b56b0f2f345722e.wav,librispeech,C:\Users\Suhaan\Downloads\dev-clean\LibriSpeech\dev-clean\3853\163249\3853-163249-0028.flac,3853,163249,english,16000,16000,1,9.57,-11.173495449388016,-1.5793847990044596,0.0,0.0016100510256364942,KEEP,ok
c97632397cb0da48,clean\english\c97632397cb0da48.wav,librispeech,C:\Users\Suhaan\Downloads\dev-clean\LibriSpeech\dev-clean\3853\163249\3853-163249-0029.flac,3853,163249,english,16000,16000,1,3.945,-10.98658228831667,-1.478866449312064,0.0,0.002907584421336651,KEEP,ok
a270acd4884c8ea7,clean\english\a270acd4884c8ea7.wav,librispeech,C:\Users\Suhaan\Downloads\dev-clean\LibriSpeech\dev-clean\3853\163249\3853-163249-0030.flac,3853,163249,english,16000,16000,1,16.445,-13.119161355526792,-1.681401722355641,0.0,0.0010697111720219254,KEEP,ok
1f072ad6dac5f66f,clean\english\1f072ad6dac5f66f.wav,librispeech,C:\Users\Suhaan\Downloads\dev-clean\LibriSpeech\dev-clean\3853\163249\3853-163249-0031.flac,3853,163249,english,16000,16000,1,8.83,-13.945386386744262,-2.4290760340274433,0.0,0.0008291015401482582,KEEP,ok
d9e24229e939c1de,clean\english\d9e24229e939c1de.wav,librispeech,C:\Users\Suhaan\Downloads\dev-clean\LibriSpeech\dev-clean\3853\163249\3853-163249-0032.flac,3853,163249,english,16000,16000,1,5.34,-12.61855382702765,-1.7074975881555736,0.0,0.000885477289557457,KEEP,ok
4811db66b02959a8,clean\english\4811db66b02959a8.wav,librispeech,C:\Users\Suhaan\Downloads\dev-clean\LibriSpeech\dev-clean\3853\163249\3853-163249-0033.flac,3853,163249,english,16000,16000,1,3.875,-12.102572960059543,-1.5508179884043911,0.0,0.002784458687528968,KEEP,ok
5839a7e2f073df9a,clean\english\5839a7e2f073df9a.wav,librispeech,C:\Users\Suhaan\Downloads\dev-clean\LibriSpeech\dev-clean\3853\163249\3853-163249-0034.flac,3853,163249,english,16000,16000,1,2.765,-14.54437637816084,-2.9369395280107096,0.0,0.0019129830179736018,KEEP,ok
b59cb5bfb4dbcb95,clean\english\b59cb5bfb4dbcb95.wav,librispeech,C:\Users\Suhaan\Downloads\dev-clean\LibriSpeech\dev-clean\3853\163249\3853-163249-0035.flac,3853,163249,english,16000,16000,1,4.755,-16.810896942919975,-2.7265157777865214,0.0,0.00019488489488139749,KEEP,ok
e23612abbb384fa6,clean\english\e23612abbb384fa6.wav,librispeech,C:\Users\Suhaan\Downloads\dev-clean\LibriSpeech\dev-clean\3853\163249\3853-163249-0036.flac,3853,163249,english,16000,16000,1,24.125,-12.406007707581608,-1.4246665978019648,0.0,0.0015453981468454003,KEEP,ok
d5dcff9972a43811,clean\english\d5dcff9972a43811.wav,librispeech,C:\Users\Suhaan\Downloads\dev-clean\LibriSpeech\dev-clean\3853\163249\3853-163249-0037.flac,3853,163249,english,16000,16000,1,6.665,-12.525536694321195,-1.5889279857964278,0.0,0.0011351772118359804,KEEP,ok
85cc7eab11bd241f,clean\english\85cc7eab11bd241f.wav,librispeech,C:\Users\Suhaan\Downloads\dev-clean\LibriSpeech\dev-clean\3853\163249\3853-163249-0038.flac,3853,163249,english,16000,16000,1,6.24,-12.841377939288499,-2.1252197607866776,0.0,0.0011155800893902779,KEEP,ok
2fafdbad8151acff,clean\english\2fafdbad8151acff.wav,librispeech,C:\Users\Suhaan\Downloads\dev-clean\LibriSpeech\dev-clean\3853\163249\3853-163249-0039.flac,3853,163249,english,16000,16000,1,4.79,-13.763217483739083,-2.5576431108505866,0.0,0.0004429994442034513,KEEP,ok
c8a00fc314914714,clean\english\c8a00fc314914714.wav,librispeech,C:\Users\Suhaan\Downloads\dev-clean\LibriSpeech\dev-clean\3853\163249\3853-163249-0040.flac,3853,163249,english,16000,16000,1,3.27,-14.531906613165251,-2.7494035107612773,0.0,0.00024631628184579313,KEEP,ok
fd0ef47f13088001,clean\english\fd0ef47f13088001.wav,librispeech,C:\Users\Suhaan\Downloads\dev-clean\LibriSpeech\dev-clean\3853\163249\3853-163249-0041.flac,3853,163249,english,16000,16000,1,7.14,-14.357025661359256,-2.0011839355428833,0.0,0.0006642849184572697,KEEP,ok
c60f13d4525799e6,clean\english\c60f13d4525799e6.wav,librispeech,C:\Users\Suhaan\Downloads\dev-clean\LibriSpeech\dev-clean\3853\163249\3853-163249-0042.flac,3853,163249,english,16000,16000,1,13.185,-13.190509322500954,-1.8775782086663475,0.0,0.0009788944153115153,KEEP,ok
6d4d4172046db398,clean\english\6d4d4172046db398.wav,librispeech,C:\Users\Suhaan\Downloads\dev-clean\LibriSpeech\dev-clean\3853\163249\3853-163249-0043.flac,3853,163249,english,16000,16000,1,5.66,-13.629954772033441,-2.4737173975055375,0.0,0.0008465531282126904,KEEP,ok
df45802128ee8de4,clean\english\df45802128ee8de4.wav,librispeech,C:\Users\Suhaan\Downloads\dev-clean\LibriSpeech\dev-clean\3853\163249\3853-163249-0044.flac,3853,163249,english,16000,16000,1,3.505,-15.807682249226984,-1.7764965708294134,0.0,0.0005960565176792443,KEEP,ok
ab7be77b6792b096,clean\english\ab7be77b6792b096.wav,librispeech,C:\Users\Suhaan\Downloads\dev-clean\LibriSpeech\dev-clean\3853\163249\3853-163249-0045.flac,3853,163249,english,16000,16000,1,7.29,-13.6804522784191,-1.8159386908892472,0.0,0.0005081011913716793,KEEP,ok
7e1aa903b00a6176,clean\english\7e1aa903b00a6176.wav,librispeech,C:\Users\Suhaan\Downloads\dev-clean\LibriSpeech\dev-clean\3853\163249\3853-163249-0046.flac,3853,163249,english,16000,16000,1,17.425,-13.512425276955007,-2.2102728241403726,0.0,0.0009391847997903824,KEEP,ok
b08f2c952180b43b,clean\english\b08f2c952180b43b.wav,librispeech,C:\Users\Suhaan\Downloads\dev-clean\LibriSpeech\dev-clean\3853\163249\3853-163249-0047.flac,3853,163249,english,16000,16000,1,11.935,-14.580032336354218,-1.9499376370054313,0.0,0.0003604931989684701,KEEP,ok
33735ea9b720e13b,clean\english\33735ea9b720e13b.wav,librispeech,C:\Users\Suhaan\Downloads\dev-clean\LibriSpeech\dev-clean\3853\163249\3853-163249-0048.flac,3853,163249,english,16000,16000,1,8.565,-12.988659876862412,-2.0991902991254014,0.0,0.0015210792189463973,KEEP,ok
b69feff4a16702b4,clean\english\b69feff4a16702b4.wav,librispeech,C:\Users\Suhaan\Downloads\dev-clean\LibriSpeech\dev-clean\3853\163249\3853-163249-0049.flac,3853,163249,english,16000,16000,1,13.565,-15.58743237250901,-2.445218858089388,0.0,0.0005208500078879297,KEEP,ok
9648d255ce8a9139,clean\english\9648d255ce8a9139.wav,librispeech,C:\Users\Suhaan\Downloads\dev-clean\LibriSpeech\dev-clean\3853\163249\3853-163249-0050.flac,3853,163249,english,16000,16000,1,4.335,-14.562219199568434,-1.9968462459114142,0.0,0.0010935707250609994,KEEP,ok
0fe2653d63995137,clean\english\0fe2653d63995137.wav,librispeech,C:\Users\Suhaan\Downloads\dev-clean\LibriSpeech\dev-clean\3853\163249\3853-163249-0051.flac,3853,163249,english,16000,16000,1,5.76,-14.417226504766319,-2.611540809335941,0.0,0.000525078852660954,KEEP,ok
7a6c1fb001cde3e4,clean\english\7a6c1fb001cde3e4.wav,librispeech,C:\Users\Suhaan\Downloads\dev-clean\LibriSpeech\dev-clean\3853\163249\3853-163249-0052.flac,3853,163249,english,16000,16000,1,11.97,-15.498900725875675,-2.5455531982385797,0.0,0.0003110044344794005,KEEP,ok
ecece353aa5b3f6c,clean\english\ecece353aa5b3f6c.wav,librispeech,C:\Users\Suhaan\Downloads\dev-clean\LibriSpeech\dev-clean\3853\163249\3853-163249-0053.flac,3853,163249,english,16000,16000,1,20.64,-14.178846570664712,-1.674648906274091,0.0,0.0006876976112835109,KEEP,ok
0230f0db70107e10,clean\english\0230f0db70107e10.wav,librispeech,C:\Users\Suhaan\Downloads\dev-clean\LibriSpeech\dev-clean\3853\163249\3853-163249-0054.flac,3853,163249,english,16000,16000,1,18.5450625,-13.976510845017105,-1.5911562388812834,0.0,0.0008266271906904876,KEEP,ok
ece4e18d54551ffa,clean\english\ece4e18d54551ffa.wav,librispeech,C:\Users\Suhaan\Downloads\dev-clean\LibriSpeech\dev-clean\3853\163249\3853-163249-0055.flac,3853,163249,english,16000,16000,1,3.895,-14.00629356724675,-3.4546249032834675,0.0,0.0007625148864462972,KEEP,ok
775d7afab7d959e2,clean\english\775d7afab7d959e2.wav,librispeech,C:\Users\Suhaan\Downloads\dev-clean\LibriSpeech\dev-clean\3853\163249\3853-163249-0056.flac,3853,163249,english,16000,16000,1,4.155,-14.236629934936627,-2.377340865526697,0.0,0.00016548717394471169,KEEP,ok
a58630e6e4853372,clean\english\a58630e6e4853372.wav,librispeech,C:\Users\Suhaan\Downloads\dev-clean\LibriSpeech\dev-clean\422\122949\422-122949-0000.flac,422,122949,english,16000,16000,1,20.22,-20.871648596030383,-2.7305077052427236,0.0,5.946031888015568e-05,KEEP,ok
e77e756c2d0ebfea,clean\english\e77e756c2d0ebfea.wav,librispeech,C:\Users\Suhaan\Downloads\dev-clean\LibriSpeech\dev-clean\422\122949\422-122949-0001.flac,422,122949,english,16000,16000,1,12.455,-22.511959087752608,-3.6187173863830835,0.0,1.0373036275268532e-05,KEEP,ok
fc4687931877abb5,clean\english\fc4687931877abb5.wav,librispeech,C:\Users\Suhaan\Downloads\dev-clean\LibriSpeech\dev-clean\422\122949\422-122949-0002.flac,422,122949,english,16000,16000,1,4.475,-23.645879957306278,-5.475081336398158,0.0,1.002689987217309e-05,KEEP,ok
8ac0bc0e62419c97,clean\english\8ac0bc0e62419c97.wav,librispeech,C:\Users\Suhaan\Downloads\dev-clean\LibriSpeech\dev-clean\422\122949\422-122949-0003.flac,422,122949,english,16000,16000,1,18.955,-21.79307134440456,-2.8316412926529977,0.0,7.747829840809572e-06,KEEP,ok
f69560dc04253985,clean\english\f69560dc04253985.wav,librispeech,C:\Users\Suhaan\Downloads\dev-clean\LibriSpeech\dev-clean\422\122949\422-122949-0004.flac,422,122949,english,16000,16000,1,6.985,-23.229076634245853,-5.247571970049252,0.0,4.112336569050967e-07,KEEP,ok
1e320f03b95148e7,clean\english\1e320f03b95148e7.wav,librispeech,C:\Users\Suhaan\Downloads\dev-clean\LibriSpeech\dev-clean\422\122949\422-122949-0005.flac,422,122949,english,16000,16000,1,9.765,-23.432468544320457,-2.9458652984948936,0.0,1.3169006706448272e-05,KEEP,ok
bbb01b9b9204080d,clean\english\bbb01b9b9204080d.wav,librispeech,C:\Users\Suhaan\Downloads\dev-clean\LibriSpeech\dev-clean\422\122949\422-122949-0006.flac,422,122949,english,16000,16000,1,14.295,-23.19121473948375,-2.9827813638596457,0.0,1.282026460103225e-05,KEEP,ok
2cd2010fd1a34dbd,clean\english\2cd2010fd1a34dbd.wav,librispeech,C:\Users\Suhaan\Downloads\dev-clean\LibriSpeech\dev-clean\422\122949\422-122949-0007.flac,422,122949,english,16000,16000,1,14.93,-23.95805444821939,-5.756405707774185,0.0,6.689517704216996e-06,KEEP,ok
31d7685ca9b2ce13,clean\english\31d7685ca9b2ce13.wav,librispeech,C:\Users\Suhaan\Downloads\dev-clean\LibriSpeech\dev-clean\422\122949\422-122949-0008.flac,422,122949,english,16000,16000,1,9.3,-24.228182005573906,-6.863947650720593,0.0,7.69953567214543e-06,KEEP,ok
673bbab980a2ac3b,clean\english\673bbab980a2ac3b.wav,librispeech,C:\Users\Suhaan\Downloads\dev-clean\LibriSpeech\dev-clean\422\122949\422-122949-0009.flac,422,122949,english,16000,16000,1,24.365,-22.311365250183837,-2.9801659760576955,0.0,1.168825474451296e-05,KEEP,ok
12de586fe7b4a150,clean\english\12de586fe7b4a150.wav,librispeech,C:\Users\Suhaan\Downloads\dev-clean\LibriSpeech\dev-clean\422\122949\422-122949-0011.flac,422,122949,english,16000,16000,1,17.225,-24.09559981410529,-3.026988273055529,0.0,8.959943443187512e-06,KEEP,ok
309997e2d0c437c6,clean\english\309997e2d0c437c6.wav,librispeech,C:\Users\Suhaan\Downloads\dev-clean\LibriSpeech\dev-clean\422\122949\422-122949-0012.flac,422,122949,english,16000,16000,1,15.7,-23.227043587222745,-4.828614248807758,0.0,5.686571512342198e-06,KEEP,ok
d6940cb036d08f57,clean\english\d6940cb036d08f57.wav,librispeech,C:\Users\Suhaan\Downloads\dev-clean\LibriSpeech\dev-clean\422\122949\422-122949-0014.flac,422,122949,english,16000,16000,1,28.795,-23.498927393958237,-4.550278158300312,0.0,2.84694721131018e-07,KEEP,ok
3934099e627582b6,clean\english\3934099e627582b6.wav,librispeech,C:\Users\Suhaan\Downloads\dev-clean\LibriSpeech\dev-clean\422\122949\422-122949-0015.flac,422,122949,english,16000,16000,1,17.465,-24.089326164177443,-4.493175031539171,0.0,9.867867447610479e-06,KEEP,ok
81182101769442da,clean\english\81182101769442da.wav,librispeech,C:\Users\Suhaan\Downloads\dev-clean\LibriSpeech\dev-clean\422\122949\422-122949-0016.flac,422,122949,english,16000,16000,1,5.015,-24.636978002340353,-7.188925311386395,0.0,4.5203971239971e-05,KEEP,ok
b9661b36660fdb42,clean\english\b9661b36660fdb42.wav,librispeech,C:\Users\Suhaan\Downloads\dev-clean\LibriSpeech\dev-clean\422\122949\422-122949-0017.flac,422,122949,english,16000,16000,1,2.19,-22.298388156766144,-2.947353819065447,0.0,7.05335769453086e-05,KEEP,ok
fd3ffd84383d6013,clean\english\fd3ffd84383d6013.wav,librispeech,C:\Users\Suhaan\Downloads\dev-clean\LibriSpeech\dev-clean\422\122949\422-122949-0018.flac,422,122949,english,16000,16000,1,14.565,-24.674132355603334,-3.3573249730227097,0.0,1.2573048479680438e-05,KEEP,ok
daa1f03257e85e5c,clean\english\daa1f03257e85e5c.wav,librispeech,C:\Users\Suhaan\Downloads\dev-clean\LibriSpeech\dev-clean\422\122949\422-122949-0019.flac,422,122949,english,16000,16000,1,19.115,-23.174159592054583,-4.328882370181618,0.0,3.009849024238065e-06,KEEP,ok
f5d4d39c5ebbd628,clean\english\f5d4d39c5ebbd628.wav,librispeech,C:\Users\Suhaan\Downloads\dev-clean\LibriSpeech\dev-clean\422\122949\422-122949-0020.flac,422,122949,english,16000,16000,1,23.41,-24.13326361169654,-4.088339303373542,0.0,9.72544148680754e-06,KEEP,ok
4cfcbf679d118cd5,clean\english\4cfcbf679d118cd5.wav,librispeech,C:\Users\Suhaan\Downloads\dev-clean\LibriSpeech\dev-clean\422\122949\422-122949-0021.flac,422,122949,english,16000,16000,1,12.69,-24.449948193619658,-4.406016767615986,0.0,8.616586455900688e-06,KEEP,ok
17cecf03be2b1963,clean\english\17cecf03be2b1963.wav,librispeech,C:\Users\Suhaan\Downloads\dev-clean\LibriSpeech\dev-clean\422\122949\422-122949-0022.flac,422,122949,english,16000,16000,1,16.285,-23.962499251491877,-2.9243103670578514,0.0,1.222436549142003e-05,KEEP,ok
c156d049a40de310,clean\english\c156d049a40de310.wav,librispeech,C:\Users\Suhaan\Downloads\dev-clean\LibriSpeech\dev-clean\422\122949\422-122949-0023.flac,422,122949,english,16000,16000,1,14.94,-24.066776391903645,-6.644171410747038,0.0,3.612982936829212e-06,KEEP,ok
3870d2ff09e1ea26,clean\english\3870d2ff09e1ea26.wav,librispeech,C:\Users\Suhaan\Downloads\dev-clean\LibriSpeech\dev-clean\422\122949\422-122949-0024.flac,422,122949,english,16000,16000,1,9.74,-24.570926652860447,-5.65314101629118,0.0,1.5715064591859118e-06,KEEP,ok
4114bb20ff3d76a9,clean\english\4114bb20ff3d76a9.wav,librispeech,C:\Users\Suhaan\Downloads\dev-clean\LibriSpeech\dev-clean\422\122949\422-122949-0025.flac,422,122949,english,16000,16000,1,17.85,-23.738131588425084,-2.919486418827702,0.0,1.1929423635592684e-05,KEEP,ok
1ca7bc98557d0739,clean\english\1ca7bc98557d0739.wav,librispeech,C:\Users\Suhaan\Downloads\dev-clean\LibriSpeech\dev-clean\422\122949\422-122949-0026.flac,422,122949,english,16000,16000,1,13.11,-24.970969245152197,-6.090862426106879,0.0,1.3857593330612872e-05,KEEP,ok
5ee3b4688c1c883a,clean\english\5ee3b4688c1c883a.wav,librispeech,C:\Users\Suhaan\Downloads\dev-clean\LibriSpeech\dev-clean\422\122949\422-122949-0027.flac,422,122949,english,16000,16000,1,19.12,-23.507520997716878,-2.9883884195304837,0.0,1.595728645042982e-05,KEEP,ok
a1659353fb0daa2d,clean\english\a1659353fb0daa2d.wav,librispeech,C:\Users\Suhaan\Downloads\dev-clean\LibriSpeech\dev-clean\422\122949\422-122949-0028.flac,422,122949,english,16000,16000,1,3.665,-27.259850145129096,-8.71452319639598,0.0,3.2525367714697495e-05,KEEP,ok
bb1a1b9aa86032de,clean\english\bb1a1b9aa86032de.wav,librispeech,C:\Users\Suhaan\Downloads\dev-clean\LibriSpeech\dev-clean\422\122949\422-122949-0029.flac,422,122949,english,16000,16000,1,2.915,-24.20775428951902,-8.655445086232113,0.0,4.930578143103048e-05,KEEP,ok
2cac8b006c29b880,clean\english\2cac8b006c29b880.wav,librispeech,C:\Users\Suhaan\Downloads\dev-clean\LibriSpeech\dev-clean\422\122949\422-122949-0030.flac,422,122949,english,16000,16000,1,2.94,-26.204643336713076,-7.979500461027731,0.0,2.0936719010933302e-05,KEEP,ok
9a39bdba8f357bb2,clean\english\9a39bdba8f357bb2.wav,librispeech,C:\Users\Suhaan\Downloads\dev-clean\LibriSpeech\dev-clean\422\122949\422-122949-0031.flac,422,122949,english,16000,16000,1,6.86,-25.686646501400382,-6.985726824237673,0.0,1.1112947504443582e-05,KEEP,ok
f0e3a2515eead2ef,clean\english\f0e3a2515eead2ef.wav,librispeech,C:\Users\Suhaan\Downloads\dev-clean\LibriSpeech\dev-clean\422\122949\422-122949-0032.flac,422,122949,english,16000,16000,1,13.36,-25.014429844117817,-2.9719513089490803,0.0,2.9910825105616823e-05,KEEP,ok
0ad9c2841e223af1,clean\english\0ad9c2841e223af1.wav,librispeech,C:\Users\Suhaan\Downloads\dev-clean\LibriSpeech\dev-clean\422\122949\422-122949-0033.flac,422,122949,english,16000,16000,1,5.555,-25.851376863386996,-5.318183409161592,0.0,1.3304400454217102e-05,KEEP,ok
5146209a73235b9d,clean\english\5146209a73235b9d.wav,librispeech,C:\Users\Suhaan\Downloads\dev-clean\LibriSpeech\dev-clean\422\122949\422-122949-0034.flac,422,122949,english,16000,16000,1,14.985,-22.861473061041657,-2.9443770329717722,0.0,9.49881268752506e-06,KEEP,ok
0b3dd2f0d867efd2,clean\english\0b3dd2f0d867efd2.wav,librispeech,C:\Users\Suhaan\Downloads\dev-clean\LibriSpeech\dev-clean\422\122949\422-122949-0035.flac,422,122949,english,16000,16000,1,4.695,-24.011187221352873,-6.279963716759983,0.0,2.914932520070579e-05,KEEP,ok
428890a21f6f2e7d,clean\english\428890a21f6f2e7d.wav,librispeech,C:\Users\Suhaan\Downloads\dev-clean\LibriSpeech\dev-clean\5338\24615\5338-24615-0000.flac,5338,24615,english,16000,16000,1,10.025,-25.88224393293504,-5.041012072514313,0.0,3.238211832012894e-07,KEEP,ok
121bed82cd15100b,clean\english\121bed82cd15100b.wav,librispeech,C:\Users\Suhaan\Downloads\dev-clean\LibriSpeech\dev-clean\5338\24615\5338-24615-0001.flac,5338,24615,english,16000,16000,1,7.605,-25.085184659889688,-4.774249515171132,0.0,6.295128400779504e-07,KEEP,ok
96fa3998b4c4fd85,clean\english\96fa3998b4c4fd85.wav,librispeech,C:\Users\Suhaan\Downloads\dev-clean\LibriSpeech\dev-clean\5338\24615\5338-24615-0003.flac,5338,24615,english,16000,16000,1,11.575,-25.628279497964854,-6.325967275092582,0.0,6.291367071753484e-07,KEEP,ok
cc5811346ee79869,clean\english\cc5811346ee79869.wav,librispeech,C:\Users\Suhaan\Downloads\dev-clean\LibriSpeech\dev-clean\5338\24615\5338-24615-0004.flac,5338,24615,english,16000,16000,1,23.51,-25.07703059980647,-3.4791211512137816,0.0,2.7746202135858766e-07,KEEP,ok
3e5eba547bf4944e,clean\english\3e5eba547bf4944e.wav,librispeech,C:\Users\Suhaan\Downloads\dev-clean\LibriSpeech\dev-clean\5338\24615\5338-24615-0005.flac,5338,24615,english,16000,16000,1,17.77,-26.196123086034106,-6.594190347695116,0.0,3.671511876746081e-06,KEEP,ok
8ac666c928af0373,clean\english\8ac666c928af0373.wav,librispeech,C:\Users\Suhaan\Downloads\dev-clean\LibriSpeech\dev-clean\5338\24615\5338-24615-0006.flac,5338,24615,english,16000,16000,1,11.585,-25.50235856872201,-6.88149136429554,0.0,9.114442605095974e-07,KEEP,ok
65f83dd1edc2d993,clean\english\65f83dd1edc2d993.wav,librispeech,C:\Users\Suhaan\Downloads\dev-clean\LibriSpeech\dev-clean\5338\24615\5338-24615-0007.flac,5338,24615,english,16000,16000,1,10.08,-26.231380538363325,-5.147273012634771,0.0,5.194119125917496e-07,KEEP,ok
0282229909f6cb8b,clean\english\0282229909f6cb8b.wav,librispeech,C:\Users\Suhaan\Downloads\dev-clean\LibriSpeech\dev-clean\5338\24615\5338-24615-0008.flac,5338,24615,english,16000,16000,1,9.68,-26.09656174145051,-6.062582636354843,0.0,4.080701501152362e-07,KEEP,ok
fe0ed2433b6b658f,clean\english\fe0ed2433b6b658f.wav,librispeech,C:\Users\Suhaan\Downloads\dev-clean\LibriSpeech\dev-clean\5338\24615\5338-24615-0009.flac,5338,24615,english,16000,16000,1,4.255,-25.720356192102578,-4.675153355975609,0.0,8.227822036133148e-06,KEEP,ok
65d362042cb0b9bd,clean\english\65d362042cb0b9bd.wav,librispeech,C:\Users\Suhaan\Downloads\dev-clean\LibriSpeech\dev-clean\5338\24615\5338-24615-0010.flac,5338,24615,english,16000,16000,1,3.89,-25.55443847358349,-8.22677110521499,0.0,5.471982262861275e-07,KEEP,ok
08d58762b4698a01,clean\english\08d58762b4698a01.wav,librispeech,C:\Users\Suhaan\Downloads\dev-clean\LibriSpeech\dev-clean\5338\24615\5338-24615-0011.flac,5338,24615,english,16000,16000,1,6.93,-25.161462671641203,-5.82662847706675,0.0,3.13129953610769e-06,KEEP,ok
6e92b649eff18add,clean\english\6e92b649eff18add.wav,librispeech,C:\Users\Suhaan\Downloads\dev-clean\LibriSpeech\dev-clean\5338\24615\5338-24615-0012.flac,5338,24615,english,16000,16000,1,4.3,-23.73719446049522,-4.560130676605363,0.0,5.661720479110954e-06,KEEP,ok
f8b1c9733c48b6a8,clean\english\f8b1c9733c48b6a8.wav,librispeech,C:\Users\Suhaan\Downloads\dev-clean\LibriSpeech\dev-clean\5338\24615\5338-24615-0013.flac,5338,24615,english,16000,16000,1,8.085,-24.916899383130957,-1.6070889780285964,0.0,3.1574463719152845e-06,KEEP,ok
def40b5b2dd9a573,clean\english\def40b5b2dd9a573.wav,librispeech,C:\Users\Suhaan\Downloads\dev-clean\LibriSpeech\dev-clean\5338\24615\5338-24615-0014.flac,5338,24615,english,16000,16000,1,12.295,-25.61367739647872,-6.134798301066335,0.0,3.983791430073325e-06,KEEP,ok
b0b538ec406110fa,clean\english\b0b538ec406110fa.wav,librispeech,C:\Users\Suhaan\Downloads\dev-clean\LibriSpeech\dev-clean\5338\24640\5338-24640-0000.flac,5338,24640,english,16000,16000,1,3.45,-25.076388612139088,-5.185712593602067,0.0,4.802648618351668e-06,KEEP,ok
43b21c61fbb2e9f0,clean\english\43b21c61fbb2e9f0.wav,librispeech,C:\Users\Suhaan\Downloads\dev-clean\LibriSpeech\dev-clean\5338\24640\5338-24640-0001.flac,5338,24640,english,16000,16000,1,11.26,-26.630217450303842,-5.022088558192509,0.0,4.343029559095157e-06,KEEP,ok
afdd4de18b2c3b37,clean\english\afdd4de18b2c3b37.wav,librispeech,C:\Users\Suhaan\Downloads\dev-clean\LibriSpeech\dev-clean\5338\24640\5338-24640-0002.flac,5338,24640,english,16000,16000,1,9.83,-29.69071011243537,-9.385340884376728,0.0,1.9292745037091663e-06,KEEP,ok
5492aace56feff27,clean\english\5492aace56feff27.wav,librispeech,C:\Users\Suhaan\Downloads\dev-clean\LibriSpeech\dev-clean\5338\24640\5338-24640-0003.flac,5338,24640,english,16000,16000,1,6.42,-28.687841669946156,-8.649702823639325,0.0,5.398509529186413e-06,KEEP,ok
43d87eef0307a430,clean\english\43d87eef0307a430.wav,librispeech,C:\Users\Suhaan\Downloads\dev-clean\LibriSpeech\dev-clean\5338\24640\5338-24640-0004.flac,5338,24640,english,16000,16000,1,9.66,-28.12550415754664,-7.370941300630378,0.0,4.438238192960853e-06,KEEP,ok
b282cee9305c286e,clean\english\b282cee9305c286e.wav,librispeech,C:\Users\Suhaan\Downloads\dev-clean\LibriSpeech\dev-clean\5338\24640\5338-24640-0005.flac,5338,24640,english,16000,16000,1,15.21,-25.762932514921868,-5.500010719328392,0.0,2.496984052413609e-06,KEEP,ok
4835cdf97204efe4,clean\english\4835cdf97204efe4.wav,librispeech,C:\Users\Suhaan\Downloads\dev-clean\LibriSpeech\dev-clean\5338\24640\5338-24640-0006.flac,5338,24640,english,16000,16000,1,10.93,-24.362979053547495,-4.49851253046055,0.0,3.3737210287654307e-06,KEEP,ok
c59bb621097ea49e,clean\english\c59bb621097ea49e.wav,librispeech,C:\Users\Suhaan\Downloads\dev-clean\LibriSpeech\dev-clean\5338\24640\5338-24640-0007.flac,5338,24640,english,16000,16000,1,17.55,-24.797215489897017,-1.825745499696703,0.0,1.7606295159566798e-06,KEEP,ok
6c60ebf83fff8180,clean\english\6c60ebf83fff8180.wav,librispeech,C:\Users\Suhaan\Downloads\dev-clean\LibriSpeech\dev-clean\5338\24640\5338-24640-0008.flac,5338,24640,english,16000,16000,1,10.08,-26.544804887611043,-4.921542166735826,0.0,1.3341979183678632e-06,KEEP,ok
86c291ac2f7ff08f,clean\english\86c291ac2f7ff08f.wav,librispeech,C:\Users\Suhaan\Downloads\dev-clean\LibriSpeech\dev-clean\5338\24640\5338-24640-0009.flac,5338,24640,english,16000,16000,1,12.125,-25.242251441783132,-3.9799461592612415,0.0,3.2389532407250954e-06,KEEP,ok
6864988a50d9f725,clean\english\6864988a50d9f725.wav,librispeech,C:\Users\Suhaan\Downloads\dev-clean\LibriSpeech\dev-clean\5338\284437\5338-284437-0000.flac,5338,284437,english,16000,16000,1,4.55,-25.929422025557564,-6.010003486885417,0.0,5.561493253480876e-06,KEEP,ok
ab415400097155fb,clean\english\ab415400097155fb.wav,librispeech,C:\Users\Suhaan\Downloads\dev-clean\LibriSpeech\dev-clean\5338\284437\5338-284437-0001.flac,5338,284437,english,16000,16000,1,9.05,-26.978779790407927,-5.5732167110085,0.0,4.114815055800136e-06,KEEP,ok
f4cdaca137ec4644,clean\english\f4cdaca137ec4644.wav,librispeech,C:\Users\Suhaan\Downloads\dev-clean\LibriSpeech\dev-clean\5338\284437\5338-284437-0002.flac,5338,284437,english,16000,16000,1,2.785,-25.819074528201167,-4.9140712365790185,0.0,4.383819941722322e-06,KEEP,ok
8e9e717a0d356a54,clean\english\8e9e717a0d356a54.wav,librispeech,C:\Users\Suhaan\Downloads\dev-clean\LibriSpeech\dev-clean\5338\284437\5338-284437-0003.flac,5338,284437,english,16000,16000,1,2.73,-30.18858190426841,-9.97668774805081,0.0,4.707587777375011e-06,KEEP,ok
259f2fdd6a022b54,clean\english\259f2fdd6a022b54.wav,librispeech,C:\Users\Suhaan\Downloads\dev-clean\LibriSpeech\dev-clean\5338\284437\5338-284437-0004.flac,5338,284437,english,16000,16000,1,6.195,-23.998022870043847,-3.702752882795327,0.0,2.016586222453043e-05,KEEP,ok
cfbba5710927bdfa,clean\english\cfbba5710927bdfa.wav,librispeech,C:\Users\Suhaan\Downloads\dev-clean\LibriSpeech\dev-clean\5338\284437\5338-284437-0005.flac,5338,284437,english,16000,16000,1,5.21,-25.79676354957978,-9.178524217612352,0.0,6.100952759879874e-06,KEEP,ok
dca647e8efc55ed9,clean\english\dca647e8efc55ed9.wav,librispeech,C:\Users\Suhaan\Downloads\dev-clean\LibriSpeech\dev-clean\5338\284437\5338-284437-0006.flac,5338,284437,english,16000,16000,1,4.93,-28.979834109413144,-11.63318101632596,0.0,5.787429472547956e-06,KEEP,ok
bda1055687c121b7,clean\english\bda1055687c121b7.wav,librispeech,C:\Users\Suhaan\Downloads\dev-clean\LibriSpeech\dev-clean\5338\284437\5338-284437-0007.flac,5338,284437,english,16000,16000,1,3.7,-23.49400927748406,-4.476294557436346,0.0,1.4412338714464568e-05,KEEP,ok
8210b1c67d0f98b9,clean\english\8210b1c67d0f98b9.wav,librispeech,C:\Users\Suhaan\Downloads\dev-clean\LibriSpeech\dev-clean\5338\284437\5338-284437-0008.flac,5338,284437,english,16000,16000,1,9.25,-24.065298458520125,-3.653364301936061,0.0,2.444499159537372e-06,KEEP,ok
09e79f18c355f2aa,clean\english\09e79f18c355f2aa.wav,librispeech,C:\Users\Suhaan\Downloads\dev-clean\LibriSpeech\dev-clean\5338\284437\5338-284437-0009.flac,5338,284437,english,16000,16000,1,10.295,-25.398111522113407,-3.4325584839511287,0.0,9.530814168101642e-06,KEEP,ok
34ddd2484dbaae66,clean\english\34ddd2484dbaae66.wav,librispeech,C:\Users\Suhaan\Downloads\dev-clean\LibriSpeech\dev-clean\5338\284437\5338-284437-0010.flac,5338,284437,english,16000,16000,1,6.625,-25.430946302438258,-5.826110055768553,0.0,7.784861395521148e-07,KEEP,ok
901acb65248962f1,clean\english\901acb65248962f1.wav,librispeech,C:\Users\Suhaan\Downloads\dev-clean\LibriSpeech\dev-clean\5338\284437\5338-284437-0011.flac,5338,284437,english,16000,16000,1,3.105,-30.427699705195522,-12.378474349403252,0.0,9.705671288884332e-08,KEEP,ok
3aeef0ae375dc3a1,clean\english\3aeef0ae375dc3a1.wav,librispeech,C:\Users\Suhaan\Downloads\dev-clean\LibriSpeech\dev-clean\5338\284437\5338-284437-0012.flac,5338,284437,english,16000,16000,1,3.025,-24.55135885597144,-6.58060891608485,0.0,6.496965397673193e-06,KEEP,ok
0f417aa2b73c2138,clean\english\0f417aa2b73c2138.wav,librispeech,C:\Users\Suhaan\Downloads\dev-clean\LibriSpeech\dev-clean\5338\284437\5338-284437-0013.flac,5338,284437,english,16000,16000,1,11.25,-26.06484615238714,-6.841193669890454,0.0,9.789361001821817e-07,KEEP,ok
a2bb385ad55febfc,clean\english\a2bb385ad55febfc.wav,librispeech,C:\Users\Suhaan\Downloads\dev-clean\LibriSpeech\dev-clean\5338\284437\5338-284437-0014.flac,5338,284437,english,16000,16000,1,1.845,-33.01943841995022,-15.056927707858287,0.0,2.188540520364768e-06,KEEP,ok
0ef57a90ee1e00b9,clean\english\0ef57a90ee1e00b9.wav,librispeech,C:\Users\Suhaan\Downloads\dev-clean\LibriSpeech\dev-clean\5338\284437\5338-284437-0015.flac,5338,284437,english,16000,16000,1,5.33,-24.755982698201336,-4.8059977367196485,0.0,2.400468019914115e-06,KEEP,ok
b2bb241c10925577,clean\english\b2bb241c10925577.wav,librispeech,C:\Users\Suhaan\Downloads\dev-clean\LibriSpeech\dev-clean\5338\284437\5338-284437-0016.flac,5338,284437,english,16000,16000,1,3.37,-21.86048423235585,-6.103698718548587,0.0,8.06576463219244e-06,KEEP,ok
d26be752a1f19251,clean\english\d26be752a1f19251.wav,librispeech,C:\Users\Suhaan\Downloads\dev-clean\LibriSpeech\dev-clean\5338\284437\5338-284437-0017.flac,5338,284437,english,16000,16000,1,5.01,-25.409053023078144,-9.910894703102079,0.0,9.69549819274107e-06,KEEP,ok
20648af6e4cc16d8,clean\english\20648af6e4cc16d8.wav,librispeech,C:\Users\Suhaan\Downloads\dev-clean\LibriSpeech\dev-clean\5338\284437\5338-284437-0018.flac,5338,284437,english,16000,16000,1,7.96,-22.678595214216312,-4.417029130120185,0.0,1.4544731641308317e-07,KEEP,ok
6e4b893d19e42560,clean\english\6e4b893d19e42560.wav,librispeech,C:\Users\Suhaan\Downloads\dev-clean\LibriSpeech\dev-clean\5338\284437\5338-284437-0019.flac,5338,284437,english,16000,16000,1,3.115,-26.534160062751987,-10.00599663460493,0.0,2.209769081673585e-05,KEEP,ok
9418c6d6b6a45551,clean\english\9418c6d6b6a45551.wav,librispeech,C:\Users\Suhaan\Downloads\dev-clean\LibriSpeech\dev-clean\5338\284437\5338-284437-0020.flac,5338,284437,english,16000,16000,1,10.675,-24.198844656979993,-3.9665439449035937,0.0,1.8349855679389293e-07,KEEP,ok
eae4593a7514f062,clean\english\eae4593a7514f062.wav,librispeech,C:\Users\Suhaan\Downloads\dev-clean\LibriSpeech\dev-clean\5338\284437\5338-284437-0021.flac,5338,284437,english,16000,16000,1,7.515,-25.26349855904725,-6.155772875258726,0.0,2.5850094971247017e-06,KEEP,ok
b6955f704caa25b6,clean\english\b6955f704caa25b6.wav,librispeech,C:\Users\Suhaan\Downloads\dev-clean\LibriSpeech\dev-clean\5338\284437\5338-284437-0022.flac,5338,284437,english,16000,16000,1,10.08,-27.318391751375728,-6.358425588738939,0.0,6.794929504394531e-06,KEEP,ok
895035c4140c249a,clean\english\895035c4140c249a.wav,librispeech,C:\Users\Suhaan\Downloads\dev-clean\LibriSpeech\dev-clean\5338\284437\5338-284437-0023.flac,5338,284437,english,16000,16000,1,2.795,-24.37640318517415,-3.4274439298323456,0.0,2.968503167721792e-06,KEEP,ok
0d1967a44246e742,clean\english\0d1967a44246e742.wav,librispeech,C:\Users\Suhaan\Downloads\dev-clean\LibriSpeech\dev-clean\5338\284437\5338-284437-0024.flac,5338,284437,english,16000,16000,1,5.985,-22.709884540143513,-5.5898491098619445,0.0,6.426027994166361e-06,KEEP,ok
84b848be96f69667,clean\english\84b848be96f69667.wav,librispeech,C:\Users\Suhaan\Downloads\dev-clean\LibriSpeech\dev-clean\5338\284437\5338-284437-0025.flac,5338,284437,english,16000,16000,1,1.94,-21.894080113180536,-5.955635673468783,0.0,7.885018362685514e-07,KEEP,ok
54f6fd251c85d018,clean\english\54f6fd251c85d018.wav,librispeech,C:\Users\Suhaan\Downloads\dev-clean\LibriSpeech\dev-clean\5338\284437\5338-284437-0026.flac,5338,284437,english,16000,16000,1,15.925,-25.641444688973305,-3.5634083784355446,0.0,4.499546321312664e-06,KEEP,ok
bf16bc7aca13e68f,clean\english\bf16bc7aca13e68f.wav,librispeech,C:\Users\Suhaan\Downloads\dev-clean\LibriSpeech\dev-clean\5338\284437\5338-284437-0027.flac,5338,284437,english,16000,16000,1,3.97,-28.00849615153559,-11.709386888884064,0.0,4.199049499220564e-07,KEEP,ok
cd73c74487d7ac38,clean\english\cd73c74487d7ac38.wav,librispeech,C:\Users\Suhaan\Downloads\dev-clean\LibriSpeech\dev-clean\5338\284437\5338-284437-0028.flac,5338,284437,english,16000,16000,1,4.59,-23.561447478156396,-3.0906960147207774,0.0,8.632518984086346e-06,KEEP,ok
01e741fce4a69a7b,clean\english\01e741fce4a69a7b.wav,librispeech,C:\Users\Suhaan\Downloads\dev-clean\LibriSpeech\dev-clean\5338\284437\5338-284437-0029.flac,5338,284437,english,16000,16000,1,7.58,-25.28205666085165,-4.49851253046055,0.0,7.458286859218788e-07,KEEP,ok
091c99947efdd56a,clean\english\091c99947efdd56a.wav,librispeech,C:\Users\Suhaan\Downloads\dev-clean\LibriSpeech\dev-clean\5338\284437\5338-284437-0030.flac,5338,284437,english,16000,16000,1,4.33,-22.856721522212492,-6.035456661548391,0.0,5.586813585978234e-06,KEEP,ok
9827025859f031d6,clean\english\9827025859f031d6.wav,librispeech,C:\Users\Suhaan\Downloads\dev-clean\LibriSpeech\dev-clean\5338\284437\5338-284437-0031.flac,5338,284437,english,16000,16000,1,7.75,-24.41368091651548,-5.301086638052034,0.0,2.0537838736345293e-06,KEEP,ok
b992dcacce0893f4,clean\english\b992dcacce0893f4.wav,librispeech,C:\Users\Suhaan\Downloads\dev-clean\LibriSpeech\dev-clean\5338\284437\5338-284437-0032.flac,5338,284437,english,16000,16000,1,9.275,-22.985209567111088,-4.468309979299631,0.0,3.900039700965863e-06,KEEP,ok
91c76e60f4b91d45,clean\english\91c76e60f4b91d45.wav,librispeech,C:\Users\Suhaan\Downloads\dev-clean\LibriSpeech\dev-clean\5338\284437\5338-284437-0033.flac,5338,284437,english,16000,16000,1,2.075,-21.969827125523956,-2.656412531256011,0.0,7.914347406767774e-06,KEEP,ok
ba15484d135e1912,clean\english\ba15484d135e1912.wav,librispeech,C:\Users\Suhaan\Downloads\dev-clean\LibriSpeech\dev-clean\5536\43358\5536-43358-0000.flac,5536,43358,english,16000,16000,1,3.175,-25.84775326062497,-6.549564666246428,0.0,6.16827528574504e-05,KEEP,ok
11d99377b3cd9479,clean\english\11d99377b3cd9479.wav,librispeech,C:\Users\Suhaan\Downloads\dev-clean\LibriSpeech\dev-clean\5536\43358\5536-43358-0001.flac,5536,43358,english,16000,16000,1,9.875,-25.683667132961325,-6.295271179802022,0.0,7.121856469893828e-05,KEEP,ok
c885892946fbb101,clean\english\c885892946fbb101.wav,librispeech,C:\Users\Suhaan\Downloads\dev-clean\LibriSpeech\dev-clean\5536\43358\5536-43358-0002.flac,5536,43358,english,16000,16000,1,10.11,-23.516586210227352,-5.7250922216614715,0.0,7.414756692014635e-05,KEEP,ok
71b8601bb34ba553,clean\english\71b8601bb34ba553.wav,librispeech,C:\Users\Suhaan\Downloads\dev-clean\LibriSpeech\dev-clean\5536\43358\5536-43358-0003.flac,5536,43358,english,16000,16000,1,6.04,-22.494177860357212,-5.576742135198982,0.0,5.293208232615143e-05,KEEP,ok
c6763bbd8dcab131,clean\english\c6763bbd8dcab131.wav,librispeech,C:\Users\Suhaan\Downloads\dev-clean\LibriSpeech\dev-clean\5536\43358\5536-43358-0004.flac,5536,43358,english,16000,16000,1,5.825,-23.941223437023563,-6.234202526517193,0.0,6.780304829590023e-05,KEEP,ok
bbf2cc7ecabb8445,clean\english\bbf2cc7ecabb8445.wav,librispeech,C:\Users\Suhaan\Downloads\dev-clean\LibriSpeech\dev-clean\5536\43358\5536-43358-0005.flac,5536,43358,english,16000,16000,1,14.065,-23.50955210330676,-2.244528625119861,0.0,6.286493589868769e-05,KEEP,ok
44c49a28e156746f,clean\english\44c49a28e156746f.wav,librispeech,C:\Users\Suhaan\Downloads\dev-clean\LibriSpeech\dev-clean\5536\43358\5536-43358-0006.flac,5536,43358,english,16000,16000,1,10.41,-24.918085731038463,-5.2747745995052195,0.0,7.577945507364348e-05,KEEP,ok
cb8f8d584d6acc91,clean\english\cb8f8d584d6acc91.wav,librispeech,C:\Users\Suhaan\Downloads\dev-clean\LibriSpeech\dev-clean\5536\43358\5536-43358-0007.flac,5536,43358,english,16000,16000,1,9.42,-23.961340600964366,-5.633851439884149,0.0,6.77969292155467e-05,KEEP,ok
0cdb691f094e8971,clean\english\0cdb691f094e8971.wav,librispeech,C:\Users\Suhaan\Downloads\dev-clean\LibriSpeech\dev-clean\5536\43358\5536-43358-0008.flac,5536,43358,english,16000,16000,1,20.39,-24.110683585833502,-3.472792922064089,0.0,6.426492473110557e-05,KEEP,ok
7b79e7aeb135f5b0,clean\english\7b79e7aeb135f5b0.wav,librispeech,C:\Users\Suhaan\Downloads\dev-clean\LibriSpeech\dev-clean\5536\43358\5536-43358-0009.flac,5536,43358,english,16000,16000,1,8.065,-25.831052980149757,-7.030870030039329,0.0,7.194429053924978e-05,KEEP,ok
79b7d5402070ab65,clean\english\79b7d5402070ab65.wav,librispeech,C:\Users\Suhaan\Downloads\dev-clean\LibriSpeech\dev-clean\5536\43358\5536-43358-0010.flac,5536,43358,english,16000,16000,1,8.14,-24.142630393292848,-5.769786828545307,0.0,6.250737351365387e-05,KEEP,ok
10e0c379e8307eff,clean\english\10e0c379e8307eff.wav,librispeech,C:\Users\Suhaan\Downloads\dev-clean\LibriSpeech\dev-clean\5536\43358\5536-43358-0011.flac,5536,43358,english,16000,16000,1,7.59,-23.851905431912172,-6.293629803530929,0.0,7.847269444027916e-05,KEEP,ok
165a7539bc7bff42,clean\english\165a7539bc7bff42.wav,librispeech,C:\Users\Suhaan\Downloads\dev-clean\LibriSpeech\dev-clean\5536\43358\5536-43358-0012.flac,5536,43358,english,16000,16000,1,3.385,-22.598556842229108,-6.725434114998476,0.0,4.221410563332029e-05,KEEP,ok
e4826773017b8c16,clean\english\e4826773017b8c16.wav,librispeech,C:\Users\Suhaan\Downloads\dev-clean\LibriSpeech\dev-clean\5536\43358\5536-43358-0013.flac,5536,43358,english,16000,16000,1,10.4,-24.39906353437765,-6.210870121142991,0.0,7.022325735306367e-05,KEEP,ok
cd74a1a324c0c0e7,clean\english\cd74a1a324c0c0e7.wav,librispeech,C:\Users\Suhaan\Downloads\dev-clean\LibriSpeech\dev-clean\5536\43358\5536-43358-0014.flac,5536,43358,english,16000,16000,1,2.83,-24.627187106688332,-10.215694034236815,0.0,6.365354784065858e-05,KEEP,ok
e7b0d0c3e52c5946,clean\english\e7b0d0c3e52c5946.wav,librispeech,C:\Users\Suhaan\Downloads\dev-clean\LibriSpeech\dev-clean\5536\43358\5536-43358-0015.flac,5536,43358,english,16000,16000,1,5.96,-25.273956774461105,-4.848973257919606,0.0,7.23598786862567e-05,KEEP,ok
d4acb1acf42973d5,clean\english\d4acb1acf42973d5.wav,librispeech,C:\Users\Suhaan\Downloads\dev-clean\LibriSpeech\dev-clean\5536\43358\5536-43358-0016.flac,5536,43358,english,16000,16000,1,2.425,-25.393065678787035,-8.583226118760713,0.0,8.059550600592047e-05,KEEP,ok
562f3dd2659979f8,clean\english\562f3dd2659979f8.wav,librispeech,C:\Users\Suhaan\Downloads\dev-clean\LibriSpeech\dev-clean\5536\43358\5536-43358-0017.flac,5536,43358,english,16000,16000,1,13.805,-24.678202134674567,-6.9190368054950016,0.0,7.328971696551889e-05,KEEP,ok
b5c849bd68b054d0,clean\english\b5c849bd68b054d0.wav,librispeech,C:\Users\Suhaan\Downloads\dev-clean\LibriSpeech\dev-clean\5536\43358\5536-43358-0018.flac,5536,43358,english,16000,16000,1,12.065,-24.21709011156417,-5.257277417886326,0.0,6.31611401331611e-05,KEEP,ok
41302a1099c3cd7d,clean\english\41302a1099c3cd7d.wav,librispeech,C:\Users\Suhaan\Downloads\dev-clean\LibriSpeech\dev-clean\5536\43358\5536-43358-0019.flac,5536,43358,english,16000,16000,1,5.26,-25.620380799847354,-9.688913071923622,0.0,6.420947465812787e-05,KEEP,ok
c878dbe7adf12890,clean\english\c878dbe7adf12890.wav,librispeech,C:\Users\Suhaan\Downloads\dev-clean\LibriSpeech\dev-clean\5536\43359\5536-43359-0000.flac,5536,43359,english,16000,16000,1,3.35,-24.26250300284873,-9.079949117450495,0.0,6.505311466753483e-05,KEEP,ok
0343ada7737cb1f7,clean\english\0343ada7737cb1f7.wav,librispeech,C:\Users\Suhaan\Downloads\dev-clean\LibriSpeech\dev-clean\5536\43359\5536-43359-0001.flac,5536,43359,english,16000,16000,1,10.36,-23.521826954787926,-5.56013479168514,0.0,8.406271081184968e-05,KEEP,ok
cdad0abfe4dd53b0,clean\english\cdad0abfe4dd53b0.wav,librispeech,C:\Users\Suhaan\Downloads\dev-clean\LibriSpeech\dev-clean\5536\43359\5536-43359-0002.flac,5536,43359,english,16000,16000,1,11.04,-23.15952730714947,-6.592491506935115,0.0,7.0660185883753e-05,KEEP,ok
a08d4cad6120ece3,clean\english\a08d4cad6120ece3.wav,librispeech,C:\Users\Suhaan\Downloads\dev-clean\LibriSpeech\dev-clean\5536\43359\5536-43359-0003.flac,5536,43359,english,16000,16000,1,12.265,-24.072658827513116,-2.7381337559614787,0.0,6.119113095337525e-05,KEEP,ok
f9f4ee3e7caf9086,clean\english\f9f4ee3e7caf9086.wav,librispeech,C:\Users\Suhaan\Downloads\dev-clean\LibriSpeech\dev-clean\5536\43359\5536-43359-0004.flac,5536,43359,english,16000,16000,1,6.32,-24.7757758630226,-8.269935149650369,0.0,4.839323810301721e-05,KEEP,ok
c4717a0c9285e19f,clean\english\c4717a0c9285e19f.wav,librispeech,C:\Users\Suhaan\Downloads\dev-clean\LibriSpeech\dev-clean\5536\43359\5536-43359-0005.flac,5536,43359,english,16000,16000,1,6.755,-23.8247212398159,-5.818855404652813,0.0,5.6164430134231225e-05,KEEP,ok
e193ff4cdc94d680,clean\english\e193ff4cdc94d680.wav,librispeech,C:\Users\Suhaan\Downloads\dev-clean\LibriSpeech\dev-clean\5536\43359\5536-43359-0006.flac,5536,43359,english,16000,16000,1,4.34,-22.70227824224707,-6.845856296124979,0.0,7.710171485086903e-05,KEEP,ok
c6784cca87ee9714,clean\english\c6784cca87ee9714.wav,librispeech,C:\Users\Suhaan\Downloads\dev-clean\LibriSpeech\dev-clean\5536\43359\5536-43359-0007.flac,5536,43359,english,16000,16000,1,17.175,-22.415910111063102,-4.560130676605363,0.0,7.361866300925612e-05,KEEP,ok
8d5cd681ec43d46d,clean\english\8d5cd681ec43d46d.wav,librispeech,C:\Users\Suhaan\Downloads\dev-clean\LibriSpeech\dev-clean\5536\43359\5536-43359-0008.flac,5536,43359,english,16000,16000,1,2.69,-22.860365870350034,-5.389866586190423,0.0,4.63336800748948e-05,KEEP,ok
08db28bb1093c2a3,clean\english\08db28bb1093c2a3.wav,librispeech,C:\Users\Suhaan\Downloads\dev-clean\LibriSpeech\dev-clean\5536\43359\5536-43359-0009.flac,5536,43359,english,16000,16000,1,6.645,-22.996260562310823,-6.170862840577078,0.0,7.625232683494687e-05,KEEP,ok
cf1e71331eeab4e1,clean\english\cf1e71331eeab4e1.wav,librispeech,C:\Users\Suhaan\Downloads\dev-clean\LibriSpeech\dev-clean\5536\43359\5536-43359-0010.flac,5536,43359,english,16000,16000,1,3.775,-21.524720869747206,-3.9627782950581256,0.0,6.606044917134568e-05,KEEP,ok
f63929f85cb9d122,clean\english\f63929f85cb9d122.wav,librispeech,C:\Users\Suhaan\Downloads\dev-clean\LibriSpeech\dev-clean\5536\43359\5536-43359-0011.flac,5536,43359,english,16000,16000,1,19.275,-22.608434604652427,-4.534179923308617,0.0,6.815780216129497e-05,KEEP,ok
e6abd832e6f1ac5b,clean\english\e6abd832e6f1ac5b.wav,librispeech,C:\Users\Suhaan\Downloads\dev-clean\LibriSpeech\dev-clean\5536\43359\5536-43359-0012.flac,5536,43359,english,16000,16000,1,4.815,-23.247016377474825,-7.549264044723726,0.0,6.959346501389518e-05,KEEP,ok
2f5356b5a3ab05b7,clean\english\2f5356b5a3ab05b7.wav,librispeech,C:\Users\Suhaan\Downloads\dev-clean\LibriSpeech\dev-clean\5536\43359\5536-43359-0013.flac,5536,43359,english,16000,16000,1,6.645,-24.118767987806077,-6.47662543180499,0.0,6.800867413403466e-05,KEEP,ok
d5424d67df6b7db6,clean\english\d5424d67df6b7db6.wav,librispeech,C:\Users\Suhaan\Downloads\dev-clean\LibriSpeech\dev-clean\5536\43359\5536-43359-0014.flac,5536,43359,english,16000,16000,1,4.545,-21.40600269061131,-3.6525569880923654,0.0,7.887904212111607e-05,KEEP,ok
c2db01458780bf21,clean\english\c2db01458780bf21.wav,librispeech,C:\Users\Suhaan\Downloads\dev-clean\LibriSpeech\dev-clean\5536\43359\5536-43359-0015.flac,5536,43359,english,16000,16000,1,4.625,-21.820944060241093,-5.114732591379745,0.0,4.344012268120423e-05,KEEP,ok
16a32e7439a9a840,clean\english\16a32e7439a9a840.wav,librispeech,C:\Users\Suhaan\Downloads\dev-clean\LibriSpeech\dev-clean\5536\43359\5536-43359-0016.flac,5536,43359,english,16000,16000,1,6.05,-23.890210858205386,-7.1974200696557205,0.0,6.471965025411919e-05,KEEP,ok
018572a27dafe87f,clean\english\018572a27dafe87f.wav,librispeech,C:\Users\Suhaan\Downloads\dev-clean\LibriSpeech\dev-clean\5536\43359\5536-43359-0017.flac,5536,43359,english,16000,16000,1,5.51,-22.010705783858732,-6.046084204337658,0.0,6.783306889701635e-05,KEEP,ok
57821ded0d5f9391,clean\english\57821ded0d5f9391.wav,librispeech,C:\Users\Suhaan\Downloads\dev-clean\LibriSpeech\dev-clean\5536\43359\5536-43359-0018.flac,5536,43359,english,16000,16000,1,5.98,-23.195071448607145,-6.2255133777239635,0.0,7.344695768551901e-05,KEEP,ok
2124961112fd2785,clean\english\2124961112fd2785.wav,librispeech,C:\Users\Suhaan\Downloads\dev-clean\LibriSpeech\dev-clean\5536\43363\5536-43363-0000.flac,5536,43363,english,16000,16000,1,2.82,-23.80039706436183,-8.613184871036253,0.0,8.305353549076244e-05,KEEP,ok
98137eb803f09369,clean\english\98137eb803f09369.wav,librispeech,C:\Users\Suhaan\Downloads\dev-clean\LibriSpeech\dev-clean\5536\43363\5536-43363-0001.flac,5536,43363,english,16000,16000,1,7.14,-21.546175312654967,-5.58581408760109,0.0,0.00011420690861996263,KEEP,ok
f3d64b64bfa304a1,clean\english\f3d64b64bfa304a1.wav,librispeech,C:\Users\Suhaan\Downloads\dev-clean\LibriSpeech\dev-clean\5536\43363\5536-43363-0002.flac,5536,43363,english,16000,16000,1,7.02,-22.578638253673876,-6.325418178171827,0.0,5.841132951900363e-05,KEEP,ok
bee5dab3f711a9ef,clean\english\bee5dab3f711a9ef.wav,librispeech,C:\Users\Suhaan\Downloads\dev-clean\LibriSpeech\dev-clean\5536\43363\5536-43363-0003.flac,5536,43363,english,16000,16000,1,10.21,-23.501195580237024,-6.989874955134624,0.0,6.817491521360353e-05,KEEP,ok
dd06269ca8ac7443,clean\english\dd06269ca8ac7443.wav,librispeech,C:\Users\Suhaan\Downloads\dev-clean\LibriSpeech\dev-clean\5536\43363\5536-43363-0004.flac,5536,43363,english,16000,16000,1,9.375,-22.453158049636116,-5.894288094932315,0.0,5.8601886848919094e-05,KEEP,ok
14a6afdf946a2322,clean\english\14a6afdf946a2322.wav,librispeech,C:\Users\Suhaan\Downloads\dev-clean\LibriSpeech\dev-clean\5536\43363\5536-43363-0005.flac,5536,43363,english,16000,16000,1,16.56,-22.05131742927096,-6.485569584623187,0.0,6.646971451118588e-05,KEEP,ok
b77147c11a0085ec,clean\english\b77147c11a0085ec.wav,librispeech,C:\Users\Suhaan\Downloads\dev-clean\LibriSpeech\dev-clean\5536\43363\5536-43363-0006.flac,5536,43363,english,16000,16000,1,11.985,-22.792933599632683,-7.286506898180719,0.0,6.459681026171893e-05,KEEP,ok
ef095c587e1c6341,clean\english\ef095c587e1c6341.wav,librispeech,C:\Users\Suhaan\Downloads\dev-clean\LibriSpeech\dev-clean\5536\43363\5536-43363-0007.flac,5536,43363,english,16000,16000,1,9.9,-23.943493159351064,-7.7106915491059125,0.0,8.046603034017608e-05,KEEP,ok
a6c1a7eb6216506a,clean\english\a6c1a7eb6216506a.wav,librispeech,C:\Users\Suhaan\Downloads\dev-clean\LibriSpeech\dev-clean\5536\43363\5536-43363-0008.flac,5536,43363,english,16000,16000,1,10.29,-23.24161653201607,-7.80913829867646,0.0,7.33617416699417e-05,KEEP,ok
12f517533d04b8db,clean\english\12f517533d04b8db.wav,librispeech,C:\Users\Suhaan\Downloads\dev-clean\LibriSpeech\dev-clean\5536\43363\5536-43363-0009.flac,5536,43363,english,16000,16000,1,20.88,-23.22637861210772,-5.724067458843144,0.0,8.892154437489808e-05,KEEP,ok
d2f60fa33b173071,clean\english\d2f60fa33b173071.wav,librispeech,C:\Users\Suhaan\Downloads\dev-clean\LibriSpeech\dev-clean\5536\43363\5536-43363-0010.flac,5536,43363,english,16000,16000,1,10.26,-22.69076249099058,-4.9075394397984695,0.0,4.7405421355506405e-05,KEEP,ok
3d474c94d93f1a93,clean\english\3d474c94d93f1a93.wav,librispeech,C:\Users\Suhaan\Downloads\dev-clean\LibriSpeech\dev-clean\5536\43363\5536-43363-0011.flac,5536,43363,english,16000,16000,1,2.09,-22.841984092366868,-8.153271012875292,0.0,4.481447831494734e-05,KEEP,ok
62bb919dca604684,clean\english\62bb919dca604684.wav,librispeech,C:\Users\Suhaan\Downloads\dev-clean\LibriSpeech\dev-clean\5536\43363\5536-43363-0012.flac,5536,43363,english,16000,16000,1,3.265,-24.097627855793313,-8.99665758465691,0.0,8.710653492016718e-05,KEEP,ok
55ed5dc9375e7301,clean\english\55ed5dc9375e7301.wav,librispeech,C:\Users\Suhaan\Downloads\dev-clean\LibriSpeech\dev-clean\5536\43363\5536-43363-0013.flac,5536,43363,english,16000,16000,1,7.425,-22.514557412460192,-6.948482523701776,0.0,9.458933345740661e-05,KEEP,ok
c9309e9380391989,clean\english\c9309e9380391989.wav,librispeech,C:\Users\Suhaan\Downloads\dev-clean\LibriSpeech\dev-clean\5536\43363\5536-43363-0014.flac,5536,43363,english,16000,16000,1,11.345,-23.589358938090186,-6.991653332135492,0.0,9.203676017932594e-05,KEEP,ok
428d0296ee7fea83,clean\english\428d0296ee7fea83.wav,librispeech,C:\Users\Suhaan\Downloads\dev-clean\LibriSpeech\dev-clean\5536\43363\5536-43363-0015.flac,5536,43363,english,16000,16000,1,4.74,-23.834900031955172,-9.802881393898954,0.0,6.063879845896736e-05,KEEP,ok
f2865489404d3956,clean\english\f2865489404d3956.wav,librispeech,C:\Users\Suhaan\Downloads\dev-clean\LibriSpeech\dev-clean\5536\43363\5536-43363-0016.flac,5536,43363,english,16000,16000,1,6.825,-21.68457225194996,-4.15608332285594,0.0,8.030510798562318e-05,KEEP,ok
351bad5700870367,clean\english\351bad5700870367.wav,librispeech,C:\Users\Suhaan\Downloads\dev-clean\LibriSpeech\dev-clean\5536\43363\5536-43363-0017.flac,5536,43363,english,16000,16000,1,9.195,-21.71704609004282,-4.720222933453949,0.0,4.0531209378968924e-05,KEEP,ok
5fd55e10d98dfe26,clean\english\5fd55e10d98dfe26.wav,librispeech,C:\Users\Suhaan\Downloads\dev-clean\LibriSpeech\dev-clean\5536\43363\5536-43363-0018.flac,5536,43363,english,16000,16000,1,7.89,-21.127784157156984,-7.149593827100097,0.0,7.641723641427234e-05,KEEP,ok
e2187d52f84f680a,clean\english\e2187d52f84f680a.wav,librispeech,C:\Users\Suhaan\Downloads\dev-clean\LibriSpeech\dev-clean\5536\43363\5536-43363-0019.flac,5536,43363,english,16000,16000,1,7.25,-21.458677918349785,-7.001737685246874,0.0,4.02387413487304e-05,KEEP,ok
01f2db412369a825,clean\english\01f2db412369a825.wav,librispeech,C:\Users\Suhaan\Downloads\dev-clean\LibriSpeech\dev-clean\5694\64025\5694-64025-0000.flac,5694,64025,english,16000,16000,1,1.67,-25.515335816842434,-4.375694893963736,0.0,7.092596092661552e-07,KEEP,ok
4079a69603bb02d4,clean\english\4079a69603bb02d4.wav,librispeech,C:\Users\Suhaan\Downloads\dev-clean\LibriSpeech\dev-clean\5694\64025\5694-64025-0001.flac,5694,64025,english,16000,16000,1,4.35,-23.85413501773984,-7.7597754489636115,0.0,2.791042970784474e-05,KEEP,ok
99872fd9baa70c61,clean\english\99872fd9baa70c61.wav,librispeech,C:\Users\Suhaan\Downloads\dev-clean\LibriSpeech\dev-clean\5694\64025\5694-64025-0002.flac,5694,64025,english,16000,16000,1,10.96,-26.030837682625076,-7.391402769781957,0.0,2.9798841296724277e-06,KEEP,ok
cdb95ec9ea647021,clean\english\cdb95ec9ea647021.wav,librispeech,C:\Users\Suhaan\Downloads\dev-clean\LibriSpeech\dev-clean\5694\64025\5694-64025-0003.flac,5694,64025,english,16000,16000,1,4.92,-23.535984249633888,-8.348590975001008,0.0,1.2255102774361148e-05,KEEP,ok
baeb4dcc4e6833be,clean\english\baeb4dcc4e6833be.wav,librispeech,C:\Users\Suhaan\Downloads\dev-clean\LibriSpeech\dev-clean\5694\64025\5694-64025-0004.flac,5694,64025,english,16000,16000,1,3.695,-23.285199748077545,-7.592993033152134,0.0,4.380449354357552e-06,KEEP,ok
26110f4870d95cb1,clean\english\26110f4870d95cb1.wav,librispeech,C:\Users\Suhaan\Downloads\dev-clean\LibriSpeech\dev-clean\5694\64025\5694-64025-0005.flac,5694,64025,english,16000,16000,1,8.1700625,-23.660569451436277,-8.469332054448124,0.0,1.267431684937037e-06,KEEP,ok
b31fed94e100ed3a,clean\english\b31fed94e100ed3a.wav,librispeech,C:\Users\Suhaan\Downloads\dev-clean\LibriSpeech\dev-clean\5694\64025\5694-64025-0006.flac,5694,64025,english,16000,16000,1,3.22,-23.424120930728627,-7.466843264568225,0.0,1.0509965250093956e-05,KEEP,ok
f0dea3efa50de727,clean\english\f0dea3efa50de727.wav,librispeech,C:\Users\Suhaan\Downloads\dev-clean\LibriSpeech\dev-clean\5694\64025\5694-64025-0007.flac,5694,64025,english,16000,16000,1,3.915,-20.821021470410326,-5.762064435565834,0.0,4.488967988436343e-06,KEEP,ok
020e2735c954c89d,clean\english\020e2735c954c89d.wav,librispeech,C:\Users\Suhaan\Downloads\dev-clean\LibriSpeech\dev-clean\5694\64025\5694-64025-0008.flac,5694,64025,english,16000,16000,1,2.5549375,-28.683083096472846,-9.766085383707532,0.0,7.315290076803649e-06,KEEP,ok
8b26a9ad1d9ce8b2,clean\english\8b26a9ad1d9ce8b2.wav,librispeech,C:\Users\Suhaan\Downloads\dev-clean\LibriSpeech\dev-clean\5694\64025\5694-64025-0009.flac,5694,64025,english,16000,16000,1,4.02,-23.36542044030494,-7.603800728881187,0.0,6.161874807730783e-06,KEEP,ok
a2f1bb83419aab99,clean\english\a2f1bb83419aab99.wav,librispeech,C:\Users\Suhaan\Downloads\dev-clean\LibriSpeech\dev-clean\5694\64025\5694-64025-0010.flac,5694,64025,english,16000,16000,1,21.62,-24.363880628604754,-4.589305849449378,0.0,1.5867517504375428e-06,KEEP,ok
6a40afdee9ab36c3,clean\english\6a40afdee9ab36c3.wav,librispeech,C:\Users\Suhaan\Downloads\dev-clean\LibriSpeech\dev-clean\5694\64025\5694-64025-0011.flac,5694,64025,english,16000,16000,1,7.03,-22.554927964027158,-5.077080729550781,0.0,9.889453167488682e-07,KEEP,ok
a19febdbd61b8132,clean\english\a19febdbd61b8132.wav,librispeech,C:\Users\Suhaan\Downloads\dev-clean\LibriSpeech\dev-clean\5694\64025\5694-64025-0012.flac,5694,64025,english,16000,16000,1,2.875,-21.928944894132876,-5.596914912397608,0.0,2.1782916519441642e-05,KEEP,ok
fa76f82d7f0b626f,clean\english\fa76f82d7f0b626f.wav,librispeech,C:\Users\Suhaan\Downloads\dev-clean\LibriSpeech\dev-clean\5694\64025\5694-64025-0013.flac,5694,64025,english,16000,16000,1,3.44,-26.6319557021054,-9.98672537201619,0.0,1.2223665180499665e-05,KEEP,ok
6bee92f404d13a24,clean\english\6bee92f404d13a24.wav,librispeech,C:\Users\Suhaan\Downloads\dev-clean\LibriSpeech\dev-clean\5694\64025\5694-64025-0014.flac,5694,64025,english,16000,16000,1,15.875,-23.050170036237688,-7.447453015721974,0.0,1.7157126421807334e-06,KEEP,ok
8ee9daa308fe4aa8,clean\english\8ee9daa308fe4aa8.wav,librispeech,C:\Users\Suhaan\Downloads\dev-clean\LibriSpeech\dev-clean\5694\64025\5694-64025-0015.flac,5694,64025,english,16000,16000,1,5.065,-23.783397935754298,-8.555499498459218,0.0,6.976791155466344e-06,KEEP,ok
efa53a54de1ebd1a,clean\english\efa53a54de1ebd1a.wav,librispeech,C:\Users\Suhaan\Downloads\dev-clean\LibriSpeech\dev-clean\5694\64025\5694-64025-0016.flac,5694,64025,english,16000,16000,1,10.72,-22.378051796965863,-3.7663174008228,0.0,1.2878339475719258e-05,KEEP,ok
22eb43024c7fb74d,clean\english\22eb43024c7fb74d.wav,librispeech,C:\Users\Suhaan\Downloads\dev-clean\LibriSpeech\dev-clean\5694\64025\5694-64025-0017.flac,5694,64025,english,16000,16000,1,3.015,-22.430636749420756,-7.162886092635033,0.0,3.2832965644047363e-06,KEEP,ok
325d8ed5cf008a51,clean\english\325d8ed5cf008a51.wav,librispeech,C:\Users\Suhaan\Downloads\dev-clean\LibriSpeech\dev-clean\5694\64025\5694-64025-0018.flac,5694,64025,english,16000,16000,1,2.685,-23.017798539193123,-7.792869536403821,0.0,5.5103550948842894e-06,KEEP,ok
64e80622c8003411,clean\english\64e80622c8003411.wav,librispeech,C:\Users\Suhaan\Downloads\dev-clean\LibriSpeech\dev-clean\5694\64025\5694-64025-0019.flac,5694,64025,english,16000,16000,1,8.87,-24.048281836657747,-3.259559673215326,0.0,1.3579376172856428e-05,KEEP,ok
29b2154463f758ca,clean\english\29b2154463f758ca.wav,librispeech,C:\Users\Suhaan\Downloads\dev-clean\LibriSpeech\dev-clean\5694\64025\5694-64025-0020.flac,5694,64025,english,16000,16000,1,7.35,-23.70392547016347,-7.530319894055885,0.0,3.5640171063278103e-06,KEEP,ok
b66b3d24b430631a,clean\english\b66b3d24b430631a.wav,librispeech,C:\Users\Suhaan\Downloads\dev-clean\LibriSpeech\dev-clean\5694\64025\5694-64025-0021.flac,5694,64025,english,16000,16000,1,7.61,-23.6199113147085,-6.78312104841903,0.0,2.5366985028085764e-06,KEEP,ok
0988da335f019753,clean\english\0988da335f019753.wav,librispeech,C:\Users\Suhaan\Downloads\dev-clean\LibriSpeech\dev-clean\5694\64025\5694-64025-0022.flac,5694,64025,english,16000,16000,1,7.73,-22.807807305082445,-5.318183409161592,0.0,8.034305210458115e-06,KEEP,ok
22989a09533de13f,clean\english\22989a09533de13f.wav,librispeech,C:\Users\Suhaan\Downloads\dev-clean\LibriSpeech\dev-clean\5694\64025\5694-64025-0023.flac,5694,64025,english,16000,16000,1,8.52,-24.889225418969666,-8.303656112042317,0.0,1.0027011967395083e-06,KEEP,ok
c806735790e5ede8,clean\english\c806735790e5ede8.wav,librispeech,C:\Users\Suhaan\Downloads\dev-clean\LibriSpeech\dev-clean\5694\64029\5694-64029-0000.flac,5694,64029,english,16000,16000,1,4.005,-25.160964754029543,-10.424415882840389,0.0,1.4748734429304022e-05,KEEP,ok
df037444608e5b3b,clean\english\df037444608e5b3b.wav,librispeech,C:\Users\Suhaan\Downloads\dev-clean\LibriSpeech\dev-clean\5694\64029\5694-64029-0001.flac,5694,64029,english,16000,16000,1,4.93,-25.770748393314097,-9.614825672372977,0.0,3.8112152651592623e-06,KEEP,ok
07334b5d04a13169,clean\english\07334b5d04a13169.wav,librispeech,C:\Users\Suhaan\Downloads\dev-clean\LibriSpeech\dev-clean\5694\64029\5694-64029-0002.flac,5694,64029,english,16000,16000,1,2.645,-24.472006625153632,-7.426235945922599,0.0,2.9960878237034194e-05,KEEP,ok
c07e8a51ba3fee71,clean\english\c07e8a51ba3fee71.wav,librispeech,C:\Users\Suhaan\Downloads\dev-clean\LibriSpeech\dev-clean\5694\64029\5694-64029-0003.flac,5694,64029,english,16000,16000,1,3.985,-22.89543153820152,-6.4198219503238345,0.0,2.1562373149208724e-06,KEEP,ok
8e174031aaaa2717,clean\english\8e174031aaaa2717.wav,librispeech,C:\Users\Suhaan\Downloads\dev-clean\LibriSpeech\dev-clean\5694\64029\5694-64029-0004.flac,5694,64029,english,16000,16000,1,3.355,-25.525369503442175,-9.956647232400886,0.0,2.0033698092447594e-05,KEEP,ok
567e03f6b70a2e75,clean\english\567e03f6b70a2e75.wav,librispeech,C:\Users\Suhaan\Downloads\dev-clean\LibriSpeech\dev-clean\5694\64029\5694-64029-0005.flac,5694,64029,english,16000,16000,1,4.565,-26.761747110086795,-9.554096113802512,0.0,8.876169886207208e-06,KEEP,ok
bf0c605d910b2c67,clean\english\bf0c605d910b2c67.wav,librispeech,C:\Users\Suhaan\Downloads\dev-clean\LibriSpeech\dev-clean\5694\64029\5694-64029-0006.flac,5694,64029,english,16000,16000,1,7.27,-22.52666702151158,-5.793511736315763,0.0,1.8777020613924833e-06,KEEP,ok
d390b9c86d13e644,clean\english\d390b9c86d13e644.wav,librispeech,C:\Users\Suhaan\Downloads\dev-clean\LibriSpeech\dev-clean\5694\64029\5694-64029-0007.flac,5694,64029,english,16000,16000,1,6.585,-25.82026361920564,-8.397243760819503,0.0,6.9965080911060795e-06,KEEP,ok
9a8f55bad2411d9c,clean\english\9a8f55bad2411d9c.wav,librispeech,C:\Users\Suhaan\Downloads\dev-clean\LibriSpeech\dev-clean\5694\64029\5694-64029-0008.flac,5694,64029,english,16000,16000,1,3.02,-25.448998779121528,-7.724226496555826,0.0,2.1932613890385255e-05,KEEP,ok
83a37fd41555b292,clean\english\83a37fd41555b292.wav,librispeech,C:\Users\Suhaan\Downloads\dev-clean\LibriSpeech\dev-clean\5694\64029\5694-64029-0009.flac,5694,64029,english,16000,16000,1,3.16,-23.748714064754004,-6.984542007752673,0.0,9.779990250535775e-06,KEEP,ok
f52f1f2672091e79,clean\english\f52f1f2672091e79.wav,librispeech,C:\Users\Suhaan\Downloads\dev-clean\LibriSpeech\dev-clean\5694\64029\5694-64029-0010.flac,5694,64029,english,16000,16000,1,3.855,-22.967519506142917,-5.938288594863801,0.0,1.001073542283848e-05,KEEP,ok
ef30a849a62add20,clean\english\ef30a849a62add20.wav,librispeech,C:\Users\Suhaan\Downloads\dev-clean\LibriSpeech\dev-clean\5694\64029\5694-64029-0011.flac,5694,64029,english,16000,16000,1,7.4,-24.792831411318616,-8.366630212301363,0.0,1.1081438060500659e-05,KEEP,ok
048faaea4b4bf656,clean\english\048faaea4b4bf656.wav,librispeech,C:\Users\Suhaan\Downloads\dev-clean\LibriSpeech\dev-clean\5694\64029\5694-64029-0012.flac,5694,64029,english,16000,16000,1,7.385,-24.18528473403122,-8.67341416384369,0.0,2.0141704226261936e-05,KEEP,ok
6f15d226aa8bd61d,clean\english\6f15d226aa8bd61d.wav,librispeech,C:\Users\Suhaan\Downloads\dev-clean\LibriSpeech\dev-clean\5694\64029\5694-64029-0013.flac,5694,64029,english,16000,16000,1,5.155,-24.53105824558891,-8.344433389135556,0.0,6.94563505021506e-06,KEEP,ok
9a33bdd7560f28a9,clean\english\9a33bdd7560f28a9.wav,librispeech,C:\Users\Suhaan\Downloads\dev-clean\LibriSpeech\dev-clean\5694\64029\5694-64029-0014.flac,5694,64029,english,16000,16000,1,3.82,-27.33053658306708,-7.039211535340386,0.0,1.9699615222634748e-05,KEEP,ok
9867537578e67f24,clean\english\9867537578e67f24.wav,librispeech,C:\Users\Suhaan\Downloads\dev-clean\LibriSpeech\dev-clean\5694\64029\5694-64029-0015.flac,5694,64029,english,16000,16000,1,2.995,-22.74445364855118,-5.7502367518060185,0.0,6.7766600295726676e-06,KEEP,ok
59d4f845e75b5729,clean\english\59d4f845e75b5729.wav,librispeech,C:\Users\Suhaan\Downloads\dev-clean\LibriSpeech\dev-clean\5694\64029\5694-64029-0016.flac,5694,64029,english,16000,16000,1,10.455,-21.469375544789735,-5.606513418805127,0.0,8.209352927224245e-06,KEEP,ok
302c306c0ce9471e,clean\english\302c306c0ce9471e.wav,librispeech,C:\Users\Suhaan\Downloads\dev-clean\LibriSpeech\dev-clean\5694\64029\5694-64029-0017.flac,5694,64029,english,16000,16000,1,2.865,-26.388165685053224,-10.747215238071506,0.0,3.989121523773065e-06,KEEP,ok
28391435659d7ddc,clean\english\28391435659d7ddc.wav,librispeech,C:\Users\Suhaan\Downloads\dev-clean\LibriSpeech\dev-clean\5694\64029\5694-64029-0018.flac,5694,64029,english,16000,16000,1,2.485,-25.420584175967697,-10.998379826737148,0.0,4.733448349725222e-06,KEEP,ok
0e2fa88f37b7e687,clean\english\0e2fa88f37b7e687.wav,librispeech,C:\Users\Suhaan\Downloads\dev-clean\LibriSpeech\dev-clean\5694\64029\5694-64029-0019.flac,5694,64029,english,16000,16000,1,3.415,-24.928833502497042,-8.926000902218789,0.0,2.459725692460779e-06,KEEP,ok
e520f70c477c805c,clean\english\e520f70c477c805c.wav,librispeech,C:\Users\Suhaan\Downloads\dev-clean\LibriSpeech\dev-clean\5694\64029\5694-64029-0020.flac,5694,64029,english,16000,16000,1,13.35,-21.6486016108718,-6.974477587593324,0.0,1.2259893992450088e-05,KEEP,ok
b63767e7d9fb9bd4,clean\english\b63767e7d9fb9bd4.wav,librispeech,C:\Users\Suhaan\Downloads\dev-clean\LibriSpeech\dev-clean\5694\64029\5694-64029-0021.flac,5694,64029,english,16000,16000,1,7.07,-22.505060464821938,-3.5263325797967777,0.0,1.2806483937310986e-05,KEEP,ok
4a213703f031b016,clean\english\4a213703f031b016.wav,librispeech,C:\Users\Suhaan\Downloads\dev-clean\LibriSpeech\dev-clean\5694\64029\5694-64029-0022.flac,5694,64029,english,16000,16000,1,4.9,-22.99694116447665,-6.015829921595991,0.0,3.199168713763356e-05,KEEP,ok
ca6e1e254aaf7e6b,clean\english\ca6e1e254aaf7e6b.wav,librispeech,C:\Users\Suhaan\Downloads\dev-clean\LibriSpeech\dev-clean\5694\64029\5694-64029-0023.flac,5694,64029,english,16000,16000,1,7.2,-23.2646919333156,-7.051141884909269,0.0,3.419796485104598e-05,KEEP,ok
463eb268be910cdf,clean\english\463eb268be910cdf.wav,librispeech,C:\Users\Suhaan\Downloads\dev-clean\LibriSpeech\dev-clean\5694\64029\5694-64029-0024.flac,5694,64029,english,16000,16000,1,10.765,-23.426005868826127,-7.414401882701362,0.0,3.1674567253503483e-06,KEEP,ok
62db95ad576b7942,clean\english\62db95ad576b7942.wav,librispeech,C:\Users\Suhaan\Downloads\dev-clean\LibriSpeech\dev-clean\5694\64029\5694-64029-0025.flac,5694,64029,english,16000,16000,1,2.465,-23.538753174330395,-8.296763642518556,0.0,4.7431465645786375e-05,KEEP,ok
e8ccea5d854a57ce,clean\english\e8ccea5d854a57ce.wav,librispeech,C:\Users\Suhaan\Downloads\dev-clean\LibriSpeech\dev-clean\5694\64029\5694-64029-0026.flac,5694,64029,english,16000,16000,1,4.82,-23.27559297164801,-5.5310228546375475,0.0,3.520680593283032e-06,KEEP,ok
5d2f979672f27ea9,clean\english\5d2f979672f27ea9.wav,librispeech,C:\Users\Suhaan\Downloads\dev-clean\LibriSpeech\dev-clean\5694\64029\5694-64029-0027.flac,5694,64029,english,16000,16000,1,4.17,-25.139397177486874,-8.4637114834274,0.0,1.9933393105020514e-06,KEEP,ok
4ceaefe5463ee316,clean\english\4ceaefe5463ee316.wav,librispeech,C:\Users\Suhaan\Downloads\dev-clean\LibriSpeech\dev-clean\5694\64029\5694-64029-0028.flac,5694,64029,english,16000,16000,1,6.06,-24.56365822774774,-8.436363162615406,0.0,1.8184964574174955e-05,KEEP,ok
f5be54abd8fd9e0b,clean\english\f5be54abd8fd9e0b.wav,librispeech,C:\Users\Suhaan\Downloads\dev-clean\LibriSpeech\dev-clean\5694\64029\5694-64029-0029.flac,5694,64029,english,16000,16000,1,4.07,-24.457486800348395,-6.148775721337652,0.0,7.81356811785372e-06,KEEP,ok
f9e01cc494bb47fa,clean\english\f9e01cc494bb47fa.wav,librispeech,C:\Users\Suhaan\Downloads\dev-clean\LibriSpeech\dev-clean\5694\64029\5694-64029-0030.flac,5694,64029,english,16000,16000,1,3.385,-24.9801731395066,-7.385197232875819,0.0,5.239151505520567e-06,KEEP,ok
217e1fcb06ad4278,clean\english\217e1fcb06ad4278.wav,librispeech,C:\Users\Suhaan\Downloads\dev-clean\LibriSpeech\dev-clean\5694\64029\5694-64029-0031.flac,5694,64029,english,16000,16000,1,6.385,-24.863418103523543,-7.2760866489617975,0.0,1.5121376009119558e-06,KEEP,ok
f132379c0b60c8e6,clean\english\f132379c0b60c8e6.wav,librispeech,C:\Users\Suhaan\Downloads\dev-clean\LibriSpeech\dev-clean\5694\64029\5694-64029-0032.flac,5694,64029,english,16000,16000,1,3.125,-25.46755494050156,-8.828037317941696,0.0,5.690307716577081e-06,KEEP,ok
65ddf71d4e189453,clean\english\65ddf71d4e189453.wav,librispeech,C:\Users\Suhaan\Downloads\dev-clean\LibriSpeech\dev-clean\5694\64038\5694-64038-0000.flac,5694,64038,english,16000,16000,1,2.595,-25.782455813914527,-5.560637578269638,0.0,6.246107204788132e-06,KEEP,ok
81aa994d5eec5168,clean\english\81aa994d5eec5168.wav,librispeech,C:\Users\Suhaan\Downloads\dev-clean\LibriSpeech\dev-clean\5694\64038\5694-64038-0001.flac,5694,64038,english,16000,16000,1,3.65,-23.806276290041577,-7.254672477066184,0.0,1.395865638187388e-05,KEEP,ok
f83f587d610b7eb3,clean\english\f83f587d610b7eb3.wav,librispeech,C:\Users\Suhaan\Downloads\dev-clean\LibriSpeech\dev-clean\5694\64038\5694-64038-0002.flac,5694,64038,english,16000,16000,1,8.77,-23.500003746601177,-7.077446478216947,0.0,1.382642858516192e-05,KEEP,ok
1e00075efaa7e508,clean\english\1e00075efaa7e508.wav,librispeech,C:\Users\Suhaan\Downloads\dev-clean\LibriSpeech\dev-clean\5694\64038\5694-64038-0003.flac,5694,64038,english,16000,16000,1,6.82,-21.890830772405238,-7.9344476906542525,0.0,1.4897735127306078e-05,KEEP,ok
e4b3f5d6f23db7d8,clean\english\e4b3f5d6f23db7d8.wav,librispeech,C:\Users\Suhaan\Downloads\dev-clean\LibriSpeech\dev-clean\5694\64038\5694-64038-0004.flac,5694,64038,english,16000,16000,1,9.58,-22.713381954270258,-7.427482575223348,0.0,6.354975084832404e-06,KEEP,ok
34c9f2977ee530d8,clean\english\34c9f2977ee530d8.wav,librispeech,C:\Users\Suhaan\Downloads\dev-clean\LibriSpeech\dev-clean\5694\64038\5694-64038-0005.flac,5694,64038,english,16000,16000,1,4.7,-22.227345425146844,-5.4810578662014295,0.0,1.406973979101167e-06,KEEP,ok
faa83e61b3244bc3,clean\english\faa83e61b3244bc3.wav,librispeech,C:\Users\Suhaan\Downloads\dev-clean\LibriSpeech\dev-clean\5694\64038\5694-64038-0006.flac,5694,64038,english,16000,16000,1,2.525,-25.545770417231136,-9.303724246278442,0.0,6.58998396829702e-06,KEEP,ok
4abacb58f2af6737,clean\english\4abacb58f2af6737.wav,librispeech,C:\Users\Suhaan\Downloads\dev-clean\LibriSpeech\dev-clean\5694\64038\5694-64038-0007.flac,5694,64038,english,16000,16000,1,2.37,-25.628767000950475,-5.92569426258755,0.0,6.838287390564801e-06,KEEP,ok
3e266e5acb39313f,clean\english\3e266e5acb39313f.wav,librispeech,C:\Users\Suhaan\Downloads\dev-clean\LibriSpeech\dev-clean\5694\64038\5694-64038-0008.flac,5694,64038,english,16000,16000,1,1.95,-24.236326147881545,-9.600403935503392,0.0,1.5588417227263562e-05,KEEP,ok
da5f16718133cf94,clean\english\da5f16718133cf94.wav,librispeech,C:\Users\Suhaan\Downloads\dev-clean\LibriSpeech\dev-clean\5694\64038\5694-64038-0009.flac,5694,64038,english,16000,16000,1,2.385,-21.992501117928253,-7.718423222018832,0.0,5.175032583792927e-06,KEEP,ok
106dd9a8e39e1999,clean\english\106dd9a8e39e1999.wav,librispeech,C:\Users\Suhaan\Downloads\dev-clean\LibriSpeech\dev-clean\5694\64038\5694-64038-0010.flac,5694,64038,english,16000,16000,1,9.38,-22.110661318869525,-7.569516784037772,0.0,1.805901229090523e-05,KEEP,ok
75865c89fa3d3bb8,clean\english\75865c89fa3d3bb8.wav,librispeech,C:\Users\Suhaan\Downloads\dev-clean\LibriSpeech\dev-clean\5694\64038\5694-64038-0011.flac,5694,64038,english,16000,16000,1,2.995,-24.046817500761804,-8.454585805512375,0.0,2.2805394110037014e-05,KEEP,ok
b1b2585c34ac29c1,clean\english\b1b2585c34ac29c1.wav,librispeech,C:\Users\Suhaan\Downloads\dev-clean\LibriSpeech\dev-clean\5694\64038\5694-64038-0012.flac,5694,64038,english,16000,16000,1,2.805,-20.374743945906047,-6.346858721726329,0.0,9.179752851196099e-07,KEEP,ok
f906c2ab83068c57,clean\english\f906c2ab83068c57.wav,librispeech,C:\Users\Suhaan\Downloads\dev-clean\LibriSpeech\dev-clean\5694\64038\5694-64038-0013.flac,5694,64038,english,16000,16000,1,3.305,-23.571764180959363,-6.1654705572911155,0.0,2.742196011240594e-05,KEEP,ok
975b4d8f50bea42a,clean\english\975b4d8f50bea42a.wav,librispeech,C:\Users\Suhaan\Downloads\dev-clean\LibriSpeech\dev-clean\5694\64038\5694-64038-0014.flac,5694,64038,english,16000,16000,1,4.29,-21.813730570311712,-4.882856323495067,0.0,1.0343253961764276e-05,KEEP,ok
b8bd8128269d7b9f,clean\english\b8bd8128269d7b9f.wav,librispeech,C:\Users\Suhaan\Downloads\dev-clean\LibriSpeech\dev-clean\5694\64038\5694-64038-0015.flac,5694,64038,english,16000,16000,1,6.77,-24.048338636079613,-6.9667891272612135,0.0,1.6062580471043475e-05,KEEP,ok
daf75d4726ba8285,clean\english\daf75d4726ba8285.wav,librispeech,C:\Users\Suhaan\Downloads\dev-clean\LibriSpeech\dev-clean\5694\64038\5694-64038-0016.flac,5694,64038,english,16000,16000,1,2.585,-25.619052846830602,-8.865471809615032,0.0,6.189106443343917e-06,KEEP,ok
26eb47255376116f,clean\english\26eb47255376116f.wav,librispeech,C:\Users\Suhaan\Downloads\dev-clean\LibriSpeech\dev-clean\5694\64038\5694-64038-0017.flac,5694,64038,english,16000,16000,1,15.33,-23.49903986941002,-5.755377244136957,0.0,9.194091944664251e-06,KEEP,ok
1ecc98560b1ffd49,clean\english\1ecc98560b1ffd49.wav,librispeech,C:\Users\Suhaan\Downloads\dev-clean\LibriSpeech\dev-clean\5694\64038\5694-64038-0018.flac,5694,64038,english,16000,16000,1,11.795,-22.041728328604385,-3.0748196344280325,0.0,2.541988760640379e-05,KEEP,ok
9617f208575160e7,clean\english\9617f208575160e7.wav,librispeech,C:\Users\Suhaan\Downloads\dev-clean\LibriSpeech\dev-clean\5694\64038\5694-64038-0019.flac,5694,64038,english,16000,16000,1,6.255,-22.37107106235439,-8.02078265123762,0.0,8.394163160119206e-06,KEEP,ok
aa556434072a7abd,clean\english\aa556434072a7abd.wav,librispeech,C:\Users\Suhaan\Downloads\dev-clean\LibriSpeech\dev-clean\5694\64038\5694-64038-0020.flac,5694,64038,english,16000,16000,1,4.84,-23.417043230621537,-8.097877844086733,0.0,6.689118890790269e-06,KEEP,ok
93515c4373862e39,clean\english\93515c4373862e39.wav,librispeech,C:\Users\Suhaan\Downloads\dev-clean\LibriSpeech\dev-clean\5694\64038\5694-64038-0021.flac,5694,64038,english,16000,16000,1,3.33,-22.621085622081228,-6.6629887073275835,0.0,1.1245911082369275e-05,KEEP,ok
5a4be20f777b44c2,clean\english\5a4be20f777b44c2.wav,librispeech,C:\Users\Suhaan\Downloads\dev-clean\LibriSpeech\dev-clean\5694\64038\5694-64038-0022.flac,5694,64038,english,16000,16000,1,15.77,-22.811703500145452,-3.0876697041155134,0.0,2.217580004071351e-06,KEEP,ok
2f6142971db0ae1b,clean\english\2f6142971db0ae1b.wav,librispeech,C:\Users\Suhaan\Downloads\dev-clean\LibriSpeech\dev-clean\5694\64038\5694-64038-0023.flac,5694,64038,english,16000,16000,1,4.795,-22.30694974491277,-5.782156955921744,0.0,2.3218340174935292e-06,KEEP,ok
7b226c3a01529d57,clean\english\7b226c3a01529d57.wav,librispeech,C:\Users\Suhaan\Downloads\dev-clean\LibriSpeech\dev-clean\5694\64038\5694-64038-0024.flac,5694,64038,english,16000,16000,1,3.52,-25.329877514870823,-8.771094821873344,0.0,1.8419461412122473e-05,KEEP,ok
4609a97106064331,clean\english\4609a97106064331.wav,librispeech,C:\Users\Suhaan\Downloads\dev-clean\LibriSpeech\dev-clean\5694\64038\5694-64038-0025.flac,5694,64038,english,16000,16000,1,6.48,-22.321793235463016,-7.484394321262748,0.0,2.057522942777723e-05,KEEP,ok
c29b727e7da43067,clean\english\c29b727e7da43067.wav,librispeech,C:\Users\Suhaan\Downloads\dev-clean\LibriSpeech\dev-clean\5895\34615\5895-34615-0000.flac,5895,34615,english,16000,16000,1,3.335,-29.297641002636343,-4.88099629037311,0.0,8.153271664923523e-06,KEEP,ok
4c7383b7771ab0ba,clean\english\4c7383b7771ab0ba.wav,librispeech,C:\Users\Suhaan\Downloads\dev-clean\LibriSpeech\dev-clean\5895\34615\5895-34615-0001.flac,5895,34615,english,16000,16000,1,3.305,-30.76706978328962,-6.4004158500531085,0.0,6.903967005200684e-06,KEEP,ok
73ce1c057642ea1a,clean\english\73ce1c057642ea1a.wav,librispeech,C:\Users\Suhaan\Downloads\dev-clean\LibriSpeech\dev-clean\5895\34615\5895-34615-0002.flac,5895,34615,english,16000,16000,1,8.73,-27.705419782678224,-5.148711431059532,0.0,1.2345330105745234e-05,KEEP,ok
745dfa510ce91cf3,clean\english\745dfa510ce91cf3.wav,librispeech,C:\Users\Suhaan\Downloads\dev-clean\LibriSpeech\dev-clean\5895\34615\5895-34615-0003.flac,5895,34615,english,16000,16000,1,6.605,-28.02128282465005,-7.417514547002031,0.0,1.43950674100779e-05,KEEP,ok
1326dcf88876efd8,clean\english\1326dcf88876efd8.wav,librispeech,C:\Users\Suhaan\Downloads\dev-clean\LibriSpeech\dev-clean\5895\34615\5895-34615-0004.flac,5895,34615,english,16000,16000,1,15.95,-27.488516005814212,-4.5816659512024795,0.0,2.1120507881278172e-05,KEEP,ok
cce2306966634274,clean\english\cce2306966634274.wav,librispeech,C:\Users\Suhaan\Downloads\dev-clean\LibriSpeech\dev-clean\5895\34615\5895-34615-0005.flac,5895,34615,english,16000,16000,1,2.495,-27.049289740722354,-5.9361882709173885,0.0,1.6308404156006873e-05,KEEP,ok
b351d81cb7d6dcad,clean\english\b351d81cb7d6dcad.wav,librispeech,C:\Users\Suhaan\Downloads\dev-clean\LibriSpeech\dev-clean\5895\34615\5895-34615-0006.flac,5895,34615,english,16000,16000,1,2.525,-27.325652254080588,-5.226258081484998,0.0,2.160856092814356e-05,KEEP,ok
5119cf20f5078bd6,clean\english\5119cf20f5078bd6.wav,librispeech,C:\Users\Suhaan\Downloads\dev-clean\LibriSpeech\dev-clean\5895\34615\5895-34615-0007.flac,5895,34615,english,16000,16000,1,5.705,-25.83214421929614,-5.228677481973626,0.0,3.1627885618945584e-05,KEEP,ok
f7b058dc00e0bf21,clean\english\f7b058dc00e0bf21.wav,librispeech,C:\Users\Suhaan\Downloads\dev-clean\LibriSpeech\dev-clean\5895\34615\5895-34615-0008.flac,5895,34615,english,16000,16000,1,3.055,-25.574846269976202,-4.032497623006483,0.0,4.759880539495498e-05,KEEP,ok
4bb54958d3c2fce4,clean\english\4bb54958d3c2fce4.wav,librispeech,C:\Users\Suhaan\Downloads\dev-clean\LibriSpeech\dev-clean\5895\34615\5895-34615-0009.flac,5895,34615,english,16000,16000,1,2.78,-27.049320511682833,-4.49406438695264,0.0,4.758491922984831e-05,KEEP,ok
d7db8e638053b50e,clean\english\d7db8e638053b50e.wav,librispeech,C:\Users\Suhaan\Downloads\dev-clean\LibriSpeech\dev-clean\5895\34615\5895-34615-0010.flac,5895,34615,english,16000,16000,1,7.77,-26.041519633561755,-3.8208800231234856,0.0,2.1316645870683715e-05,KEEP,ok
bcb160a1ebb20207,clean\english\bcb160a1ebb20207.wav,librispeech,C:\Users\Suhaan\Downloads\dev-clean\LibriSpeech\dev-clean\5895\34615\5895-34615-0011.flac,5895,34615,english,16000,16000,1,2.76,-23.892256871561322,-3.811830935217006,0.0,0.0001410954282619059,KEEP,ok
822aef6da70e2fce,clean\english\822aef6da70e2fce.wav,librispeech,C:\Users\Suhaan\Downloads\dev-clean\LibriSpeech\dev-clean\5895\34615\5895-34615-0012.flac,5895,34615,english,16000,16000,1,10.335,-25.152085941499788,-3.7011291243874456,0.0,4.552851169137284e-05,KEEP,ok
551fa5b650a3892d,clean\english\551fa5b650a3892d.wav,librispeech,C:\Users\Suhaan\Downloads\dev-clean\LibriSpeech\dev-clean\5895\34615\5895-34615-0013.flac,5895,34615,english,16000,16000,1,4.745,-25.725836044731608,-5.9424907670009475,0.0,1.9214578060200438e-05,KEEP,ok
e13b07fa551b5f11,clean\english\e13b07fa551b5f11.wav,librispeech,C:\Users\Suhaan\Downloads\dev-clean\LibriSpeech\dev-clean\5895\34615\5895-34615-0014.flac,5895,34615,english,16000,16000,1,5.1600625,-26.782068702844533,-4.4771821860343355,0.0,6.544159259647131e-05,KEEP,ok
a6c6b982e7e797da,clean\english\a6c6b982e7e797da.wav,librispeech,C:\Users\Suhaan\Downloads\dev-clean\LibriSpeech\dev-clean\5895\34615\5895-34615-0015.flac,5895,34615,english,16000,16000,1,8.745,-26.163626883178893,-3.9631966199859914,0.0,3.760933759622276e-05,KEEP,ok
4658b7ad69a52f5c,clean\english\4658b7ad69a52f5c.wav,librispeech,C:\Users\Suhaan\Downloads\dev-clean\LibriSpeech\dev-clean\5895\34615\5895-34615-0016.flac,5895,34615,english,16000,16000,1,14.68,-28.517243274199462,-5.86507777315996,0.0,9.438776942261029e-06,KEEP,ok
7fe70cd4c6aac156,clean\english\7fe70cd4c6aac156.wav,librispeech,C:\Users\Suhaan\Downloads\dev-clean\LibriSpeech\dev-clean\5895\34615\5895-34615-0017.flac,5895,34615,english,16000,16000,1,7.36,-27.89963309495015,-5.5878313644232716,0.0,6.760462383681443e-06,KEEP,ok
0bdc074c09812a25,clean\english\0bdc074c09812a25.wav,librispeech,C:\Users\Suhaan\Downloads\dev-clean\LibriSpeech\dev-clean\5895\34615\5895-34615-0018.flac,5895,34615,english,16000,16000,1,2.275,-26.57207590691653,-6.1407090802247275,0.0,1.2970808711543214e-05,KEEP,ok
eaf84506e7bf7daa,clean\english\eaf84506e7bf7daa.wav,librispeech,C:\Users\Suhaan\Downloads\dev-clean\LibriSpeech\dev-clean\5895\34615\5895-34615-0019.flac,5895,34615,english,16000,16000,1,6.855,-24.609457870067295,-3.5155982143052498,0.0,0.00010159059456782416,KEEP,ok
6db148fa401b2060,clean\english\6db148fa401b2060.wav,librispeech,C:\Users\Suhaan\Downloads\dev-clean\LibriSpeech\dev-clean\5895\34615\5895-34615-0020.flac,5895,34615,english,16000,16000,1,9.53,-25.081651076989438,-3.1800675891049606,0.0,8.236384019255638e-05,KEEP,ok
4b6289e67a586e02,clean\english\4b6289e67a586e02.wav,librispeech,C:\Users\Suhaan\Downloads\dev-clean\LibriSpeech\dev-clean\5895\34615\5895-34615-0021.flac,5895,34615,english,16000,16000,1,12.155,-25.609986137189363,-4.087914907915608,0.0,4.559497028822079e-05,KEEP,ok
ca9ff22ffaf6909d,clean\english\ca9ff22ffaf6909d.wav,librispeech,C:\Users\Suhaan\Downloads\dev-clean\LibriSpeech\dev-clean\5895\34622\5895-34622-0000.flac,5895,34622,english,16000,16000,1,3.37,-29.396645144316217,-8.490441647562205,0.0,1.5135406101762783e-05,KEEP,ok
a3f158f165458f7f,clean\english\a3f158f165458f7f.wav,librispeech,C:\Users\Suhaan\Downloads\dev-clean\LibriSpeech\dev-clean\5895\34622\5895-34622-0001.flac,5895,34622,english,16000,16000,1,5.905,-27.665313760379867,-7.594899296659855,0.0,1.3372435603287158e-07,KEEP,ok
a8ccb227cf7b9a6c,clean\english\a8ccb227cf7b9a6c.wav,librispeech,C:\Users\Suhaan\Downloads\dev-clean\LibriSpeech\dev-clean\5895\34622\5895-34622-0002.flac,5895,34622,english,16000,16000,1,2.91,-33.879977837457794,-10.43762904339981,0.0,1.40986492169759e-06,KEEP,ok
3ff4ee63dedcb987,clean\english\3ff4ee63dedcb987.wav,librispeech,C:\Users\Suhaan\Downloads\dev-clean\LibriSpeech\dev-clean\5895\34622\5895-34622-0003.flac,5895,34622,english,16000,16000,1,5.08,-30.01798141115588,-9.78160246771999,0.0,5.166737082618056e-06,KEEP,ok
7f002d61f8cae547,clean\english\7f002d61f8cae547.wav,librispeech,C:\Users\Suhaan\Downloads\dev-clean\LibriSpeech\dev-clean\5895\34622\5895-34622-0004.flac,5895,34622,english,16000,16000,1,4.29,-28.580681647232687,-8.027459482712578,0.0,1.5261901353369467e-05,KEEP,ok
1a7c9aeeef3d1f10,clean\english\1a7c9aeeef3d1f10.wav,librispeech,C:\Users\Suhaan\Downloads\dev-clean\LibriSpeech\dev-clean\5895\34622\5895-34622-0005.flac,5895,34622,english,16000,16000,1,7.335,-28.203019540084057,-8.351363804916994,0.0,7.950796316436026e-06,KEEP,ok
7c8c897f99eabb75,clean\english\7c8c897f99eabb75.wav,librispeech,C:\Users\Suhaan\Downloads\dev-clean\LibriSpeech\dev-clean\5895\34622\5895-34622-0006.flac,5895,34622,english,16000,16000,1,4.36,-29.918008767399957,-8.117427761106624,0.0,3.0412586511374684e-06,KEEP,ok
07ce0e528c763fd6,clean\english\07ce0e528c763fd6.wav,librispeech,C:\Users\Suhaan\Downloads\dev-clean\LibriSpeech\dev-clean\5895\34622\5895-34622-0007.flac,5895,34622,english,16000,16000,1,4.76,-28.197111582025627,-7.711335592381933,0.0,1.9205717762815766e-06,KEEP,ok
c4b11ed2c0203188,clean\english\c4b11ed2c0203188.wav,librispeech,C:\Users\Suhaan\Downloads\dev-clean\LibriSpeech\dev-clean\5895\34622\5895-34622-0008.flac,5895,34622,english,16000,16000,1,8.82,-29.05839739152547,-7.77144132248902,0.0,7.997457032615785e-06,KEEP,ok
4d3685d435368d2d,clean\english\4d3685d435368d2d.wav,librispeech,C:\Users\Suhaan\Downloads\dev-clean\LibriSpeech\dev-clean\5895\34622\5895-34622-0009.flac,5895,34622,english,16000,16000,1,10.89,-28.352702905343126,-7.768847551767823,0.0,6.644369022978935e-06,KEEP,ok
8fa66d7d4473a1c8,clean\english\8fa66d7d4473a1c8.wav,librispeech,C:\Users\Suhaan\Downloads\dev-clean\LibriSpeech\dev-clean\5895\34622\5895-34622-0010.flac,5895,34622,english,16000,16000,1,3.26,-29.747455416844637,-8.783473591110006,0.0,1.2321705753493006e-06,KEEP,ok
22814eb52b08d266,clean\english\22814eb52b08d266.wav,librispeech,C:\Users\Suhaan\Downloads\dev-clean\LibriSpeech\dev-clean\5895\34622\5895-34622-0011.flac,5895,34622,english,16000,16000,1,15.54,-26.823198442808565,-7.484394321262748,0.0,3.896809175785165e-06,KEEP,ok
3b7ef3fbe85b778a,clean\english\3b7ef3fbe85b778a.wav,librispeech,C:\Users\Suhaan\Downloads\dev-clean\LibriSpeech\dev-clean\5895\34622\5895-34622-0012.flac,5895,34622,english,16000,16000,1,4.56,-26.432792516865298,-7.483766886752557,0.0,9.429245437786449e-06,KEEP,ok
44f3cd1a1e789f0a,clean\english\44f3cd1a1e789f0a.wav,librispeech,C:\Users\Suhaan\Downloads\dev-clean\LibriSpeech\dev-clean\5895\34622\5895-34622-0013.flac,5895,34622,english,16000,16000,1,14.325,-26.52220543960299,-7.530950700522487,0.0,2.0382333332236158e-06,KEEP,ok
2d33f4b52dd53a21,clean\english\2d33f4b52dd53a21.wav,librispeech,C:\Users\Suhaan\Downloads\dev-clean\LibriSpeech\dev-clean\5895\34622\5895-34622-0014.flac,5895,34622,english,16000,16000,1,5.875,-27.918937144064383,-7.694605967935314,0.0,4.404595529194921e-06,KEEP,ok
e4a53754b99f9ce7,clean\english\e4a53754b99f9ce7.wav,librispeech,C:\Users\Suhaan\Downloads\dev-clean\LibriSpeech\dev-clean\5895\34622\5895-34622-0015.flac,5895,34622,english,16000,16000,1,3.05,-28.973943892061552,-7.672136083100468,0.0,1.1192696547368541e-05,KEEP,ok
f9a9d24840f39988,clean\english\f9a9d24840f39988.wav,librispeech,C:\Users\Suhaan\Downloads\dev-clean\LibriSpeech\dev-clean\5895\34622\5895-34622-0016.flac,5895,34622,english,16000,16000,1,2.58,-26.095138961339032,-7.8078356757528935,0.0,1.9709268599399365e-06,KEEP,ok
560521440020266d,clean\english\560521440020266d.wav,librispeech,C:\Users\Suhaan\Downloads\dev-clean\LibriSpeech\dev-clean\5895\34622\5895-34622-0017.flac,5895,34622,english,16000,16000,1,8.385,-26.806555081811094,-7.68561103740788,0.0,3.6993692447140347e-06,KEEP,ok
1ba3c5415b4fbca3,clean\english\1ba3c5415b4fbca3.wav,librispeech,C:\Users\Suhaan\Downloads\dev-clean\LibriSpeech\dev-clean\5895\34622\5895-34622-0018.flac,5895,34622,english,16000,16000,1,4.98,-26.972247907714348,-7.733261526342399,0.0,5.054090706835268e-06,KEEP,ok
e24c28695e87d5da,clean\english\e24c28695e87d5da.wav,librispeech,C:\Users\Suhaan\Downloads\dev-clean\LibriSpeech\dev-clean\5895\34622\5895-34622-0019.flac,5895,34622,english,16000,16000,1,8.455,-26.742391011004983,-7.2223454743482565,0.0,3.467291378456139e-07,KEEP,ok
98987a2a162c5019,clean\english\98987a2a162c5019.wav,librispeech,C:\Users\Suhaan\Downloads\dev-clean\LibriSpeech\dev-clean\5895\34622\5895-34622-0020.flac,5895,34622,english,16000,16000,1,5.715,-28.25208348072866,-7.554955356255119,0.0,4.555276063911151e-06,KEEP,ok
cec204f13244276b,clean\english\cec204f13244276b.wav,librispeech,C:\Users\Suhaan\Downloads\dev-clean\LibriSpeech\dev-clean\5895\34622\5895-34622-0021.flac,5895,34622,english,16000,16000,1,2.86,-23.291135779656745,-7.067871951983316,0.0,8.659096238261554e-06,KEEP,ok
2fe21ba20bfde88d,clean\english\2fe21ba20bfde88d.wav,librispeech,C:\Users\Suhaan\Downloads\dev-clean\LibriSpeech\dev-clean\5895\34622\5895-34622-0022.flac,5895,34622,english,16000,16000,1,10.225,-26.59882113645142,-7.608891360316611,0.0,2.1550708879658487e-06,KEEP,ok
d4cb179c8c703ff7,clean\english\d4cb179c8c703ff7.wav,librispeech,C:\Users\Suhaan\Downloads\dev-clean\LibriSpeech\dev-clean\5895\34622\5895-34622-0023.flac,5895,34622,english,16000,16000,1,5.845,-28.261276144923997,-7.726806974779816,0.0,6.523817773995688e-06,KEEP,ok
92bf1f44bbf6aa11,clean\english\92bf1f44bbf6aa11.wav,librispeech,C:\Users\Suhaan\Downloads\dev-clean\LibriSpeech\dev-clean\5895\34629\5895-34629-0000.flac,5895,34629,english,16000,16000,1,2.26,-27.254830598485086,-6.328713280501962,0.0,7.880050361563917e-06,KEEP,ok
0c1d4706c422a8e1,clean\english\0c1d4706c422a8e1.wav,librispeech,C:\Users\Suhaan\Downloads\dev-clean\LibriSpeech\dev-clean\5895\34629\5895-34629-0001.flac,5895,34629,english,16000,16000,1,3.2,-27.34621490616995,-6.415937260135678,0.0,1.5783309663675027e-06,KEEP,ok
c38f3c147ed1c9cd,clean\english\c38f3c147ed1c9cd.wav,librispeech,C:\Users\Suhaan\Downloads\dev-clean\LibriSpeech\dev-clean\5895\34629\5895-34629-0002.flac,5895,34629,english,16000,16000,1,3.925,-27.322212598003706,-8.256894816663022,0.0,1.749415332596982e-07,KEEP,ok
f20a348868fe0d8f,clean\english\f20a348868fe0d8f.wav,librispeech,C:\Users\Suhaan\Downloads\dev-clean\LibriSpeech\dev-clean\5895\34629\5895-34629-0003.flac,5895,34629,english,16000,16000,1,3.145,-28.27459348385507,-6.9090479578629544,0.0,7.175148311944213e-06,KEEP,ok
764c8932e757f7cd,clean\english\764c8932e757f7cd.wav,librispeech,C:\Users\Suhaan\Downloads\dev-clean\LibriSpeech\dev-clean\5895\34629\5895-34629-0004.flac,5895,34629,english,16000,16000,1,2.59,-28.183196601333954,-6.371111760968753,0.0,1.1856491255457513e-07,KEEP,ok
46b52e67760436dd,clean\english\46b52e67760436dd.wav,librispeech,C:\Users\Suhaan\Downloads\dev-clean\LibriSpeech\dev-clean\5895\34629\5895-34629-0005.flac,5895,34629,english,16000,16000,1,2.24,-28.541721728551423,-8.231556531133247,0.0,1.8630709064382245e-06,KEEP,ok
f3eee70f8d4794e9,clean\english\f3eee70f8d4794e9.wav,librispeech,C:\Users\Suhaan\Downloads\dev-clean\LibriSpeech\dev-clean\5895\34629\5895-34629-0006.flac,5895,34629,english,16000,16000,1,7.435,-27.20668702792656,-6.547311224895596,0.0,2.3385864551528357e-06,KEEP,ok
8b27cd7a1cfaa636,clean\english\8b27cd7a1cfaa636.wav,librispeech,C:\Users\Suhaan\Downloads\dev-clean\LibriSpeech\dev-clean\5895\34629\5895-34629-0007.flac,5895,34629,english,16000,16000,1,8.195,-26.923270189044686,-6.232029424269665,0.0,5.930585757596418e-06,KEEP,ok
885e4b6b2b6277b3,clean\english\885e4b6b2b6277b3.wav,librispeech,C:\Users\Suhaan\Downloads\dev-clean\LibriSpeech\dev-clean\5895\34629\5895-34629-0008.flac,5895,34629,english,16000,16000,1,10.32,-26.965284043671573,-6.308961391062323,0.0,1.2711960835076752e-06,KEEP,ok
b61d1c27007ce0c4,clean\english\b61d1c27007ce0c4.wav,librispeech,C:\Users\Suhaan\Downloads\dev-clean\LibriSpeech\dev-clean\5895\34629\5895-34629-0009.flac,5895,34629,english,16000,16000,1,4.695,-27.05751377520872,-6.481096356952252,0.0,1.8907736375695094e-05,KEEP,ok
b314dd21e0f13a1e,clean\english\b314dd21e0f13a1e.wav,librispeech,C:\Users\Suhaan\Downloads\dev-clean\LibriSpeech\dev-clean\5895\34629\5895-34629-0010.flac,5895,34629,english,16000,16000,1,2.15,-29.70390385268164,-6.781963547132927,0.0,5.881730658074957e-07,KEEP,ok
75abdb0b39375c61,clean\english\75abdb0b39375c61.wav,librispeech,C:\Users\Suhaan\Downloads\dev-clean\LibriSpeech\dev-clean\5895\34629\5895-34629-0011.flac,5895,34629,english,16000,16000,1,6.93,-25.980449419655137,-6.25378495133036,0.0,7.0789333221910056e-06,KEEP,ok
53107bcf5a292b2a,clean\english\53107bcf5a292b2a.wav,librispeech,C:\Users\Suhaan\Downloads\dev-clean\LibriSpeech\dev-clean\5895\34629\5895-34629-0012.flac,5895,34629,english,16000,16000,1,3.625,-25.96982363154821,-6.3887929673553625,0.0,3.1622525398233847e-07,KEEP,ok
f05568ab765576f5,clean\english\f05568ab765576f5.wav,librispeech,C:\Users\Suhaan\Downloads\dev-clean\LibriSpeech\dev-clean\5895\34629\5895-34629-0013.flac,5895,34629,english,16000,16000,1,5.02,-26.83396626113798,-6.259232357992488,0.0,3.93628124584211e-06,KEEP,ok
bbdac8eb7b9ffaa3,clean\english\bbdac8eb7b9ffaa3.wav,librispeech,C:\Users\Suhaan\Downloads\dev-clean\LibriSpeech\dev-clean\5895\34629\5895-34629-0014.flac,5895,34629,english,16000,16000,1,2.425,-26.934021028248843,-6.642462767161699,0.0,8.860322850523517e-06,KEEP,ok
7956337203c10ae8,clean\english\7956337203c10ae8.wav,librispeech,C:\Users\Suhaan\Downloads\dev-clean\LibriSpeech\dev-clean\5895\34629\5895-34629-0015.flac,5895,34629,english,16000,16000,1,7.17,-26.046538173055822,-6.177338002438536,0.0,9.534082892059814e-07,KEEP,ok
bf9e4c760d9935be,clean\english\bf9e4c760d9935be.wav,librispeech,C:\Users\Suhaan\Downloads\dev-clean\LibriSpeech\dev-clean\5895\34629\5895-34629-0016.flac,5895,34629,english,16000,16000,1,4.805,-27.738071866334508,-8.149883248240098,0.0,1.1303174687782302e-05,KEEP,ok
5ba6d7fc04273d35,clean\english\5ba6d7fc04273d35.wav,librispeech,C:\Users\Suhaan\Downloads\dev-clean\LibriSpeech\dev-clean\5895\34629\5895-34629-0017.flac,5895,34629,english,16000,16000,1,4.69,-26.70292028759127,-6.282695214514518,0.0,6.2694425650988705e-06,KEEP,ok
88f486f1b795a1fe,clean\english\88f486f1b795a1fe.wav,librispeech,C:\Users\Suhaan\Downloads\dev-clean\LibriSpeech\dev-clean\5895\34629\5895-34629-0018.flac,5895,34629,english,16000,16000,1,5.92,-27.689224039089435,-7.129091162228173,0.0,5.970130132482154e-06,KEEP,ok
f01c9ea30c5ab356,clean\english\f01c9ea30c5ab356.wav,librispeech,C:\Users\Suhaan\Downloads\dev-clean\LibriSpeech\dev-clean\5895\34629\5895-34629-0019.flac,5895,34629,english,16000,16000,1,3.48,-25.09549802841525,-6.328164009964702,0.0,6.580900844710413e-06,KEEP,ok
c1e3cbadec694a7e,clean\english\c1e3cbadec694a7e.wav,librispeech,C:\Users\Suhaan\Downloads\dev-clean\LibriSpeech\dev-clean\5895\34629\5895-34629-0020.flac,5895,34629,english,16000,16000,1,2.255,-25.043014404269123,-6.4431666476040315,0.0,2.7193461846763967e-06,KEEP,ok
3fc1cbf99e75f5d7,clean\english\3fc1cbf99e75f5d7.wav,librispeech,C:\Users\Suhaan\Downloads\dev-clean\LibriSpeech\dev-clean\5895\34629\5895-34629-0021.flac,5895,34629,english,16000,16000,1,8.37,-26.81351410821054,-6.294176894491843,0.0,3.2691546039131936e-06,KEEP,ok
2a3cdf66c24696ee,clean\english\2a3cdf66c24696ee.wav,librispeech,C:\Users\Suhaan\Downloads\dev-clean\LibriSpeech\dev-clean\5895\34629\5895-34629-0022.flac,5895,34629,english,16000,16000,1,6.04,-26.574548926979933,-6.324869115961204,0.0,9.748319826030638e-06,KEEP,ok
984e65fe48863ba5,clean\english\984e65fe48863ba5.wav,librispeech,C:\Users\Suhaan\Downloads\dev-clean\LibriSpeech\dev-clean\5895\34629\5895-34629-0023.flac,5895,34629,english,16000,16000,1,7.895,-25.94914711611752,-6.26413794669824,0.0,2.7009698442270746e-06,KEEP,ok
ff1046ed7e45d5b7,clean\english\ff1046ed7e45d5b7.wav,librispeech,C:\Users\Suhaan\Downloads\dev-clean\LibriSpeech\dev-clean\5895\34629\5895-34629-0024.flac,5895,34629,english,16000,16000,1,4.105,-29.412578829033894,-6.944354108925943,0.0,6.8771419137192424e-06,KEEP,ok
c470d21065215a6e,clean\english\c470d21065215a6e.wav,librispeech,C:\Users\Suhaan\Downloads\dev-clean\LibriSpeech\dev-clean\5895\34629\5895-34629-0025.flac,5895,34629,english,16000,16000,1,4.82,-25.816731762136275,-5.9424907670009475,0.0,1.0022681635746267e-05,KEEP,ok
8342bc69aaef1805,clean\english\8342bc69aaef1805.wav,librispeech,C:\Users\Suhaan\Downloads\dev-clean\LibriSpeech\dev-clean\5895\34629\5895-34629-0026.flac,5895,34629,english,16000,16000,1,13.515,-26.565307645943406,-6.218459839197548,0.0,3.1464549010706833e-06,KEEP,ok
c57648ea83051fea,clean\english\c57648ea83051fea.wav,librispeech,C:\Users\Suhaan\Downloads\dev-clean\LibriSpeech\dev-clean\5895\34629\5895-34629-0027.flac,5895,34629,english,16000,16000,1,7.1,-27.576736071566753,-6.383263723016843,0.0,1.6325292335750419e-06,KEEP,ok
87042de3bd9f3288,clean\english\87042de3bd9f3288.wav,librispeech,C:\Users\Suhaan\Downloads\dev-clean\LibriSpeech\dev-clean\5895\34629\5895-34629-0028.flac,5895,34629,english,16000,16000,1,5.4,-26.486507888226356,-6.268500797113601,0.0,4.651811195799382e-06,KEEP,ok
a7848875ebeae37d,clean\english\a7848875ebeae37d.wav,librispeech,C:\Users\Suhaan\Downloads\dev-clean\LibriSpeech\dev-clean\5895\34629\5895-34629-0029.flac,5895,34629,english,16000,16000,1,3.08,-25.44449886147774,-6.226056194937405,0.0,4.744839316117577e-06,KEEP,ok
33c8b0e377b5dc93,clean\english\33c8b0e377b5dc93.wav,librispeech,C:\Users\Suhaan\Downloads\dev-clean\LibriSpeech\dev-clean\5895\34629\5895-34629-0030.flac,5895,34629,english,16000,16000,1,10.16,-27.114641883510025,-6.366145399743105,0.0,5.2241830417187884e-06,KEEP,ok
7e44db5b8d2b8daf,clean\english\7e44db5b8d2b8daf.wav,librispeech,C:\Users\Suhaan\Downloads\dev-clean\LibriSpeech\dev-clean\5895\34629\5895-34629-0031.flac,5895,34629,english,16000,16000,1,3.57,-29.01567454750937,-7.940397156752576,0.0,1.9981748664577026e-06,KEEP,ok
07b4bc5ad15b0018,clean\english\07b4bc5ad15b0018.wav,librispeech,C:\Users\Suhaan\Downloads\dev-clean\LibriSpeech\dev-clean\5895\34629\5895-34629-0032.flac,5895,34629,english,16000,16000,1,2.805,-27.288423288123404,-6.281602512331914,0.0,3.639261876742239e-06,KEEP,ok
5079b1cb3e918963,clean\english\5079b1cb3e918963.wav,librispeech,C:\Users\Suhaan\Downloads\dev-clean\LibriSpeech\dev-clean\5895\34629\5895-34629-0033.flac,5895,34629,english,16000,16000,1,7.73,-26.250273265792003,-6.290347981210502,0.0,4.6257523536041845e-06,KEEP,ok
f3db66dd22fcff0d,clean\english\f3db66dd22fcff0d.wav,librispeech,C:\Users\Suhaan\Downloads\dev-clean\LibriSpeech\dev-clean\6241\61943\6241-61943-0000.flac,6241,61943,english,16000,16000,1,6.95,-24.62750805826927,-3.7990959279090735,0.0,5.5343574786093086e-05,KEEP,ok
e0891bc190733c7e,clean\english\e0891bc190733c7e.wav,librispeech,C:\Users\Suhaan\Downloads\dev-clean\LibriSpeech\dev-clean\6241\61943\6241-61943-0001.flac,6241,61943,english,16000,16000,1,3.22,-25.246336890222207,-5.906313707789318,0.0,6.981784827075899e-05,KEEP,ok
7e43b118ffc29861,clean\english\7e43b118ffc29861.wav,librispeech,C:\Users\Suhaan\Downloads\dev-clean\LibriSpeech\dev-clean\6241\61943\6241-61943-0002.flac,6241,61943,english,16000,16000,1,2.735,-26.668216062685563,-8.824375938787846,0.0,7.124348485376686e-05,KEEP,ok
1b0c78f128ddd7f7,clean\english\1b0c78f128ddd7f7.wav,librispeech,C:\Users\Suhaan\Downloads\dev-clean\LibriSpeech\dev-clean\6241\61943\6241-61943-0003.flac,6241,61943,english,16000,16000,1,7.825,-22.839154018945838,-0.9485541693125333,0.0,6.699900404782966e-05,KEEP,ok
491f183ccfa636e2,clean\english\491f183ccfa636e2.wav,librispeech,C:\Users\Suhaan\Downloads\dev-clean\LibriSpeech\dev-clean\6241\61943\6241-61943-0004.flac,6241,61943,english,16000,16000,1,3.41,-23.269364463390268,-3.8994260360419988,0.0,7.155298226280138e-05,KEEP,ok
860f8426d7673040,clean\english\860f8426d7673040.wav,librispeech,C:\Users\Suhaan\Downloads\dev-clean\LibriSpeech\dev-clean\6241\61943\6241-61943-0005.flac,6241,61943,english,16000,16000,1,4.9,-24.761257670331048,-2.6538935782620148,0.0,3.426999319344759e-05,KEEP,ok
f76dfb0fec6662c8,clean\english\f76dfb0fec6662c8.wav,librispeech,C:\Users\Suhaan\Downloads\dev-clean\LibriSpeech\dev-clean\6241\61943\6241-61943-0006.flac,6241,61943,english,16000,16000,1,3.83,-24.966034206029647,-4.86752294919416,0.0,6.491160456789657e-05,KEEP,ok
153443e0c6ae7b74,clean\english\153443e0c6ae7b74.wav,librispeech,C:\Users\Suhaan\Downloads\dev-clean\LibriSpeech\dev-clean\6241\61943\6241-61943-0007.flac,6241,61943,english,16000,16000,1,2.64,-22.29229444755751,-1.8871254948438692,0.0,5.900354153709486e-05,KEEP,ok
3cc8dabb626260f1,clean\english\3cc8dabb626260f1.wav,librispeech,C:\Users\Suhaan\Downloads\dev-clean\LibriSpeech\dev-clean\6241\61943\6241-61943-0008.flac,6241,61943,english,16000,16000,1,8.1100625,-26.543166847226942,-8.159372320969492,0.0,4.956081465934403e-05,KEEP,ok
821ada723201ac23,clean\english\821ada723201ac23.wav,librispeech,C:\Users\Suhaan\Downloads\dev-clean\LibriSpeech\dev-clean\6241\61943\6241-61943-0009.flac,6241,61943,english,16000,16000,1,3.845,-27.263237983298893,-6.335307237651492,0.0,7.62998970458284e-05,KEEP,ok
a790f9d5c381f258,clean\english\a790f9d5c381f258.wav,librispeech,C:\Users\Suhaan\Downloads\dev-clean\LibriSpeech\dev-clean\6241\61943\6241-61943-0010.flac,6241,61943,english,16000,16000,1,4.53,-25.0572117744829,-4.292308315962113,0.0,5.550594869419001e-05,KEEP,ok
07aece8675d8db59,clean\english\07aece8675d8db59.wav,librispeech,C:\Users\Suhaan\Downloads\dev-clean\LibriSpeech\dev-clean\6241\61943\6241-61943-0011.flac,6241,61943,english,16000,16000,1,3.9,-24.975670041526236,-6.116554008963346,0.0,5.98702063143719e-05,KEEP,ok
e403f12db6dea4c1,clean\english\e403f12db6dea4c1.wav,librispeech,C:\Users\Suhaan\Downloads\dev-clean\LibriSpeech\dev-clean\6241\61943\6241-61943-0012.flac,6241,61943,english,16000,16000,1,5.86,-24.91533243064653,-2.7454028915753548,0.0,7.050322165014222e-05,KEEP,ok
2551021b10403e4f,clean\english\2551021b10403e4f.wav,librispeech,C:\Users\Suhaan\Downloads\dev-clean\LibriSpeech\dev-clean\6241\61943\6241-61943-0013.flac,6241,61943,english,16000,16000,1,7.97,-24.872169360116153,-1.6627638462067384,0.0,6.224776734597981e-05,KEEP,ok
fd3f645d4720b908,clean\english\fd3f645d4720b908.wav,librispeech,C:\Users\Suhaan\Downloads\dev-clean\LibriSpeech\dev-clean\6241\61943\6241-61943-0014.flac,6241,61943,english,16000,16000,1,6.74,-25.055361721547328,-2.938054747841229,0.0,5.9088473790325224e-05,KEEP,ok
5e46a164e25bbb1d,clean\english\5e46a164e25bbb1d.wav,librispeech,C:\Users\Suhaan\Downloads\dev-clean\LibriSpeech\dev-clean\6241\61943\6241-61943-0015.flac,6241,61943,english,16000,16000,1,2.49,-26.332476049282437,-6.315540364781941,0.0,9.458533895667642e-05,KEEP,ok
27459ea5afc18b39,clean\english\27459ea5afc18b39.wav,librispeech,C:\Users\Suhaan\Downloads\dev-clean\LibriSpeech\dev-clean\6241\61943\6241-61943-0016.flac,6241,61943,english,16000,16000,1,4.665,-24.5377585643398,-4.569097219817317,0.0,6.754467176506296e-05,KEEP,ok
886d75a3d2d677ca,clean\english\886d75a3d2d677ca.wav,librispeech,C:\Users\Suhaan\Downloads\dev-clean\LibriSpeech\dev-clean\6241\61943\6241-61943-0017.flac,6241,61943,english,16000,16000,1,6.09,-25.38496347916081,-5.885932260100256,0.0,6.436565308831632e-05,KEEP,ok
f1d0deb87d1a77f6,clean\english\f1d0deb87d1a77f6.wav,librispeech,C:\Users\Suhaan\Downloads\dev-clean\LibriSpeech\dev-clean\6241\61943\6241-61943-0018.flac,6241,61943,english,16000,16000,1,7.19,-26.711628929569898,-6.355119197515889,0.0,6.000402208883315e-05,KEEP,ok
e71c7d72fe3ef4c9,clean\english\e71c7d72fe3ef4c9.wav,librispeech,C:\Users\Suhaan\Downloads\dev-clean\LibriSpeech\dev-clean\6241\61943\6241-61943-0019.flac,6241,61943,english,16000,16000,1,2.905,-22.740290358105327,-3.1415440940339456,0.0,7.311087392736226e-05,KEEP,ok
77aff9103c39a5b1,clean\english\77aff9103c39a5b1.wav,librispeech,C:\Users\Suhaan\Downloads\dev-clean\LibriSpeech\dev-clean\6241\61943\6241-61943-0020.flac,6241,61943,english,16000,16000,1,4.395,-25.028285974789647,-6.393218898476892,0.0,5.387359487940557e-05,KEEP,ok
701c5fa6a8d93fa2,clean\english\701c5fa6a8d93fa2.wav,librispeech,C:\Users\Suhaan\Downloads\dev-clean\LibriSpeech\dev-clean\6241\61943\6241-61943-0021.flac,6241,61943,english,16000,16000,1,2.52,-25.096267864831333,-3.3207281628997256,0.0,6.665956607321277e-05,KEEP,ok
8cbf823403c43cf9,clean\english\8cbf823403c43cf9.wav,librispeech,C:\Users\Suhaan\Downloads\dev-clean\LibriSpeech\dev-clean\6241\61943\6241-61943-0022.flac,6241,61943,english,16000,16000,1,3.02,-25.003225736741093,-4.738499404454008,0.0,5.132978185429238e-05,KEEP,ok
4e4183dac370b407,clean\english\4e4183dac370b407.wav,librispeech,C:\Users\Suhaan\Downloads\dev-clean\LibriSpeech\dev-clean\6241\61943\6241-61943-0023.flac,6241,61943,english,16000,16000,1,4.355,-23.516720811215045,-5.431874043064244,0.0,4.7199762775562704e-05,KEEP,ok
f60b7d358d201186,clean\english\f60b7d358d201186.wav,librispeech,C:\Users\Suhaan\Downloads\dev-clean\LibriSpeech\dev-clean\6241\61943\6241-61943-0024.flac,6241,61943,english,16000,16000,1,7.36,-25.28801891451589,-5.8028130646771015,0.0,5.2400257118279114e-05,KEEP,ok
30b2d57b7fb0550c,clean\english\30b2d57b7fb0550c.wav,librispeech,C:\Users\Suhaan\Downloads\dev-clean\LibriSpeech\dev-clean\6241\61943\6241-61943-0025.flac,6241,61943,english,16000,16000,1,6.26,-26.128290648744574,-4.011438868478109,0.0,5.9793856053147465e-05,KEEP,ok
9afb0ca057eb942c,clean\english\9afb0ca057eb942c.wav,librispeech,C:\Users\Suhaan\Downloads\dev-clean\LibriSpeech\dev-clean\6241\61943\6241-61943-0026.flac,6241,61943,english,16000,16000,1,9.105,-25.233271163439134,-4.9140712365790185,0.0,6.979890167713165e-05,KEEP,ok
850014922e3c8e9d,clean\english\850014922e3c8e9d.wav,librispeech,C:\Users\Suhaan\Downloads\dev-clean\LibriSpeech\dev-clean\6241\61943\6241-61943-0027.flac,6241,61943,english,16000,16000,1,17.87,-25.795701768418063,-1.9154999981169114,0.0,5.5359112593578175e-05,KEEP,ok
4ff4f228b094b334,clean\english\4ff4f228b094b334.wav,librispeech,C:\Users\Suhaan\Downloads\dev-clean\LibriSpeech\dev-clean\6241\61946\6241-61946-0000.flac,6241,61946,english,16000,16000,1,6.235,-25.352007598744038,-3.9581780500713863,0.0,4.056182660860941e-05,KEEP,ok
406127dbb0a6e1c6,clean\english\406127dbb0a6e1c6.wav,librispeech,C:\Users\Suhaan\Downloads\dev-clean\LibriSpeech\dev-clean\6241\61946\6241-61946-0001.flac,6241,61946,english,16000,16000,1,6.05,-24.16095088645973,-3.4199742254715937,0.0,4.298375642974861e-05,KEEP,ok
d633b6c41168f4c1,clean\english\d633b6c41168f4c1.wav,librispeech,C:\Users\Suhaan\Downloads\dev-clean\LibriSpeech\dev-clean\6241\61946\6241-61946-0002.flac,6241,61946,english,16000,16000,1,5.485,-24.869007991913627,-5.521507363552793,0.0,5.0131799071095884e-05,KEEP,ok
17ca599accf2e481,clean\english\17ca599accf2e481.wav,librispeech,C:\Users\Suhaan\Downloads\dev-clean\LibriSpeech\dev-clean\6241\61946\6241-61946-0003.flac,6241,61946,english,16000,16000,1,8.44,-24.883255487700637,-4.534179923308617,0.0,3.88238113373518e-05,KEEP,ok
542beef3431c19c5,clean\english\542beef3431c19c5.wav,librispeech,C:\Users\Suhaan\Downloads\dev-clean\LibriSpeech\dev-clean\6241\61946\6241-61946-0004.flac,6241,61946,english,16000,16000,1,5.515,-24.93046068685855,-5.31671665230273,0.0,5.355136454454623e-05,KEEP,ok
90aabd4c4af09831,clean\english\90aabd4c4af09831.wav,librispeech,C:\Users\Suhaan\Downloads\dev-clean\LibriSpeech\dev-clean\6241\61946\6241-61946-0005.flac,6241,61946,english,16000,16000,1,2.95,-23.754166298111162,-5.861433380295248,0.0,4.320047810324468e-05,KEEP,ok
1e0f9eca1868cb13,clean\english\1e0f9eca1868cb13.wav,librispeech,C:\Users\Suhaan\Downloads\dev-clean\LibriSpeech\dev-clean\6241\61946\6241-61946-0006.flac,6241,61946,english,16000,16000,1,7.93,-23.95374014762386,-4.529266963361784,0.0,4.669444388127886e-05,KEEP,ok
360904af99ab33ac,clean\english\360904af99ab33ac.wav,librispeech,C:\Users\Suhaan\Downloads\dev-clean\LibriSpeech\dev-clean\6241\61946\6241-61946-0007.flac,6241,61946,english,16000,16000,1,6.02,-26.219890507458935,-5.302062690377824,0.0,4.1400871850783005e-05,KEEP,ok
fdb9acd1364a0a0e,clean\english\fdb9acd1364a0a0e.wav,librispeech,C:\Users\Suhaan\Downloads\dev-clean\LibriSpeech\dev-clean\6241\61946\6241-61946-0008.flac,6241,61946,english,16000,16000,1,4.285,-23.146190830426224,-3.8956893658884066,0.0,3.810246198554523e-05,KEEP,ok
99b4d430af192444,clean\english\99b4d430af192444.wav,librispeech,C:\Users\Suhaan\Downloads\dev-clean\LibriSpeech\dev-clean\6241\61946\6241-61946-0009.flac,6241,61946,english,16000,16000,1,4.29,-24.929400243668603,-4.880066423159068,0.0,4.8021614929893985e-05,KEEP,ok
5bf61dc0b908bf94,clean\english\5bf61dc0b908bf94.wav,librispeech,C:\Users\Suhaan\Downloads\dev-clean\LibriSpeech\dev-clean\6241\61946\6241-61946-0010.flac,6241,61946,english,16000,16000,1,3.21,-23.36371883814862,-4.687876607524275,0.0,4.435209484654479e-05,KEEP,ok
3dd1619877e55e50,clean\english\3dd1619877e55e50.wav,librispeech,C:\Users\Suhaan\Downloads\dev-clean\LibriSpeech\dev-clean\6241\61946\6241-61946-0011.flac,6241,61946,english,16000,16000,1,10.1050625,-23.470636860047343,-3.4613347449752485,0.0,5.0590766477398574e-05,KEEP,ok
7cf14ab34381a13c,clean\english\7cf14ab34381a13c.wav,librispeech,C:\Users\Suhaan\Downloads\dev-clean\LibriSpeech\dev-clean\6241\61946\6241-61946-0012.flac,6241,61946,english,16000,16000,1,2.975,-25.829975479532475,-6.874469626129736,0.0,4.988918954040855e-05,KEEP,ok
329b2baff19f9243,clean\english\329b2baff19f9243.wav,librispeech,C:\Users\Suhaan\Downloads\dev-clean\LibriSpeech\dev-clean\6241\61946\6241-61946-0013.flac,6241,61946,english,16000,16000,1,9.62,-25.426638926048778,-5.421476818782921,0.0,4.194977373117581e-05,KEEP,ok
2edfa08beb71371f,clean\english\2edfa08beb71371f.wav,librispeech,C:\Users\Suhaan\Downloads\dev-clean\LibriSpeech\dev-clean\6241\61946\6241-61946-0014.flac,6241,61946,english,16000,16000,1,5.345,-24.273219726100265,-3.377636456900977,0.0,3.2303243642672896e-05,KEEP,ok
0c4a95948d0aaaad,clean\english\0c4a95948d0aaaad.wav,librispeech,C:\Users\Suhaan\Downloads\dev-clean\LibriSpeech\dev-clean\6241\61946\6241-61946-0015.flac,6241,61946,english,16000,16000,1,3.97,-24.850495155032558,-5.965112339064268,0.0,4.128520959056914e-05,KEEP,ok
481c4c443ab3ad38,clean\english\481c4c443ab3ad38.wav,librispeech,C:\Users\Suhaan\Downloads\dev-clean\LibriSpeech\dev-clean\6241\61946\6241-61946-0016.flac,6241,61946,english,16000,16000,1,6.33,-22.619423181725978,-3.38937626266826,0.0,4.87196484755259e-05,KEEP,ok
3561a6c2f93ae7d4,clean\english\3561a6c2f93ae7d4.wav,librispeech,C:\Users\Suhaan\Downloads\dev-clean\LibriSpeech\dev-clean\6241\61946\6241-61946-0017.flac,6241,61946,english,16000,16000,1,4.455,-24.08465820316552,-4.201541326368423,0.0,5.07817130710464e-05,KEEP,ok
9d45c33cd9bccb8e,clean\english\9d45c33cd9bccb8e.wav,librispeech,C:\Users\Suhaan\Downloads\dev-clean\LibriSpeech\dev-clean\6241\61946\6241-61946-0018.flac,6241,61946,english,16000,16000,1,3.905,-24.325066542501457,-5.854149178662341,0.0,3.083017872995697e-05,KEEP,ok
6a0b3927a4bd0a0d,clean\english\6a0b3927a4bd0a0d.wav,librispeech,C:\Users\Suhaan\Downloads\dev-clean\LibriSpeech\dev-clean\6241\61946\6241-61946-0019.flac,6241,61946,english,16000,16000,1,2.27,-22.808148156103666,-4.124488919498343,0.0,5.7700235629454255e-05,KEEP,ok
08ada87481217197,clean\english\08ada87481217197.wav,librispeech,C:\Users\Suhaan\Downloads\dev-clean\LibriSpeech\dev-clean\6241\61946\6241-61946-0020.flac,6241,61946,english,16000,16000,1,11.955,-23.477489148053753,-3.3503051264891597,0.0,4.265823736204766e-05,KEEP,ok
6ccd08b497303afb,clean\english\6ccd08b497303afb.wav,librispeech,C:\Users\Suhaan\Downloads\dev-clean\LibriSpeech\dev-clean\6241\61946\6241-61946-0021.flac,6241,61946,english,16000,16000,1,4.455,-25.05642296721733,-5.427911728055433,0.0,4.0997932956088334e-05,KEEP,ok
8100c1a4a71795cf,clean\english\8100c1a4a71795cf.wav,librispeech,C:\Users\Suhaan\Downloads\dev-clean\LibriSpeech\dev-clean\6241\61946\6241-61946-0022.flac,6241,61946,english,16000,16000,1,8.275,-24.655815982997712,-6.266864471389637,0.0,3.505557106109336e-05,KEEP,ok
d09dbd95289eed9d,clean\english\d09dbd95289eed9d.wav,librispeech,C:\Users\Suhaan\Downloads\dev-clean\LibriSpeech\dev-clean\6241\61946\6241-61946-0023.flac,6241,61946,english,16000,16000,1,6.585,-23.76832635647022,-4.871237645984689,0.0,5.225700806477107e-05,KEEP,ok
fbadc0c857e68092,clean\english\fbadc0c857e68092.wav,librispeech,C:\Users\Suhaan\Downloads\dev-clean\LibriSpeech\dev-clean\6241\66616\6241-66616-0000.flac,6241,66616,english,16000,16000,1,9.27,-23.734347269138524,-6.810947455627834,0.0,0.00011969096522079781,KEEP,ok
db7ef3296d7a8623,clean\english\db7ef3296d7a8623.wav,librispeech,C:\Users\Suhaan\Downloads\dev-clean\LibriSpeech\dev-clean\6241\66616\6241-66616-0001.flac,6241,66616,english,16000,16000,1,8.105,-23.054870911052923,-6.799342283698914,0.0,9.172405407298356e-05,KEEP,ok
6cf15d28acea4624,clean\english\6cf15d28acea4624.wav,librispeech,C:\Users\Suhaan\Downloads\dev-clean\LibriSpeech\dev-clean\6241\66616\6241-66616-0002.flac,6241,66616,english,16000,16000,1,4.195,-22.90551204411721,-6.727159160114483,0.0,0.00015832175267860293,KEEP,ok
351606dc999fbe44,clean\english\351606dc999fbe44.wav,librispeech,C:\Users\Suhaan\Downloads\dev-clean\LibriSpeech\dev-clean\6241\66616\6241-66616-0003.flac,6241,66616,english,16000,16000,1,5.485,-23.205249860016167,-6.4995632877274545,0.0,0.00012475764378905296,KEEP,ok
c824b57365600e9a,clean\english\c824b57365600e9a.wav,librispeech,C:\Users\Suhaan\Downloads\dev-clean\LibriSpeech\dev-clean\6241\66616\6241-66616-0004.flac,6241,66616,english,16000,16000,1,4.845,-22.436013384027163,-6.74385228295058,0.0,0.00014495849609375,KEEP,ok
6d62c239bc68fa3e,clean\english\6d62c239bc68fa3e.wav,librispeech,C:\Users\Suhaan\Downloads\dev-clean\LibriSpeech\dev-clean\6241\66616\6241-66616-0005.flac,6241,66616,english,16000,16000,1,10.81,-24.06596734387123,-6.598155602106855,0.0,0.00010332660167478025,KEEP,ok
28923147357a830e,clean\english\28923147357a830e.wav,librispeech,C:\Users\Suhaan\Downloads\dev-clean\LibriSpeech\dev-clean\6241\66616\6241-66616-0006.flac,6241,66616,english,16000,16000,1,5.795,-23.08832212329876,-6.806883881454038,0.0,0.0001329621154582128,KEEP,ok
448b8108211136fd,clean\english\448b8108211136fd.wav,librispeech,C:\Users\Suhaan\Downloads\dev-clean\LibriSpeech\dev-clean\6241\66616\6241-66616-0007.flac,6241,66616,english,16000,16000,1,5.115,-22.837971452891416,-6.680130788356401,0.0,0.00016751592920627445,KEEP,ok
b7d9915d78e5cfa5,clean\english\b7d9915d78e5cfa5.wav,librispeech,C:\Users\Suhaan\Downloads\dev-clean\LibriSpeech\dev-clean\6241\66616\6241-66616-0008.flac,6241,66616,english,16000,16000,1,17.8,-22.775474824164323,-6.63563155199396,0.0,0.0001376887084916234,KEEP,ok
800a59c88b48e245,clean\english\800a59c88b48e245.wav,librispeech,C:\Users\Suhaan\Downloads\dev-clean\LibriSpeech\dev-clean\6241\66616\6241-66616-0009.flac,6241,66616,english,16000,16000,1,11.145,-21.71306366953281,-6.67841505706429,0.0,0.00032421486685052514,KEEP,ok
620f60cb6ba87422,clean\english\620f60cb6ba87422.wav,librispeech,C:\Users\Suhaan\Downloads\dev-clean\LibriSpeech\dev-clean\6241\66616\6241-66616-0010.flac,6241,66616,english,16000,16000,1,9.4,-22.351268330391598,-6.698453040926164,0.0,0.00017031710012815893,KEEP,ok
5c9e85e52c4797d7,clean\english\5c9e85e52c4797d7.wav,librispeech,C:\Users\Suhaan\Downloads\dev-clean\LibriSpeech\dev-clean\6241\66616\6241-66616-0011.flac,6241,66616,english,16000,16000,1,10.725,-23.591707202095833,-6.4109452100131055,0.0,0.00014880111848469824,KEEP,ok
c312aa3cd420b4e2,clean\english\c312aa3cd420b4e2.wav,librispeech,C:\Users\Suhaan\Downloads\dev-clean\LibriSpeech\dev-clean\6241\66616\6241-66616-0012.flac,6241,66616,english,16000,16000,1,10.63,-22.29629162689575,-6.6766996646151355,0.0,0.00011400203220546246,KEEP,ok
3de43c884500aeec,clean\english\3de43c884500aeec.wav,librispeech,C:\Users\Suhaan\Downloads\dev-clean\LibriSpeech\dev-clean\6241\66616\6241-66616-0013.flac,6241,66616,english,16000,16000,1,5.18,-22.676333532049284,-6.724284275224748,0.0,0.00015036019613035023,KEEP,ok
d2d640a0a5ea4763,clean\english\d2d640a0a5ea4763.wav,librispeech,C:\Users\Suhaan\Downloads\dev-clean\LibriSpeech\dev-clean\6241\66616\6241-66616-0014.flac,6241,66616,english,16000,16000,1,8.695,-22.187790138675425,-6.560840650743291,0.0,0.00010121319792233407,KEEP,ok
6bb593a480e6538f,clean\english\6bb593a480e6538f.wav,librispeech,C:\Users\Suhaan\Downloads\dev-clean\LibriSpeech\dev-clean\6241\66616\6241-66616-0015.flac,6241,66616,english,16000,16000,1,4.62,-24.31614587023738,-6.911984661964387,0.0,0.00010180741810472682,KEEP,ok
31f00580a4a09eef,clean\english\31f00580a4a09eef.wav,librispeech,C:\Users\Suhaan\Downloads\dev-clean\LibriSpeech\dev-clean\6241\66616\6241-66616-0016.flac,6241,66616,english,16000,16000,1,5.05,-23.396051907717954,-6.892620738520982,0.0,0.00010625366849126294,KEEP,ok
dec3ad1f54b8413e,clean\english\dec3ad1f54b8413e.wav,librispeech,C:\Users\Suhaan\Downloads\dev-clean\LibriSpeech\dev-clean\6241\66616\6241-66616-0017.flac,6241,66616,english,16000,16000,1,6.555,-22.45696301851188,-6.8423590918213675,0.0,0.00018107969663105905,KEEP,ok
557dbb24e52be9d9,clean\english\557dbb24e52be9d9.wav,librispeech,C:\Users\Suhaan\Downloads\dev-clean\LibriSpeech\dev-clean\6241\66616\6241-66616-0018.flac,6241,66616,english,16000,16000,1,7.325,-22.872172326498003,-6.751922528748354,0.0,0.00016023915668483824,KEEP,ok
21aec81882e97af0,clean\english\21aec81882e97af0.wav,librispeech,C:\Users\Suhaan\Downloads\dev-clean\LibriSpeech\dev-clean\6241\66616\6241-66616-0019.flac,6241,66616,english,16000,16000,1,6.315,-22.27921721591274,-6.773287200753645,0.0,0.00017143363947980106,KEEP,ok
48780c08901b98e1,clean\english\48780c08901b98e1.wav,librispeech,C:\Users\Suhaan\Downloads\dev-clean\LibriSpeech\dev-clean\6241\66616\6241-66616-0020.flac,6241,66616,english,16000,16000,1,2.905,-22.360051322330136,-6.620280933026948,0.0,0.00015066938067320734,KEEP,ok
856417b32c2917ee,clean\english\856417b32c2917ee.wav,librispeech,C:\Users\Suhaan\Downloads\dev-clean\LibriSpeech\dev-clean\6241\66616\6241-66616-0021.flac,6241,66616,english,16000,16000,1,4.16,-22.509570188897822,-7.124274030936279,0.0,0.00013836393191013485,KEEP,ok
0361a69178631167,clean\english\0361a69178631167.wav,librispeech,C:\Users\Suhaan\Downloads\dev-clean\LibriSpeech\dev-clean\6241\66616\6241-66616-0022.flac,6241,66616,english,16000,16000,1,6.32,-23.08556425985583,-6.613467134177372,0.0,0.00018672519945539534,KEEP,ok
9c3d0277e8f1eceb,clean\english\9c3d0277e8f1eceb.wav,librispeech,C:\Users\Suhaan\Downloads\dev-clean\LibriSpeech\dev-clean\6241\66616\6241-66616-0023.flac,6241,66616,english,16000,16000,1,2.665,-24.689032961166472,-7.213826316110822,0.0,0.00014741907943971455,KEEP,ok
f40b111d852eaff1,clean\english\f40b111d852eaff1.wav,librispeech,C:\Users\Suhaan\Downloads\dev-clean\LibriSpeech\dev-clean\6241\66616\6241-66616-0024.flac,6241,66616,english,16000,16000,1,4.175,-25.281168911948598,-8.648985307663693,0.0,0.0001110716475523077,KEEP,ok
006d6a13c5d9331f,clean\english\006d6a13c5d9331f.wav,librispeech,C:\Users\Suhaan\Downloads\dev-clean\LibriSpeech\dev-clean\6241\66616\6241-66616-0025.flac,6241,66616,english,16000,16000,1,10.305,-23.719936522855143,-6.842941861430635,0.0,0.00010349490185035393,KEEP,ok
32bde652ddcfcc90,clean\english\32bde652ddcfcc90.wav,librispeech,C:\Users\Suhaan\Downloads\dev-clean\LibriSpeech\dev-clean\6295\244435\6295-244435-0000.flac,6295,244435,english,16000,16000,1,3.105,-21.593471308915547,-0.7947034824796548,0.0,2.951752503577154e-05,KEEP,ok
b8e4bb920246b583,clean\english\b8e4bb920246b583.wav,librispeech,C:\Users\Suhaan\Downloads\dev-clean\LibriSpeech\dev-clean\6295\244435\6295-244435-0001.flac,6295,244435,english,16000,16000,1,7.885,-20.584328397890985,-0.06625505863774778,0.0,4.284942860977026e-06,KEEP,ok
8f159a2c82957e56,clean\english\8f159a2c82957e56.wav,librispeech,C:\Users\Suhaan\Downloads\dev-clean\LibriSpeech\dev-clean\6295\244435\6295-244435-0002.flac,6295,244435,english,16000,16000,1,6.105,-22.462723006322683,-5.995718786225406,0.0,5.888036685064435e-05,KEEP,ok
40b2618bb663ad00,clean\english\40b2618bb663ad00.wav,librispeech,C:\Users\Suhaan\Downloads\dev-clean\LibriSpeech\dev-clean\6295\244435\6295-244435-0003.flac,6295,244435,english,16000,16000,1,3.245,-19.227377550367013,-2.4241689496415346,0.0,0.00010026717063738033,KEEP,ok
1b3f415ba1c52369,clean\english\1b3f415ba1c52369.wav,librispeech,C:\Users\Suhaan\Downloads\dev-clean\LibriSpeech\dev-clean\6295\244435\6295-244435-0004.flac,6295,244435,english,16000,16000,1,12.315,-21.166283823993627,-2.3996750255556116,0.0,5.746052465838147e-06,KEEP,ok
119613c51c78783d,clean\english\119613c51c78783d.wav,librispeech,C:\Users\Suhaan\Downloads\dev-clean\LibriSpeech\dev-clean\6295\244435\6295-244435-0005.flac,6295,244435,english,16000,16000,1,4.4,-22.475703116082116,-4.580767581274796,0.0,3.5315428249305114e-05,KEEP,ok
6f500f95f4bf2987,clean\english\6f500f95f4bf2987.wav,librispeech,C:\Users\Suhaan\Downloads\dev-clean\LibriSpeech\dev-clean\6295\244435\6295-244435-0006.flac,6295,244435,english,16000,16000,1,2.84,-22.57319892317371,-6.258687463563773,0.0,2.016752478084527e-05,KEEP,ok
459a19731caadfd6,clean\english\459a19731caadfd6.wav,librispeech,C:\Users\Suhaan\Downloads\dev-clean\LibriSpeech\dev-clean\6295\244435\6295-244435-0007.flac,6295,244435,english,16000,16000,1,4.59,-22.243739778219297,-2.862912662936594,0.0,1.783724110282492e-05,KEEP,ok
77b50659246ea4f7,clean\english\77b50659246ea4f7.wav,librispeech,C:\Users\Suhaan\Downloads\dev-clean\LibriSpeech\dev-clean\6295\244435\6295-244435-0008.flac,6295,244435,english,16000,16000,1,13.4,-22.474029708575767,-3.0582183025823877,0.0,0.00020393001614138484,KEEP,ok
08ce5ea9f06addd8,clean\english\08ce5ea9f06addd8.wav,librispeech,C:\Users\Suhaan\Downloads\dev-clean\LibriSpeech\dev-clean\6295\244435\6295-244435-0009.flac,6295,244435,english,16000,16000,1,8.265,-20.943541668712538,-3.3199511801960973,0.0,2.1555000785156153e-05,KEEP,ok
6ffafab81396bdd7,clean\english\6ffafab81396bdd7.wav,librispeech,C:\Users\Suhaan\Downloads\dev-clean\LibriSpeech\dev-clean\6295\244435\6295-244435-0010.flac,6295,244435,english,16000,16000,1,10.09,-19.734928287898242,-0.00318145036389951,1.858275520317146e-05,2.616697020130232e-05,KEEP,ok
ec3ea9df373258fe,clean\english\ec3ea9df373258fe.wav,librispeech,C:\Users\Suhaan\Downloads\dev-clean\LibriSpeech\dev-clean\6295\244435\6295-244435-0011.flac,6295,244435,english,16000,16000,1,2.525,-22.384630978219036,-5.614604606756841,0.0,3.38843310601078e-05,KEEP,ok
38d9edb4153fa0f5,clean\english\38d9edb4153fa0f5.wav,librispeech,C:\Users\Suhaan\Downloads\dev-clean\LibriSpeech\dev-clean\6295\244435\6295-244435-0012.flac,6295,244435,english,16000,16000,1,4.58,-20.22605170458816,-2.2562064412525076,0.0,4.834795618080534e-05,KEEP,ok
c9bdb8f7688c12e3,clean\english\c9bdb8f7688c12e3.wav,librispeech,C:\Users\Suhaan\Downloads\dev-clean\LibriSpeech\dev-clean\6295\244435\6295-244435-0013.flac,6295,244435,english,16000,16000,1,6.71,-20.295127507695856,-0.00026507636037961915,6.520119225037258e-05,5.2914001571480185e-06,KEEP,ok
979d901e8331a6c0,clean\english\979d901e8331a6c0.wav,librispeech,C:\Users\Suhaan\Downloads\dev-clean\LibriSpeech\dev-clean\6295\244435\6295-244435-0014.flac,6295,244435,english,16000,16000,1,2.02,-18.255958310518086,-0.05851255272283809,0.0,1.8595705114421435e-05,KEEP,ok
9240d59a6d87841e,clean\english\9240d59a6d87841e.wav,librispeech,C:\Users\Suhaan\Downloads\dev-clean\LibriSpeech\dev-clean\6295\244435\6295-244435-0015.flac,6295,244435,english,16000,16000,1,2.235,-21.99283596080367,-2.2434989829606313,0.0,4.517984052654356e-05,KEEP,ok
1fa3aa1472bdfe7a,clean\english\1fa3aa1472bdfe7a.wav,librispeech,C:\Users\Suhaan\Downloads\dev-clean\LibriSpeech\dev-clean\6295\244435\6295-244435-0016.flac,6295,244435,english,16000,16000,1,11.51,-19.920002411464054,-1.7268785325404277,0.0,1.7189833670272492e-05,KEEP,ok
2d3671d8abf1117e,clean\english\2d3671d8abf1117e.wav,librispeech,C:\Users\Suhaan\Downloads\dev-clean\LibriSpeech\dev-clean\6295\244435\6295-244435-0017.flac,6295,244435,english,16000,16000,1,8.55,-21.67978535174982,-1.9178136352799453,0.0,6.265026968321763e-06,KEEP,ok
071b5dbdbb3341d4,clean\english\071b5dbdbb3341d4.wav,librispeech,C:\Users\Suhaan\Downloads\dev-clean\LibriSpeech\dev-clean\6295\244435\6295-244435-0018.flac,6295,244435,english,16000,16000,1,5.325,-21.026675202628354,-4.224359855480887,0.0,8.696255827089772e-05,KEEP,ok
89280a8cd3c67c29,clean\english\89280a8cd3c67c29.wav,librispeech,C:\Users\Suhaan\Downloads\dev-clean\LibriSpeech\dev-clean\6295\244435\6295-244435-0019.flac,6295,244435,english,16000,16000,1,4.015,-23.597550929291327,-6.054595610837512,0.0,0.0002306324167875573,KEEP,ok
ad6f0ca0d67d6ce6,clean\english\ad6f0ca0d67d6ce6.wav,librispeech,C:\Users\Suhaan\Downloads\dev-clean\LibriSpeech\dev-clean\6295\244435\6295-244435-0020.flac,6295,244435,english,16000,16000,1,7.44,-22.38759820282195,-5.314272607817693,0.0,1.8265938706463203e-05,KEEP,ok
5a183da5f05379a7,clean\english\5a183da5f05379a7.wav,librispeech,C:\Users\Suhaan\Downloads\dev-clean\LibriSpeech\dev-clean\6295\244435\6295-244435-0021.flac,6295,244435,english,16000,16000,1,2.97,-21.619789506793445,-5.222388441887413,0.0,4.495434495765949e-06,KEEP,ok
d58d715da4f04bdc,clean\english\d58d715da4f04bdc.wav,librispeech,C:\Users\Suhaan\Downloads\dev-clean\LibriSpeech\dev-clean\6295\244435\6295-244435-0022.flac,6295,244435,english,16000,16000,1,7.675,-21.710836239196468,-1.0814295706927886,0.0,5.698611130355857e-05,KEEP,ok
6825144a729c5f95,clean\english\6825144a729c5f95.wav,librispeech,C:\Users\Suhaan\Downloads\dev-clean\LibriSpeech\dev-clean\6295\244435\6295-244435-0023.flac,6295,244435,english,16000,16000,1,3.41,-23.099752949853652,-6.874469626129736,0.0,6.145689985714853e-05,KEEP,ok
9f5215a7fbff6652,clean\english\9f5215a7fbff6652.wav,librispeech,C:\Users\Suhaan\Downloads\dev-clean\LibriSpeech\dev-clean\6295\244435\6295-244435-0024.flac,6295,244435,english,16000,16000,1,4.195,-22.419121725904393,-5.1386475008652965,0.0,0.0001353490079054609,KEEP,ok
1e58e910a47f2aab,clean\english\1e58e910a47f2aab.wav,librispeech,C:\Users\Suhaan\Downloads\dev-clean\LibriSpeech\dev-clean\6295\244435\6295-244435-0025.flac,6295,244435,english,16000,16000,1,5.99,-20.84586282493067,-1.6614799483975105,0.0,5.8007281040772796e-05,KEEP,ok
e50d88745090f656,clean\english\e50d88745090f656.wav,librispeech,C:\Users\Suhaan\Downloads\dev-clean\LibriSpeech\dev-clean\6295\244435\6295-244435-0026.flac,6295,244435,english,16000,16000,1,3.34,-21.33645344061206,-2.8850545527484694,0.0,8.441787940682843e-05,KEEP,ok
1cfe1668b0c31cda,clean\english\1cfe1668b0c31cda.wav,librispeech,C:\Users\Suhaan\Downloads\dev-clean\LibriSpeech\dev-clean\6295\244435\6295-244435-0027.flac,6295,244435,english,16000,16000,1,2.42,-23.265404089507978,-7.060697977065428,0.0,1.4119108527665958e-05,KEEP,ok
c19e5ea26bd031e4,clean\english\c19e5ea26bd031e4.wav,librispeech,C:\Users\Suhaan\Downloads\dev-clean\LibriSpeech\dev-clean\6295\244435\6295-244435-0028.flac,6295,244435,english,16000,16000,1,2.56,-19.97140568235881,-2.587227596433353,0.0,0.00015300586528610438,KEEP,ok
3e4299bdd4a22cd3,clean\english\3e4299bdd4a22cd3.wav,librispeech,C:\Users\Suhaan\Downloads\dev-clean\LibriSpeech\dev-clean\6295\244435\6295-244435-0029.flac,6295,244435,english,16000,16000,1,3.71,-23.571190010748175,-2.0001827379579966,0.0,4.254621308064088e-05,KEEP,ok
7a07b67d34dac936,clean\english\7a07b67d34dac936.wav,librispeech,C:\Users\Suhaan\Downloads\dev-clean\LibriSpeech\dev-clean\6295\244435\6295-244435-0030.flac,6295,244435,english,16000,16000,1,5.545,-19.274486147811647,-1.6438455712473818,0.0,8.541998249711469e-05,KEEP,ok
d857c34aadcd157d,clean\english\d857c34aadcd157d.wav,librispeech,C:\Users\Suhaan\Downloads\dev-clean\LibriSpeech\dev-clean\6295\244435\6295-244435-0031.flac,6295,244435,english,16000,16000,1,4.75,-20.236451128260597,-0.07641086921771745,0.0,9.149531251750886e-05,KEEP,ok
54fc68bec3b9caab,clean\english\54fc68bec3b9caab.wav,librispeech,C:\Users\Suhaan\Downloads\dev-clean\LibriSpeech\dev-clean\6295\244435\6295-244435-0032.flac,6295,244435,english,16000,16000,1,3.94,-21.70092471243098,-0.06545378962488899,0.0,1.2383727153064683e-05,KEEP,ok
5c3afa0bad7b9488,clean\english\5c3afa0bad7b9488.wav,librispeech,C:\Users\Suhaan\Downloads\dev-clean\LibriSpeech\dev-clean\6295\244435\6295-244435-0033.flac,6295,244435,english,16000,16000,1,10.25,-20.961002968779066,-0.04597899167024292,0.0,2.9752778573310934e-05,KEEP,ok
2f65f2c74e0044d1,clean\english\2f65f2c74e0044d1.wav,librispeech,C:\Users\Suhaan\Downloads\dev-clean\LibriSpeech\dev-clean\6295\244435\6295-244435-0034.flac,6295,244435,english,16000,16000,1,3.42,-18.667451800685008,-1.21789402317219,0.0,7.118983921827748e-05,KEEP,ok
05c1de6c84c05372,clean\english\05c1de6c84c05372.wav,librispeech,C:\Users\Suhaan\Downloads\dev-clean\LibriSpeech\dev-clean\6295\244435\6295-244435-0035.flac,6295,244435,english,16000,16000,1,3.195,-20.279154978085757,-0.08925625784310715,0.0,0.00012348932796157897,KEEP,ok
32060d9fabc50c73,clean\english\32060d9fabc50c73.wav,librispeech,C:\Users\Suhaan\Downloads\dev-clean\LibriSpeech\dev-clean\6295\244435\6295-244435-0036.flac,6295,244435,english,16000,16000,1,7.215,-20.53823537396284,-1.3543678664748626,0.0,9.068563667824492e-05,KEEP,ok
d7ba20b50d8f61e2,clean\english\d7ba20b50d8f61e2.wav,librispeech,C:\Users\Suhaan\Downloads\dev-clean\LibriSpeech\dev-clean\6295\244435\6295-244435-0037.flac,6295,244435,english,16000,16000,1,5.18,-21.444229279268903,-2.0718925848154397,0.0,8.307975804200396e-05,KEEP,ok
c62a0acaa41720f6,clean\english\c62a0acaa41720f6.wav,librispeech,C:\Users\Suhaan\Downloads\dev-clean\LibriSpeech\dev-clean\6295\244435\6295-244435-0038.flac,6295,244435,english,16000,16000,1,9.33,-21.951574792554922,-3.332002229582866,0.0,6.230876806512242e-06,KEEP,ok
6fa926e05812d7fa,clean\english\6fa926e05812d7fa.wav,librispeech,C:\Users\Suhaan\Downloads\dev-clean\LibriSpeech\dev-clean\6295\244435\6295-244435-0039.flac,6295,244435,english,16000,16000,1,9.145,-22.743710564601663,-3.706813607337761,0.0,9.15813070605509e-05,KEEP,ok
c8ec499e63cce98e,clean\english\c8ec499e63cce98e.wav,librispeech,C:\Users\Suhaan\Downloads\dev-clean\LibriSpeech\dev-clean\6295\244435\6295-244435-0040.flac,6295,244435,english,16000,16000,1,3.905,-23.87504296638394,-5.712803040143573,0.0,5.3513707825914025e-05,KEEP,ok
2c83466940397969,clean\english\2c83466940397969.wav,librispeech,C:\Users\Suhaan\Downloads\dev-clean\LibriSpeech\dev-clean\6295\64301\6295-64301-0000.flac,6295,64301,english,16000,16000,1,17.65,-23.37961383593771,-4.676061541844072,0.0,2.8444890176615445e-06,KEEP,ok
8438c1257c53de09,clean\english\8438c1257c53de09.wav,librispeech,C:\Users\Suhaan\Downloads\dev-clean\LibriSpeech\dev-clean\6295\64301\6295-64301-0001.flac,6295,64301,english,16000,16000,1,4.73,-25.477649681660274,-7.512046406268137,0.0,2.1694577867492626e-07,KEEP,ok
f5710a528c9b3aa7,clean\english\f5710a528c9b3aa7.wav,librispeech,C:\Users\Suhaan\Downloads\dev-clean\LibriSpeech\dev-clean\6295\64301\6295-64301-0002.flac,6295,64301,english,16000,16000,1,6.72,-26.239580157876205,-5.11377736322107,0.0,3.7667297874577343e-05,KEEP,ok
fbc601b9b4c753a7,clean\english\fbc601b9b4c753a7.wav,librispeech,C:\Users\Suhaan\Downloads\dev-clean\LibriSpeech\dev-clean\6295\64301\6295-64301-0003.flac,6295,64301,english,16000,16000,1,6.77,-26.493554060061957,-6.673841429820822,0.0,1.768143192748539e-05,KEEP,ok
659eb1726919aea6,clean\english\659eb1726919aea6.wav,librispeech,C:\Users\Suhaan\Downloads\dev-clean\LibriSpeech\dev-clean\6295\64301\6295-64301-0004.flac,6295,64301,english,16000,16000,1,3.77,-27.452815085939474,-9.03482751136601,0.0,1.1192139936611056e-05,KEEP,ok
e0b3b16163a5d757,clean\english\e0b3b16163a5d757.wav,librispeech,C:\Users\Suhaan\Downloads\dev-clean\LibriSpeech\dev-clean\6295\64301\6295-64301-0005.flac,6295,64301,english,16000,16000,1,6.43,-23.53807848994496,-4.851753187416231,0.0,2.979883720399812e-05,KEEP,ok
b3c5686d3689f855,clean\english\b3c5686d3689f855.wav,librispeech,C:\Users\Suhaan\Downloads\dev-clean\LibriSpeech\dev-clean\6295\64301\6295-64301-0006.flac,6295,64301,english,16000,16000,1,6.54,-27.058724822424345,-8.82876977901546,0.0,1.1120659110019915e-05,KEEP,ok
0418e37d33f17e06,clean\english\0418e37d33f17e06.wav,librispeech,C:\Users\Suhaan\Downloads\dev-clean\LibriSpeech\dev-clean\6295\64301\6295-64301-0007.flac,6295,64301,english,16000,16000,1,4.395,-26.635595053342694,-9.23437238144221,0.0,4.628021997632459e-05,KEEP,ok
2f27764292712f9d,clean\english\2f27764292712f9d.wav,librispeech,C:\Users\Suhaan\Downloads\dev-clean\LibriSpeech\dev-clean\6295\64301\6295-64301-0008.flac,6295,64301,english,16000,16000,1,2.8,-26.67785451002147,-8.680612216495678,0.0,2.2465841539087705e-05,KEEP,ok
32a41429c7612a92,clean\english\32a41429c7612a92.wav,librispeech,C:\Users\Suhaan\Downloads\dev-clean\LibriSpeech\dev-clean\6295\64301\6295-64301-0009.flac,6295,64301,english,16000,16000,1,3.005,-24.118671994506876,-7.388920022976981,0.0,2.328425216546748e-05,KEEP,ok
d67fcdd4963240e4,clean\english\d67fcdd4963240e4.wav,librispeech,C:\Users\Suhaan\Downloads\dev-clean\LibriSpeech\dev-clean\6295\64301\6295-64301-0010.flac,6295,64301,english,16000,16000,1,8.05,-25.31935623722848,-7.030274514654771,0.0,4.462318975129165e-05,KEEP,ok
b381becc94a6b4b8,clean\english\b381becc94a6b4b8.wav,librispeech,C:\Users\Suhaan\Downloads\dev-clean\LibriSpeech\dev-clean\6295\64301\6295-64301-0011.flac,6295,64301,english,16000,16000,1,10.08,-26.301390767471048,-7.463712875793914,0.0,7.714354978816118e-06,KEEP,ok
9d02b7496d76bfb7,clean\english\9d02b7496d76bfb7.wav,librispeech,C:\Users\Suhaan\Downloads\dev-clean\LibriSpeech\dev-clean\6295\64301\6295-64301-0012.flac,6295,64301,english,16000,16000,1,6.515,-27.866564810045436,-9.680021462006689,0.0,9.222023322763562e-07,KEEP,ok
97f3906e7567ee4b,clean\english\97f3906e7567ee4b.wav,librispeech,C:\Users\Suhaan\Downloads\dev-clean\LibriSpeech\dev-clean\6295\64301\6295-64301-0013.flac,6295,64301,english,16000,16000,1,6.0,-25.007749284761793,-7.406936036266726,0.0,1.6951560610323213e-05,KEEP,ok
67e1331014f1a1f1,clean\english\67e1331014f1a1f1.wav,librispeech,C:\Users\Suhaan\Downloads\dev-clean\LibriSpeech\dev-clean\6295\64301\6295-64301-0014.flac,6295,64301,english,16000,16000,1,4.57,-31.784848472136247,-13.615499209939479,0.0,2.7253799999016337e-05,KEEP,ok
72f6e2f2f5d52f85,clean\english\72f6e2f2f5d52f85.wav,librispeech,C:\Users\Suhaan\Downloads\dev-clean\LibriSpeech\dev-clean\6295\64301\6295-64301-0015.flac,6295,64301,english,16000,16000,1,7.295,-24.343860553044998,-3.464494111978551,0.0,3.541262776707299e-05,KEEP,ok
62a73b70c4b96542,clean\english\62a73b70c4b96542.wav,librispeech,C:\Users\Suhaan\Downloads\dev-clean\LibriSpeech\dev-clean\6295\64301\6295-64301-0016.flac,6295,64301,english,16000,16000,1,6.85,-25.699484744499443,-7.635666233980668,0.0,1.7155834939330816e-05,KEEP,ok
851c6af01cb66e51,clean\english\851c6af01cb66e51.wav,librispeech,C:\Users\Suhaan\Downloads\dev-clean\LibriSpeech\dev-clean\6295\64301\6295-64301-0017.flac,6295,64301,english,16000,16000,1,5.485,-24.551983243710072,-6.6339245873352155,0.0,2.363790918025188e-05,KEEP,ok
94e0223df2dea5ce,clean\english\94e0223df2dea5ce.wav,librispeech,C:\Users\Suhaan\Downloads\dev-clean\LibriSpeech\dev-clean\6295\64301\6295-64301-0018.flac,6295,64301,english,16000,16000,1,9.945,-25.660805213256314,-7.3252324884742,0.0,1.0828830454556737e-05,KEEP,ok
dfc1655be821d674,clean\english\dfc1655be821d674.wav,librispeech,C:\Users\Suhaan\Downloads\dev-clean\LibriSpeech\dev-clean\6295\64301\6295-64301-0019.flac,6295,64301,english,16000,16000,1,9.865,-26.627537215675446,-7.782473497295536,0.0,3.083447154494934e-05,KEEP,ok
2eab8f4470209667,clean\english\2eab8f4470209667.wav,librispeech,C:\Users\Suhaan\Downloads\dev-clean\LibriSpeech\dev-clean\6295\64301\6295-64301-0020.flac,6295,64301,english,16000,16000,1,5.94,-25.414371378743404,-5.739451610293237,0.0,2.2994789105723612e-05,KEEP,ok
1b6ca3c8956d5a0f,clean\english\1b6ca3c8956d5a0f.wav,librispeech,C:\Users\Suhaan\Downloads\dev-clean\LibriSpeech\dev-clean\6295\64301\6295-64301-0021.flac,6295,64301,english,16000,16000,1,8.17,-24.69823698080299,-6.8382807989962355,0.0,8.667813744978048e-06,KEEP,ok
13e0b4852e5ab4de,clean\english\13e0b4852e5ab4de.wav,librispeech,C:\Users\Suhaan\Downloads\dev-clean\LibriSpeech\dev-clean\6295\64301\6295-64301-0022.flac,6295,64301,english,16000,16000,1,10.66,-22.80894276312204,-4.386229631019923,0.0,1.4381515939021483e-05,KEEP,ok
957c173299d51141,clean\english\957c173299d51141.wav,librispeech,C:\Users\Suhaan\Downloads\dev-clean\LibriSpeech\dev-clean\6295\64301\6295-64301-0023.flac,6295,64301,english,16000,16000,1,20.82,-24.694627931597807,-7.191351537558055,0.0,1.5613692085025832e-05,KEEP,ok
88ce51362ea4c136,clean\english\88ce51362ea4c136.wav,librispeech,C:\Users\Suhaan\Downloads\dev-clean\LibriSpeech\dev-clean\6295\64301\6295-64301-0024.flac,6295,64301,english,16000,16000,1,6.465,-24.52167618653164,-6.230943076993149,0.0,5.054665598436259e-05,KEEP,ok
59ec6c63dc9058dc,clean\english\59ec6c63dc9058dc.wav,librispeech,C:\Users\Suhaan\Downloads\dev-clean\LibriSpeech\dev-clean\6295\64301\6295-64301-0025.flac,6295,64301,english,16000,16000,1,5.705,-25.14557657023714,-6.577782122152892,0.0,1.81440509550157e-06,KEEP,ok
f4935bdf29fdb5bc,clean\english\f4935bdf29fdb5bc.wav,librispeech,C:\Users\Suhaan\Downloads\dev-clean\LibriSpeech\dev-clean\6295\64301\6295-64301-0026.flac,6295,64301,english,16000,16000,1,10.43,-24.762947387564637,-6.282148846240203,0.0,1.4115294106886722e-05,KEEP,ok
dafefa16a2545819,clean\english\dafefa16a2545819.wav,librispeech,C:\Users\Suhaan\Downloads\dev-clean\LibriSpeech\dev-clean\6295\64301\6295-64301-0027.flac,6295,64301,english,16000,16000,1,6.4,-22.801953507790888,-4.4470535853614,0.0,6.584584480151534e-05,KEEP,ok
c3fb63bf3d11760a,clean\english\c3fb63bf3d11760a.wav,librispeech,C:\Users\Suhaan\Downloads\dev-clean\LibriSpeech\dev-clean\6295\64301\6295-64301-0028.flac,6295,64301,english,16000,16000,1,10.65,-23.835158808382438,-3.08010853746779,0.0,1.7193001156101673e-07,KEEP,ok
0ef9ae58726649fe,clean\english\0ef9ae58726649fe.wav,librispeech,C:\Users\Suhaan\Downloads\dev-clean\LibriSpeech\dev-clean\6295\64301\6295-64301-0029.flac,6295,64301,english,16000,16000,1,11.505,-23.707146208056265,-2.4666720228741625,0.0,3.143055073451251e-05,KEEP,ok
1bc57998738df03f,clean\english\1bc57998738df03f.wav,librispeech,C:\Users\Suhaan\Downloads\dev-clean\LibriSpeech\dev-clean\6295\64301\6295-64301-0030.flac,6295,64301,english,16000,16000,1,5.455,-24.66704796238536,-4.813376247076232,0.0,0.00010154787014471367,KEEP,ok
042be436b2a3592b,clean\english\042be436b2a3592b.wav,librispeech,C:\Users\Suhaan\Downloads\dev-clean\LibriSpeech\dev-clean\6295\64301\6295-64301-0031.flac,6295,64301,english,16000,16000,1,6.76,-25.316219524388842,-5.065199500934248,0.0,2.3881359538791003e-06,KEEP,ok
737156654fc3f4d5,clean\english\737156654fc3f4d5.wav,librispeech,C:\Users\Suhaan\Downloads\dev-clean\LibriSpeech\dev-clean\6295\64301\6295-64301-0032.flac,6295,64301,english,16000,16000,1,2.59,-30.33260962505611,-9.8037008561042,0.0,0.00011915184586541727,KEEP,ok
fcc5926d6aabe6c5,clean\english\fcc5926d6aabe6c5.wav,librispeech,C:\Users\Suhaan\Downloads\dev-clean\LibriSpeech\dev-clean\6313\66125\6313-66125-0000.flac,6313,66125,english,16000,16000,1,2.355,-21.60353138536028,-3.2364435194834904,0.0,1.3553109056374524e-05,KEEP,ok
cf17cfdcd0af806f,clean\english\cf17cfdcd0af806f.wav,librispeech,C:\Users\Suhaan\Downloads\dev-clean\LibriSpeech\dev-clean\6313\66125\6313-66125-0001.flac,6313,66125,english,16000,16000,1,4.5,-26.18957259082257,-5.436333809071603,0.0,1.9195980712538585e-05,KEEP,ok
433ec51b0d5f15a8,clean\english\433ec51b0d5f15a8.wav,librispeech,C:\Users\Suhaan\Downloads\dev-clean\LibriSpeech\dev-clean\6313\66125\6313-66125-0002.flac,6313,66125,english,16000,16000,1,3.075,-26.50392553663917,-3.1404024405934887,0.0,2.145472535630688e-05,KEEP,ok
335627d140c1c795,clean\english\335627d140c1c795.wav,librispeech,C:\Users\Suhaan\Downloads\dev-clean\LibriSpeech\dev-clean\6313\66125\6313-66125-0003.flac,6313,66125,english,16000,16000,1,4.58,-24.391442652715185,-2.294785963729732,0.0,2.048484020633623e-05,KEEP,ok
5de1e9f3b90061e9,clean\english\5de1e9f3b90061e9.wav,librispeech,C:\Users\Suhaan\Downloads\dev-clean\LibriSpeech\dev-clean\6313\66125\6313-66125-0004.flac,6313,66125,english,16000,16000,1,3.26,-26.407747269522805,-5.21658721299381,0.0,2.4623519493616186e-05,KEEP,ok
508e8f4357851fc5,clean\english\508e8f4357851fc5.wav,librispeech,C:\Users\Suhaan\Downloads\dev-clean\LibriSpeech\dev-clean\6313\66125\6313-66125-0005.flac,6313,66125,english,16000,16000,1,4.64,-23.02560700193254,-2.8081698657358363,0.0,3.9474716686527245e-06,KEEP,ok
870f760e0a75b589,clean\english\870f760e0a75b589.wav,librispeech,C:\Users\Suhaan\Downloads\dev-clean\LibriSpeech\dev-clean\6313\66125\6313-66125-0006.flac,6313,66125,english,16000,16000,1,3.005,-22.879186833602184,-2.490296557126776,0.0,2.242419941467233e-05,KEEP,ok
0d481e08a735da28,clean\english\0d481e08a735da28.wav,librispeech,C:\Users\Suhaan\Downloads\dev-clean\LibriSpeech\dev-clean\6313\66125\6313-66125-0007.flac,6313,66125,english,16000,16000,1,4.93,-26.060948079069316,-3.1251947160781417,0.0,3.3305092074442655e-05,KEEP,ok
abf5a84f358a83b9,clean\english\abf5a84f358a83b9.wav,librispeech,C:\Users\Suhaan\Downloads\dev-clean\LibriSpeech\dev-clean\6313\66125\6313-66125-0008.flac,6313,66125,english,16000,16000,1,4.49,-29.023373576845945,-5.935663269276922,0.0,2.0961293557775207e-05,KEEP,ok
3d6c6fd4b6030f55,clean\english\3d6c6fd4b6030f55.wav,librispeech,C:\Users\Suhaan\Downloads\dev-clean\LibriSpeech\dev-clean\6313\66125\6313-66125-0009.flac,6313,66125,english,16000,16000,1,2.71,-23.097342917323644,-2.214718445816383,0.0,2.0689454686362296e-05,KEEP,ok
7e0a36a053ab5b24,clean\english\7e0a36a053ab5b24.wav,librispeech,C:\Users\Suhaan\Downloads\dev-clean\LibriSpeech\dev-clean\6313\66125\6313-66125-0010.flac,6313,66125,english,16000,16000,1,3.805,-25.550658517931588,-5.282075507422731,0.0,1.8816834199242294e-05,KEEP,ok
d124981093ae05f9,clean\english\d124981093ae05f9.wav,librispeech,C:\Users\Suhaan\Downloads\dev-clean\LibriSpeech\dev-clean\6313\66125\6313-66125-0011.flac,6313,66125,english,16000,16000,1,5.12,-25.096405892913943,-4.503408120784023,0.0,1.3624131497635972e-05,KEEP,ok
ac59caefe91e0a2c,clean\english\ac59caefe91e0a2c.wav,librispeech,C:\Users\Suhaan\Downloads\dev-clean\LibriSpeech\dev-clean\6313\66125\6313-66125-0012.flac,6313,66125,english,16000,16000,1,2.29,-25.999327821103634,-2.8570176792868174,0.0,2.1351477698772214e-05,KEEP,ok
e35c093bead543ff,clean\english\e35c093bead543ff.wav,librispeech,C:\Users\Suhaan\Downloads\dev-clean\LibriSpeech\dev-clean\6313\66125\6313-66125-0013.flac,6313,66125,english,16000,16000,1,2.06,-26.297381967708716,-6.02802511095553,0.0,1.768371475918684e-05,KEEP,ok
5a0363f49269ca87,clean\english\5a0363f49269ca87.wav,librispeech,C:\Users\Suhaan\Downloads\dev-clean\LibriSpeech\dev-clean\6313\66125\6313-66125-0014.flac,6313,66125,english,16000,16000,1,3.785,-27.65147096988068,-4.770576057878879,0.0,1.658763358136639e-05,KEEP,ok
2c7ba8fe929db1d9,clean\english\2c7ba8fe929db1d9.wav,librispeech,C:\Users\Suhaan\Downloads\dev-clean\LibriSpeech\dev-clean\6313\66125\6313-66125-0015.flac,6313,66125,english,16000,16000,1,8.23,-27.454191254773033,-4.489618520224024,0.0,2.175953341065906e-05,KEEP,ok
04f7b41a337daf18,clean\english\04f7b41a337daf18.wav,librispeech,C:\Users\Suhaan\Downloads\dev-clean\LibriSpeech\dev-clean\6313\66125\6313-66125-0016.flac,6313,66125,english,16000,16000,1,7.445,-29.80766299739733,-7.612074520698946,0.0,2.213395418948494e-05,KEEP,ok
19c399be20280488,clean\english\19c399be20280488.wav,librispeech,C:\Users\Suhaan\Downloads\dev-clean\LibriSpeech\dev-clean\6313\66125\6313-66125-0017.flac,6313,66125,english,16000,16000,1,5.065,-26.759644272518646,-3.6869341716643778,0.0,8.295554835058283e-06,KEEP,ok
2efd56cf2f9e6894,clean\english\2efd56cf2f9e6894.wav,librispeech,C:\Users\Suhaan\Downloads\dev-clean\LibriSpeech\dev-clean\6313\66125\6313-66125-0018.flac,6313,66125,english,16000,16000,1,2.955,-24.564169409004958,-1.5793847990044596,0.0,4.3514657591003925e-05,KEEP,ok
7cd49de3bc60ec4b,clean\english\7cd49de3bc60ec4b.wav,librispeech,C:\Users\Suhaan\Downloads\dev-clean\LibriSpeech\dev-clean\6313\66125\6313-66125-0019.flac,6313,66125,english,16000,16000,1,4.69,-27.079436176578476,-5.164069401046934,0.0,1.750775300024543e-05,KEEP,ok
9a4054aeef4dff51,clean\english\9a4054aeef4dff51.wav,librispeech,C:\Users\Suhaan\Downloads\dev-clean\LibriSpeech\dev-clean\6313\66125\6313-66125-0020.flac,6313,66125,english,16000,16000,1,2.99,-22.963538396521713,-1.6804367128587057,0.0,8.245614480983932e-06,KEEP,ok
aa9918f2ecb0f010,clean\english\aa9918f2ecb0f010.wav,librispeech,C:\Users\Suhaan\Downloads\dev-clean\LibriSpeech\dev-clean\6313\66125\6313-66125-0021.flac,6313,66125,english,16000,16000,1,4.975,-25.943974459472162,-4.252859444365943,0.0,2.149879037460778e-05,KEEP,ok
cd9c7485a2d0002b,clean\english\cd9c7485a2d0002b.wav,librispeech,C:\Users\Suhaan\Downloads\dev-clean\LibriSpeech\dev-clean\6313\66125\6313-66125-0022.flac,6313,66125,english,16000,16000,1,7.78,-27.47706980278837,-4.1036313665454065,0.0,2.745993697317317e-05,KEEP,ok
f9329fcff97143fb,clean\english\f9329fcff97143fb.wav,librispeech,C:\Users\Suhaan\Downloads\dev-clean\LibriSpeech\dev-clean\6313\66125\6313-66125-0023.flac,6313,66125,english,16000,16000,1,9.35,-26.210082936525918,-4.4024957583402795,0.0,1.6141473679454066e-05,KEEP,ok
2944464c02b266f0,clean\english\2944464c02b266f0.wav,librispeech,C:\Users\Suhaan\Downloads\dev-clean\LibriSpeech\dev-clean\6313\66125\6313-66125-0024.flac,6313,66125,english,16000,16000,1,4.41,-24.799242272024173,-4.34853914810062,0.0,1.6794616385595873e-05,KEEP,ok
e40c9bd6fcc0599e,clean\english\e40c9bd6fcc0599e.wav,librispeech,C:\Users\Suhaan\Downloads\dev-clean\LibriSpeech\dev-clean\6313\66125\6313-66125-0025.flac,6313,66125,english,16000,16000,1,5.32,-21.518730070939075,-1.325295284640665,0.0,1.0898059372266289e-05,KEEP,ok
640bf9457ba66e4c,clean\english\640bf9457ba66e4c.wav,librispeech,C:\Users\Suhaan\Downloads\dev-clean\LibriSpeech\dev-clean\6313\66125\6313-66125-0026.flac,6313,66125,english,16000,16000,1,2.27,-27.973598042142154,-10.632865859626053,0.0,9.389700608153362e-06,KEEP,ok
4f06508feed188ac,clean\english\4f06508feed188ac.wav,librispeech,C:\Users\Suhaan\Downloads\dev-clean\LibriSpeech\dev-clean\6313\66125\6313-66125-0027.flac,6313,66125,english,16000,16000,1,14.47,-27.53121322276851,-2.4670241559144905,0.0,2.3502436306443997e-05,KEEP,ok
90396cde2b6ba68f,clean\english\90396cde2b6ba68f.wav,librispeech,C:\Users\Suhaan\Downloads\dev-clean\LibriSpeech\dev-clean\6313\66129\6313-66129-0000.flac,6313,66129,english,16000,16000,1,2.815,-29.5213029279017,-8.018780602216872,0.0,8.397754754696507e-06,KEEP,ok
6d8157b431e27642,clean\english\6d8157b431e27642.wav,librispeech,C:\Users\Suhaan\Downloads\dev-clean\LibriSpeech\dev-clean\6313\66129\6313-66129-0001.flac,6313,66129,english,16000,16000,1,11.8,-27.48926541956576,-5.044327930404578,0.0,5.376621629693545e-06,KEEP,ok
ad76f1b85ebe38f8,clean\english\ad76f1b85ebe38f8.wav,librispeech,C:\Users\Suhaan\Downloads\dev-clean\LibriSpeech\dev-clean\6313\66129\6313-66129-0002.flac,6313,66129,english,16000,16000,1,3.67,-24.558116223962063,-4.903809188661873,0.0,1.840825348153885e-06,KEEP,ok
d6d7ec201a3825cc,clean\english\d6d7ec201a3825cc.wav,librispeech,C:\Users\Suhaan\Downloads\dev-clean\LibriSpeech\dev-clean\6313\66129\6313-66129-0003.flac,6313,66129,english,16000,16000,1,5.45,-24.3247880867885,-5.024451744069708,0.0,6.482185654022032e-06,KEEP,ok
76c0bae77eae950a,clean\english\76c0bae77eae950a.wav,librispeech,C:\Users\Suhaan\Downloads\dev-clean\LibriSpeech\dev-clean\6313\66129\6313-66129-0004.flac,6313,66129,english,16000,16000,1,3.9,-27.34385445487164,-4.1202282063558755,0.0,6.280067736952333e-06,KEEP,ok
312007ca4e86a215,clean\english\312007ca4e86a215.wav,librispeech,C:\Users\Suhaan\Downloads\dev-clean\LibriSpeech\dev-clean\6313\66129\6313-66129-0005.flac,6313,66129,english,16000,16000,1,4.58,-26.00267128410552,-4.3507259830370355,0.0,1.0938935702142771e-05,KEEP,ok
2ca3209ea138a5c8,clean\english\2ca3209ea138a5c8.wav,librispeech,C:\Users\Suhaan\Downloads\dev-clean\LibriSpeech\dev-clean\6313\66129\6313-66129-0006.flac,6313,66129,english,16000,16000,1,2.96,-26.10156010460819,-5.824554977501385,0.0,5.725267783418531e-06,KEEP,ok
e4c31672b9529cf7,clean\english\e4c31672b9529cf7.wav,librispeech,C:\Users\Suhaan\Downloads\dev-clean\LibriSpeech\dev-clean\6313\66129\6313-66129-0007.flac,6313,66129,english,16000,16000,1,2.455,-28.959168991574117,-6.252151395301711,0.0,7.113516858225921e-06,KEEP,ok
0f0a6dcb949d4f12,clean\english\0f0a6dcb949d4f12.wav,librispeech,C:\Users\Suhaan\Downloads\dev-clean\LibriSpeech\dev-clean\6313\66129\6313-66129-0008.flac,6313,66129,english,16000,16000,1,5.07,-28.486727772916986,-5.5706994266442456,0.0,6.23593905402231e-06,KEEP,ok
7fd9e616dec8c67d,clean\english\7fd9e616dec8c67d.wav,librispeech,C:\Users\Suhaan\Downloads\dev-clean\LibriSpeech\dev-clean\6313\66129\6313-66129-0009.flac,6313,66129,english,16000,16000,1,4.78,-25.379023978758145,-3.8836599076985827,0.0,4.416429874254391e-06,KEEP,ok
1ffd2df54927636e,clean\english\1ffd2df54927636e.wav,librispeech,C:\Users\Suhaan\Downloads\dev-clean\LibriSpeech\dev-clean\6313\66129\6313-66129-0010.flac,6313,66129,english,16000,16000,1,4.23,-23.29840284217837,-4.693790172669026,0.0,1.3118319657223765e-05,KEEP,ok
77261ae6ab52bb0a,clean\english\77261ae6ab52bb0a.wav,librispeech,C:\Users\Suhaan\Downloads\dev-clean\LibriSpeech\dev-clean\6313\66129\6313-66129-0011.flac,6313,66129,english,16000,16000,1,2.215,-25.220027202024127,-2.9581532287828245,0.0,8.221834832511377e-06,KEEP,ok
63cb3ffc7ae83fd3,clean\english\63cb3ffc7ae83fd3.wav,librispeech,C:\Users\Suhaan\Downloads\dev-clean\LibriSpeech\dev-clean\6313\66129\6313-66129-0012.flac,6313,66129,english,16000,16000,1,3.09,-28.273205656167704,-7.048157760910403,0.0,4.851702215091791e-06,KEEP,ok
8d9b601b5ed40cc8,clean\english\8d9b601b5ed40cc8.wav,librispeech,C:\Users\Suhaan\Downloads\dev-clean\LibriSpeech\dev-clean\6313\66129\6313-66129-0013.flac,6313,66129,english,16000,16000,1,3.605,-26.406372447058615,-7.84569128113597,0.0,3.644861180873704e-06,KEEP,ok
bb04ac13fb1b3d56,clean\english\bb04ac13fb1b3d56.wav,librispeech,C:\Users\Suhaan\Downloads\dev-clean\LibriSpeech\dev-clean\6313\66129\6313-66129-0014.flac,6313,66129,english,16000,16000,1,11.335,-28.634421445024255,-7.306155462223186,0.0,5.320720447343774e-06,KEEP,ok
1092e322680a2a7c,clean\english\1092e322680a2a7c.wav,librispeech,C:\Users\Suhaan\Downloads\dev-clean\LibriSpeech\dev-clean\6313\66129\6313-66129-0015.flac,6313,66129,english,16000,16000,1,7.52,-28.838411151227938,-5.797644430404939,0.0,8.836706001602579e-06,KEEP,ok
8a1aa7d0b85a6059,clean\english\8a1aa7d0b85a6059.wav,librispeech,C:\Users\Suhaan\Downloads\dev-clean\LibriSpeech\dev-clean\6313\66129\6313-66129-0016.flac,6313,66129,english,16000,16000,1,7.475,-27.028009984023953,-5.980402081669338,0.0,6.052483058738289e-06,KEEP,ok
300100d137f87256,clean\english\300100d137f87256.wav,librispeech,C:\Users\Suhaan\Downloads\dev-clean\LibriSpeech\dev-clean\6313\66129\6313-66129-0017.flac,6313,66129,english,16000,16000,1,8.685,-28.26658357796374,-4.93416395094483,0.0,4.51263076683972e-06,KEEP,ok
48f5d45a2d25478e,clean\english\48f5d45a2d25478e.wav,librispeech,C:\Users\Suhaan\Downloads\dev-clean\LibriSpeech\dev-clean\6313\66129\6313-66129-0018.flac,6313,66129,english,16000,16000,1,5.705,-26.374211047722945,-3.37333583403191,0.0,7.496331363654463e-06,KEEP,ok
8b1d078c5e6ef1a6,clean\english\8b1d078c5e6ef1a6.wav,librispeech,C:\Users\Suhaan\Downloads\dev-clean\LibriSpeech\dev-clean\6313\66129\6313-66129-0019.flac,6313,66129,english,16000,16000,1,2.46,-29.525945909231908,-8.723202577221166,0.0,9.045174010680057e-06,KEEP,ok
f681cb868ccf3e42,clean\english\f681cb868ccf3e42.wav,librispeech,C:\Users\Suhaan\Downloads\dev-clean\LibriSpeech\dev-clean\6313\66129\6313-66129-0020.flac,6313,66129,english,16000,16000,1,6.98,-28.835564943776475,-7.349292285518255,0.0,6.570515324710868e-06,KEEP,ok
159b05967d557518,clean\english\159b05967d557518.wav,librispeech,C:\Users\Suhaan\Downloads\dev-clean\LibriSpeech\dev-clean\6313\66129\6313-66129-0021.flac,6313,66129,english,16000,16000,1,12.905,-27.414310293523855,-5.076129632956558,0.0,6.899266281834571e-06,KEEP,ok
03650bbea11576f8,clean\english\03650bbea11576f8.wav,librispeech,C:\Users\Suhaan\Downloads\dev-clean\LibriSpeech\dev-clean\6313\66129\6313-66129-0022.flac,6313,66129,english,16000,16000,1,4.29,-25.640998350313573,-4.304482563831203,0.0,4.487382284423802e-06,KEEP,ok
f2ec7ddb80008989,clean\english\f2ec7ddb80008989.wav,librispeech,C:\Users\Suhaan\Downloads\dev-clean\LibriSpeech\dev-clean\6313\66129\6313-66129-0023.flac,6313,66129,english,16000,16000,1,5.25,-27.0295170860402,-5.215137510972909,0.0,7.632301276316866e-06,KEEP,ok
99c3bc548e021cc8,clean\english\99c3bc548e021cc8.wav,librispeech,C:\Users\Suhaan\Downloads\dev-clean\LibriSpeech\dev-clean\6313\66129\6313-66129-0024.flac,6313,66129,english,16000,16000,1,7.925,-28.37371644203393,-7.853544116422376,0.0,6.80917446516105e-06,KEEP,ok
d455e3e917c972f0,clean\english\d455e3e917c972f0.wav,librispeech,C:\Users\Suhaan\Downloads\dev-clean\LibriSpeech\dev-clean\6313\66129\6313-66129-0025.flac,6313,66129,english,16000,16000,1,4.67,-28.847151422558643,-4.6298647104979835,0.0,4.491459094424499e-06,KEEP,ok
2d36cfe86063f682,clean\english\2d36cfe86063f682.wav,librispeech,C:\Users\Suhaan\Downloads\dev-clean\LibriSpeech\dev-clean\6313\66129\6313-66129-0026.flac,6313,66129,english,16000,16000,1,11.69,-27.099799344278264,-5.912070978707145,0.0,7.99161171016749e-06,KEEP,ok
45e44068d51558f5,clean\english\45e44068d51558f5.wav,librispeech,C:\Users\Suhaan\Downloads\dev-clean\LibriSpeech\dev-clean\6313\66129\6313-66129-0027.flac,6313,66129,english,16000,16000,1,5.16,-25.420014125042833,-4.801389348645679,0.0,1.8201133116235724e-06,KEEP,ok
3e15517e6aa6f5c6,clean\english\3e15517e6aa6f5c6.wav,librispeech,C:\Users\Suhaan\Downloads\dev-clean\LibriSpeech\dev-clean\6313\66129\6313-66129-0028.flac,6313,66129,english,16000,16000,1,2.32,-25.26367294922728,-4.089612614178147,0.0,6.316447979770601e-06,KEEP,ok
59fd0c1410d47e55,clean\english\59fd0c1410d47e55.wav,librispeech,C:\Users\Suhaan\Downloads\dev-clean\LibriSpeech\dev-clean\6313\66129\6313-66129-0029.flac,6313,66129,english,16000,16000,1,7.07,-25.38058744162603,-4.025331916446813,0.0,1.5871190726102213e-06,KEEP,ok
926fd328abe766a8,clean\english\926fd328abe766a8.wav,librispeech,C:\Users\Suhaan\Downloads\dev-clean\LibriSpeech\dev-clean\6313\66129\6313-66129-0030.flac,6313,66129,english,16000,16000,1,3.435,-26.63128670764047,-6.003651830559914,0.0,4.287619958631694e-05,KEEP,ok
d9ee649980ce254c,clean\english\d9ee649980ce254c.wav,librispeech,C:\Users\Suhaan\Downloads\dev-clean\LibriSpeech\dev-clean\6313\66129\6313-66129-0031.flac,6313,66129,english,16000,16000,1,5.425,-28.08308815420096,-3.836532505485493,0.0,3.456080435171316e-07,KEEP,ok
6572295d39aeceae,clean\english\6572295d39aeceae.wav,librispeech,C:\Users\Suhaan\Downloads\dev-clean\LibriSpeech\dev-clean\6313\66129\6313-66129-0032.flac,6313,66129,english,16000,16000,1,1.86,-26.84573254321462,-7.026107049790804,0.0,4.144894319324521e-06,KEEP,ok
e605f51aaad37f89,clean\english\e605f51aaad37f89.wav,librispeech,C:\Users\Suhaan\Downloads\dev-clean\LibriSpeech\dev-clean\6313\66129\6313-66129-0033.flac,6313,66129,english,16000,16000,1,9.065,-28.865554879006616,-6.372215782532116,0.0,7.843379535188433e-06,KEEP,ok
bdf68b61953e0f94,clean\english\bdf68b61953e0f94.wav,librispeech,C:\Users\Suhaan\Downloads\dev-clean\LibriSpeech\dev-clean\6313\66129\6313-66129-0034.flac,6313,66129,english,16000,16000,1,7.96,-27.392121325080257,-4.890300441697196,0.0,6.597844731004443e-06,KEEP,ok
71405ad227053c4a,clean\english\71405ad227053c4a.wav,librispeech,C:\Users\Suhaan\Downloads\dev-clean\LibriSpeech\dev-clean\6313\66129\6313-66129-0035.flac,6313,66129,english,16000,16000,1,4.2,-25.848309149122002,-4.221342649412959,0.0,1.1567160981940106e-05,KEEP,ok
af42f93d7cd2e22e,clean\english\af42f93d7cd2e22e.wav,librispeech,C:\Users\Suhaan\Downloads\dev-clean\LibriSpeech\dev-clean\6313\76958\6313-76958-0000.flac,6313,76958,english,16000,16000,1,2.89,-28.570091376197695,-5.897946301867437,0.0,1.3422058145806659e-05,KEEP,ok
f501a4830e3642ff,clean\english\f501a4830e3642ff.wav,librispeech,C:\Users\Suhaan\Downloads\dev-clean\LibriSpeech\dev-clean\6313\76958\6313-76958-0001.flac,6313,76958,english,16000,16000,1,2.97,-26.314874919158836,-5.868202755974048,0.0,1.636594970477745e-05,KEEP,ok
9712b9ed27419ee2,clean\english\9712b9ed27419ee2.wav,librispeech,C:\Users\Suhaan\Downloads\dev-clean\LibriSpeech\dev-clean\6313\76958\6313-76958-0002.flac,6313,76958,english,16000,16000,1,3.005,-21.688878202851352,-5.7230428169122565,0.0,3.28673304466065e-05,KEEP,ok
991a4ce91e64064e,clean\english\991a4ce91e64064e.wav,librispeech,C:\Users\Suhaan\Downloads\dev-clean\LibriSpeech\dev-clean\6313\76958\6313-76958-0003.flac,6313,76958,english,16000,16000,1,2.975,-23.425122233656634,-5.7445857218258976,0.0,6.116338227002416e-07,KEEP,ok
4ce2b88420e4d3b1,clean\english\4ce2b88420e4d3b1.wav,librispeech,C:\Users\Suhaan\Downloads\dev-clean\LibriSpeech\dev-clean\6313\76958\6313-76958-0004.flac,6313,76958,english,16000,16000,1,5.565,-27.19712281891617,-6.695014673273664,0.0,3.6687928513856605e-05,KEEP,ok
5bf6941af0f23223,clean\english\5bf6941af0f23223.wav,librispeech,C:\Users\Suhaan\Downloads\dev-clean\LibriSpeech\dev-clean\6313\76958\6313-76958-0005.flac,6313,76958,english,16000,16000,1,5.81,-26.064490117851435,-7.145368732164873,0.0,1.3343561477086041e-05,KEEP,ok
037512ee8aaadd42,clean\english\037512ee8aaadd42.wav,librispeech,C:\Users\Suhaan\Downloads\dev-clean\LibriSpeech\dev-clean\6313\76958\6313-76958-0006.flac,6313,76958,english,16000,16000,1,2.445,-26.040421086559515,-7.414401882701362,0.0,5.069880899100099e-06,KEEP,ok
e483fae3ff194565,clean\english\e483fae3ff194565.wav,librispeech,C:\Users\Suhaan\Downloads\dev-clean\LibriSpeech\dev-clean\6313\76958\6313-76958-0007.flac,6313,76958,english,16000,16000,1,3.7,-24.191300445136385,-4.620384022303969,0.0,3.2548647141084075e-05,KEEP,ok
77add76146ede3e1,clean\english\77add76146ede3e1.wav,librispeech,C:\Users\Suhaan\Downloads\dev-clean\LibriSpeech\dev-clean\6313\76958\6313-76958-0008.flac,6313,76958,english,16000,16000,1,2.345,-31.27456446471593,-11.700206803860356,0.0,2.056601624644827e-05,KEEP,ok
c4d5b3178058c428,clean\english\c4d5b3178058c428.wav,librispeech,C:\Users\Suhaan\Downloads\dev-clean\LibriSpeech\dev-clean\6313\76958\6313-76958-0009.flac,6313,76958,english,16000,16000,1,6.4,-24.32708603314093,-4.383594748658426,0.0,6.798953108955175e-05,KEEP,ok
2cecb1c7e75a2835,clean\english\2cecb1c7e75a2835.wav,librispeech,C:\Users\Suhaan\Downloads\dev-clean\LibriSpeech\dev-clean\6313\76958\6313-76958-0010.flac,6313,76958,english,16000,16000,1,6.63,-25.922186575091185,-6.157388403885733,0.0,2.4660321287228726e-06,KEEP,ok
bf502baffb3c899d,clean\english\bf502baffb3c899d.wav,librispeech,C:\Users\Suhaan\Downloads\dev-clean\LibriSpeech\dev-clean\6313\76958\6313-76958-0011.flac,6313,76958,english,16000,16000,1,4.025,-27.01085119599967,-6.429263437480462,0.0,1.4411500160349533e-05,KEEP,ok
8cb683b517dddd3a,clean\english\8cb683b517dddd3a.wav,librispeech,C:\Users\Suhaan\Downloads\dev-clean\LibriSpeech\dev-clean\6313\76958\6313-76958-0012.flac,6313,76958,english,16000,16000,1,6.59,-27.117253770786757,-7.200455926398401,0.0,7.061531505314633e-06,KEEP,ok
f326e813632e93f8,clean\english\f326e813632e93f8.wav,librispeech,C:\Users\Suhaan\Downloads\dev-clean\LibriSpeech\dev-clean\6313\76958\6313-76958-0013.flac,6313,76958,english,16000,16000,1,11.81,-27.750331650208967,-6.637908026817126,0.0,1.293250170419924e-05,KEEP,ok
a6141a11519f00cf,clean\english\a6141a11519f00cf.wav,librispeech,C:\Users\Suhaan\Downloads\dev-clean\LibriSpeech\dev-clean\6313\76958\6313-76958-0014.flac,6313,76958,english,16000,16000,1,7.515,-26.89842697474759,-5.846871080622612,0.0,1.8204964362666942e-05,KEEP,ok
f19a9c0af58a7a82,clean\english\f19a9c0af58a7a82.wav,librispeech,C:\Users\Suhaan\Downloads\dev-clean\LibriSpeech\dev-clean\6313\76958\6313-76958-0015.flac,6313,76958,english,16000,16000,1,3.38,-30.34624692256939,-8.82584030524804,0.0,1.6749116184655577e-05,KEEP,ok
b7e499752fe0ef60,clean\english\b7e499752fe0ef60.wav,librispeech,C:\Users\Suhaan\Downloads\dev-clean\LibriSpeech\dev-clean\6313\76958\6313-76958-0016.flac,6313,76958,english,16000,16000,1,4.35,-27.268774925726188,-6.387133824444062,0.0,1.7281017790082842e-05,KEEP,ok
cb8319739e45c5b2,clean\english\cb8319739e45c5b2.wav,librispeech,C:\Users\Suhaan\Downloads\dev-clean\LibriSpeech\dev-clean\6313\76958\6313-76958-0017.flac,6313,76958,english,16000,16000,1,5.055,-26.890866835285717,-5.898991786899762,0.0,2.2170523152453825e-05,KEEP,ok
cfa7d8fd7a819d8b,clean\english\cfa7d8fd7a819d8b.wav,librispeech,C:\Users\Suhaan\Downloads\dev-clean\LibriSpeech\dev-clean\6313\76958\6313-76958-0018.flac,6313,76958,english,16000,16000,1,6.195,-25.250814109264223,-4.398536328244488,0.0,3.405948882573284e-05,KEEP,ok
fdec2432d2efcfea,clean\english\fdec2432d2efcfea.wav,librispeech,C:\Users\Suhaan\Downloads\dev-clean\LibriSpeech\dev-clean\6313\76958\6313-76958-0019.flac,6313,76958,english,16000,16000,1,3.095,-28.809914979846106,-8.700798556081619,0.0,2.5551076760166325e-05,KEEP,ok
ed123e9aa47283a9,clean\english\ed123e9aa47283a9.wav,librispeech,C:\Users\Suhaan\Downloads\dev-clean\LibriSpeech\dev-clean\6313\76958\6313-76958-0020.flac,6313,76958,english,16000,16000,1,2.315,-24.82273975302954,-5.5676796480862825,0.0,0.00017070729518309236,KEEP,ok
6916fa41e69bdb2e,clean\english\6916fa41e69bdb2e.wav,librispeech,C:\Users\Suhaan\Downloads\dev-clean\LibriSpeech\dev-clean\6313\76958\6313-76958-0021.flac,6313,76958,english,16000,16000,1,11.925,-28.70326516302361,-7.246732068982174,0.0,3.232575909350999e-05,KEEP,ok
a5cb0d7348b41cd6,clean\english\a5cb0d7348b41cd6.wav,librispeech,C:\Users\Suhaan\Downloads\dev-clean\LibriSpeech\dev-clean\6313\76958\6313-76958-0022.flac,6313,76958,english,16000,16000,1,6.295,-25.93928526808092,-5.5903536194684555,0.0,2.0445746486075222e-05,KEEP,ok
4c1e988ddf974ac8,clean\english\4c1e988ddf974ac8.wav,librispeech,C:\Users\Suhaan\Downloads\dev-clean\LibriSpeech\dev-clean\6313\76958\6313-76958-0023.flac,6313,76958,english,16000,16000,1,3.255,-17.220369058236614,-3.9992481441779253,0.0,0.0012524753110483289,KEEP,ok
7cb8865f8b7268a2,clean\english\7cb8865f8b7268a2.wav,librispeech,C:\Users\Suhaan\Downloads\dev-clean\LibriSpeech\dev-clean\6313\76958\6313-76958-0024.flac,6313,76958,english,16000,16000,1,4.375,-27.212419769391833,-6.099952839953953,0.0,4.067993359058164e-06,KEEP,ok
38637b5db75492a9,clean\english\38637b5db75492a9.wav,librispeech,C:\Users\Suhaan\Downloads\dev-clean\LibriSpeech\dev-clean\6313\76958\6313-76958-0025.flac,6313,76958,english,16000,16000,1,3.795,-24.228772889413005,-4.34853914810062,0.0,0.00013195736391935498,KEEP,ok
6167c85811d64e04,clean\english\6167c85811d64e04.wav,librispeech,C:\Users\Suhaan\Downloads\dev-clean\LibriSpeech\dev-clean\6313\76958\6313-76958-0026.flac,6313,76958,english,16000,16000,1,4.43,-26.51178275071231,-6.1854387487944145,0.0,8.359181265404914e-06,KEEP,ok
a75a0ce47af0a17a,clean\english\a75a0ce47af0a17a.wav,librispeech,C:\Users\Suhaan\Downloads\dev-clean\LibriSpeech\dev-clean\6313\76958\6313-76958-0027.flac,6313,76958,english,16000,16000,1,3.505,-27.003332362651058,-7.231482425614799,0.0,3.824927989626303e-05,KEEP,ok
bd0fea0217d62dbd,clean\english\bd0fea0217d62dbd.wav,librispeech,C:\Users\Suhaan\Downloads\dev-clean\LibriSpeech\dev-clean\6313\76958\6313-76958-0028.flac,6313,76958,english,16000,16000,1,3.795,-25.074207445250348,-6.093535089790868,0.0,2.161159272873192e-06,KEEP,ok
dc9e394055e040c5,clean\english\dc9e394055e040c5.wav,librispeech,C:\Users\Suhaan\Downloads\dev-clean\LibriSpeech\dev-clean\6313\76958\6313-76958-0029.flac,6313,76958,english,16000,16000,1,6.695,-25.261565360217283,-5.822481972804656,0.0,2.4572747861384414e-05,KEEP,ok
186a14e96a8eb12c,clean\english\186a14e96a8eb12c.wav,librispeech,C:\Users\Suhaan\Downloads\dev-clean\LibriSpeech\dev-clean\6313\76958\6313-76958-0030.flac,6313,76958,english,16000,16000,1,2.265,-23.830168477891164,-5.638416153821947,0.0,8.025769056985155e-05,KEEP,ok
b61eecb113e19756,clean\english\b61eecb113e19756.wav,librispeech,C:\Users\Suhaan\Downloads\dev-clean\LibriSpeech\dev-clean\6313\76958\6313-76958-0031.flac,6313,76958,english,16000,16000,1,2.205,-24.741801043603648,-7.131500730074421,0.0,8.564471499994397e-06,KEEP,ok
60031ed466f46d6f,clean\english\60031ed466f46d6f.wav,librispeech,C:\Users\Suhaan\Downloads\dev-clean\LibriSpeech\dev-clean\6319\275224\6319-275224-0000.flac,6319,275224,english,16000,16000,1,4.825,-23.831608568587313,-8.097204493209379,0.0,5.319229785527568e-06,KEEP,ok
a4feffefdae56100,clean\english\a4feffefdae56100.wav,librispeech,C:\Users\Suhaan\Downloads\dev-clean\LibriSpeech\dev-clean\6319\275224\6319-275224-0001.flac,6319,275224,english,16000,16000,1,12.175,-22.689297921128787,-4.795402097140292,0.0,9.028378372022416e-06,KEEP,ok
9d18780310f3dea5,clean\english\9d18780310f3dea5.wav,librispeech,C:\Users\Suhaan\Downloads\dev-clean\LibriSpeech\dev-clean\6319\275224\6319-275224-0002.flac,6319,275224,english,16000,16000,1,7.455,-21.24324035696885,-4.823993848870059,0.0,2.947627535831998e-06,KEEP,ok
3d0c0f4a172d8d2c,clean\english\3d0c0f4a172d8d2c.wav,librispeech,C:\Users\Suhaan\Downloads\dev-clean\LibriSpeech\dev-clean\6319\275224\6319-275224-0003.flac,6319,275224,english,16000,16000,1,11.61,-22.53168040105964,-6.586265265358763,0.0,8.470205102639738e-06,KEEP,ok
99a81afcf9bd4b74,clean\english\99a81afcf9bd4b74.wav,librispeech,C:\Users\Suhaan\Downloads\dev-clean\LibriSpeech\dev-clean\6319\275224\6319-275224-0004.flac,6319,275224,english,16000,16000,1,6.295,-21.449233694220315,-5.7158737058500995,0.0,5.164839421922807e-06,KEEP,ok
2c6912a1baf54115,clean\english\2c6912a1baf54115.wav,librispeech,C:\Users\Suhaan\Downloads\dev-clean\LibriSpeech\dev-clean\6319\275224\6319-275224-0005.flac,6319,275224,english,16000,16000,1,12.75,-21.943620662790554,-6.80978624043385,0.0,8.7070839072112e-06,KEEP,ok
5a4229cf3c2708f6,clean\english\5a4229cf3c2708f6.wav,librispeech,C:\Users\Suhaan\Downloads\dev-clean\LibriSpeech\dev-clean\6319\275224\6319-275224-0006.flac,6319,275224,english,16000,16000,1,17.09,-24.130960018795676,-6.142859452121102,0.0,7.712094884482212e-06,KEEP,ok
e38dd5e4fb7ac199,clean\english\e38dd5e4fb7ac199.wav,librispeech,C:\Users\Suhaan\Downloads\dev-clean\LibriSpeech\dev-clean\6319\275224\6319-275224-0007.flac,6319,275224,english,16000,16000,1,2.765,-23.511204581720694,-6.269591852213399,0.0,1.7714543218971812e-06,KEEP,ok
9b93558580b8cbbe,clean\english\9b93558580b8cbbe.wav,librispeech,C:\Users\Suhaan\Downloads\dev-clean\LibriSpeech\dev-clean\6319\275224\6319-275224-0008.flac,6319,275224,english,16000,16000,1,18.445,-23.869840866382276,-7.746831717132209,0.0,4.584151156450389e-06,KEEP,ok
145bb72f94dd5f37,clean\english\145bb72f94dd5f37.wav,librispeech,C:\Users\Suhaan\Downloads\dev-clean\LibriSpeech\dev-clean\6319\275224\6319-275224-0009.flac,6319,275224,english,16000,16000,1,4.545,-23.06540972986507,-6.396539827455625,0.0,8.387298294110224e-06,KEEP,ok
4f109fbc19af6b12,clean\english\4f109fbc19af6b12.wav,librispeech,C:\Users\Suhaan\Downloads\dev-clean\LibriSpeech\dev-clean\6319\275224\6319-275224-0010.flac,6319,275224,english,16000,16000,1,6.94,-24.6446452863697,-7.36970275939941,0.0,6.91042851030943e-06,KEEP,ok
79a5d1afccbd3157,clean\english\79a5d1afccbd3157.wav,librispeech,C:\Users\Suhaan\Downloads\dev-clean\LibriSpeech\dev-clean\6319\275224\6319-275224-0011.flac,6319,275224,english,16000,16000,1,18.315,-22.874087848875142,-6.26631909797797,0.0,6.856040727143409e-06,KEEP,ok
30a8d382a9cca55c,clean\english\30a8d382a9cca55c.wav,librispeech,C:\Users\Suhaan\Downloads\dev-clean\LibriSpeech\dev-clean\6319\275224\6319-275224-0012.flac,6319,275224,english,16000,16000,1,4.115,-25.058591668434595,-9.474041264729035,0.0,1.8639639165485278e-05,KEEP,ok
363207bd1cc552fc,clean\english\363207bd1cc552fc.wav,librispeech,C:\Users\Suhaan\Downloads\dev-clean\LibriSpeech\dev-clean\6319\275224\6319-275224-0013.flac,6319,275224,english,16000,16000,1,4.87,-22.22887988519753,-5.380504401019475,0.0,1.1936399459955283e-05,KEEP,ok
e7bf6225f592cb9e,clean\english\e7bf6225f592cb9e.wav,librispeech,C:\Users\Suhaan\Downloads\dev-clean\LibriSpeech\dev-clean\6319\275224\6319-275224-0014.flac,6319,275224,english,16000,16000,1,10.73,-24.36925567201619,-7.058307968207239,0.0,3.5699238196684746e-06,KEEP,ok
89cd80fdca40d2c9,clean\english\89cd80fdca40d2c9.wav,librispeech,C:\Users\Suhaan\Downloads\dev-clean\LibriSpeech\dev-clean\6319\275224\6319-275224-0015.flac,6319,275224,english,16000,16000,1,7.46,-24.586150966549177,-8.150560695468773,0.0,1.4946096598578151e-05,KEEP,ok
b05fde463ed2a999,clean\english\b05fde463ed2a999.wav,librispeech,C:\Users\Suhaan\Downloads\dev-clean\LibriSpeech\dev-clean\6319\275224\6319-275224-0016.flac,6319,275224,english,16000,16000,1,4.98,-24.805499921089393,-8.99740440462539,0.0,1.1814071513072122e-05,KEEP,ok
652eacefd2d95383,clean\english\652eacefd2d95383.wav,librispeech,C:\Users\Suhaan\Downloads\dev-clean\LibriSpeech\dev-clean\6319\275224\6319-275224-0017.flac,6319,275224,english,16000,16000,1,8.41,-25.086405116731683,-9.168616212739035,0.0,5.889194198971381e-06,KEEP,ok
20316f685c116654,clean\english\20316f685c116654.wav,librispeech,C:\Users\Suhaan\Downloads\dev-clean\LibriSpeech\dev-clean\6319\275224\6319-275224-0018.flac,6319,275224,english,16000,16000,1,6.755,-23.71444461053546,-8.068299675725761,0.0,7.192581961135147e-06,KEEP,ok
504b7c0b446490ff,clean\english\504b7c0b446490ff.wav,librispeech,C:\Users\Suhaan\Downloads\dev-clean\LibriSpeech\dev-clean\6319\275224\6319-275224-0019.flac,6319,275224,english,16000,16000,1,5.78,-26.95267626610203,-10.767336292877305,0.0,3.736819280675263e-06,KEEP,ok
b3054212ef19f58b,clean\english\b3054212ef19f58b.wav,librispeech,C:\Users\Suhaan\Downloads\dev-clean\LibriSpeech\dev-clean\6319\275224\6319-275224-0020.flac,6319,275224,english,16000,16000,1,11.94,-25.182341737047267,-7.825437589700856,0.0,8.778117262409069e-06,KEEP,ok
c7e4053acf433522,clean\english\c7e4053acf433522.wav,librispeech,C:\Users\Suhaan\Downloads\dev-clean\LibriSpeech\dev-clean\6319\57405\6319-57405-0000.flac,6319,57405,english,16000,16000,1,7.295,-21.319348126558076,-3.7031588698312308,0.0,3.7127279028936755e-06,KEEP,ok
7f775f68f0aa94ba,clean\english\7f775f68f0aa94ba.wav,librispeech,C:\Users\Suhaan\Downloads\dev-clean\LibriSpeech\dev-clean\6319\57405\6319-57405-0001.flac,6319,57405,english,16000,16000,1,10.145,-22.324527260563364,-2.2802985545969574,0.0,2.0639787180698477e-05,KEEP,ok
14359ee47d135745,clean\english\14359ee47d135745.wav,librispeech,C:\Users\Suhaan\Downloads\dev-clean\LibriSpeech\dev-clean\6319\57405\6319-57405-0002.flac,6319,57405,english,16000,16000,1,6.52,-22.982286993786744,-2.7770946123848543,0.0,3.623962356869015e-06,KEEP,ok
9a00cc58bdef3786,clean\english\9a00cc58bdef3786.wav,librispeech,C:\Users\Suhaan\Downloads\dev-clean\LibriSpeech\dev-clean\6319\57405\6319-57405-0003.flac,6319,57405,english,16000,16000,1,8.37,-24.606271448097186,-7.943704177404771,0.0,3.879187261190964e-06,KEEP,ok
a30d0065a890a94d,clean\english\a30d0065a890a94d.wav,librispeech,C:\Users\Suhaan\Downloads\dev-clean\LibriSpeech\dev-clean\6319\57405\6319-57405-0004.flac,6319,57405,english,16000,16000,1,5.71,-24.488637662907394,-5.24272330985967,0.0,1.3992790854899795e-06,KEEP,ok
6a199006879178e1,clean\english\6a199006879178e1.wav,librispeech,C:\Users\Suhaan\Downloads\dev-clean\LibriSpeech\dev-clean\6319\57405\6319-57405-0005.flac,6319,57405,english,16000,16000,1,8.625,-24.038978845222637,-5.723555122768554,0.0,1.1611938134592492e-05,KEEP,ok
4a19443864a0c3d9,clean\english\4a19443864a0c3d9.wav,librispeech,C:\Users\Suhaan\Downloads\dev-clean\LibriSpeech\dev-clean\6319\57405\6319-57405-0006.flac,6319,57405,english,16000,16000,1,8.89,-23.808619920551223,-7.709403605800162,0.0,1.2019514542771503e-05,KEEP,ok
bf3b919159e4311f,clean\english\bf3b919159e4311f.wav,librispeech,C:\Users\Suhaan\Downloads\dev-clean\LibriSpeech\dev-clean\6319\57405\6319-57405-0007.flac,6319,57405,english,16000,16000,1,3.505,-22.35141533798204,-2.027255662643705,0.0,1.5431838619406335e-05,KEEP,ok
f59d6ca172062ffe,clean\english\f59d6ca172062ffe.wav,librispeech,C:\Users\Suhaan\Downloads\dev-clean\LibriSpeech\dev-clean\6319\57405\6319-57405-0008.flac,6319,57405,english,16000,16000,1,12.46,-23.369167966434887,-3.868336126558298,0.0,3.0044568575249286e-06,KEEP,ok
f5314893b82bbfae,clean\english\f5314893b82bbfae.wav,librispeech,C:\Users\Suhaan\Downloads\dev-clean\LibriSpeech\dev-clean\6319\57405\6319-57405-0009.flac,6319,57405,english,16000,16000,1,15.43,-24.416118650653203,-2.351935877422178,0.0,6.236523404368199e-06,KEEP,ok
806fec77c75199ea,clean\english\806fec77c75199ea.wav,librispeech,C:\Users\Suhaan\Downloads\dev-clean\LibriSpeech\dev-clean\6319\57405\6319-57405-0010.flac,6319,57405,english,16000,16000,1,3.34,-23.48264305343865,-4.922943681807533,0.0,3.813041257672012e-05,KEEP,ok
731824c47c8bd457,clean\english\731824c47c8bd457.wav,librispeech,C:\Users\Suhaan\Downloads\dev-clean\LibriSpeech\dev-clean\6319\57405\6319-57405-0011.flac,6319,57405,english,16000,16000,1,3.71,-24.280591133695197,-7.490043272341115,0.0,1.00076676972094e-05,KEEP,ok
7e77d0bba31f4363,clean\english\7e77d0bba31f4363.wav,librispeech,C:\Users\Suhaan\Downloads\dev-clean\LibriSpeech\dev-clean\6319\57405\6319-57405-0012.flac,6319,57405,english,16000,16000,1,8.44,-24.590332712473494,-6.970928221758442,0.0,8.27798339742003e-06,KEEP,ok
e1b63cea60073904,clean\english\e1b63cea60073904.wav,librispeech,C:\Users\Suhaan\Downloads\dev-clean\LibriSpeech\dev-clean\6319\64726\6319-64726-0000.flac,6319,64726,english,16000,16000,1,10.245,-24.776318022794065,-6.4420535714651255,0.0,2.533822964778665e-07,KEEP,ok
320eb3f164fce303,clean\english\320eb3f164fce303.wav,librispeech,C:\Users\Suhaan\Downloads\dev-clean\LibriSpeech\dev-clean\6319\64726\6319-64726-0001.flac,6319,64726,english,16000,16000,1,15.9699375,-24.006715599451326,-5.160227361998083,0.0,3.3429491850256454e-06,KEEP,ok
c24127f520ecb6b2,clean\english\c24127f520ecb6b2.wav,librispeech,C:\Users\Suhaan\Downloads\dev-clean\LibriSpeech\dev-clean\6319\64726\6319-64726-0002.flac,6319,64726,english,16000,16000,1,12.2,-25.443532610911774,-6.3056737719322085,0.0,7.50432263885159e-07,KEEP,ok
6c965890d2deb6b8,clean\english\6c965890d2deb6b8.wav,librispeech,C:\Users\Suhaan\Downloads\dev-clean\LibriSpeech\dev-clean\6319\64726\6319-64726-0003.flac,6319,64726,english,16000,16000,1,4.53,-21.834942032562907,-6.25051814643832,0.0,7.113189440133283e-06,KEEP,ok
15c4e237ca845f3e,clean\english\15c4e237ca845f3e.wav,librispeech,C:\Users\Suhaan\Downloads\dev-clean\LibriSpeech\dev-clean\6319\64726\6319-64726-0004.flac,6319,64726,english,16000,16000,1,19.1,-23.18307976199092,-3.45857124121508,0.0,1.196536686620675e-06,KEEP,ok
abba5b9d2a3a0d73,clean\english\abba5b9d2a3a0d73.wav,librispeech,C:\Users\Suhaan\Downloads\dev-clean\LibriSpeech\dev-clean\6319\64726\6319-64726-0005.flac,6319,64726,english,16000,16000,1,9.68,-26.14752799100002,-7.751359829501857,0.0,8.275686269598737e-08,KEEP,ok
18025a04863173b5,clean\english\18025a04863173b5.wav,librispeech,C:\Users\Suhaan\Downloads\dev-clean\LibriSpeech\dev-clean\6319\64726\6319-64726-0006.flac,6319,64726,english,16000,16000,1,3.76,-27.36639414263921,-11.13294463120431,0.0,2.0996053535782266e-06,KEEP,ok
6703a256bdcb9e6c,clean\english\6703a256bdcb9e6c.wav,librispeech,C:\Users\Suhaan\Downloads\dev-clean\LibriSpeech\dev-clean\6319\64726\6319-64726-0007.flac,6319,64726,english,16000,16000,1,16.725,-24.245507001317833,-1.670792510041704,0.0,7.428681101373513e-07,KEEP,ok
876243232eabf82b,clean\english\876243232eabf82b.wav,librispeech,C:\Users\Suhaan\Downloads\dev-clean\LibriSpeech\dev-clean\6319\64726\6319-64726-0008.flac,6319,64726,english,16000,16000,1,4.36,-30.543769322175088,-12.322439701641276,0.0,4.477894435694907e-06,KEEP,ok
2968100d7f6755f3,clean\english\2968100d7f6755f3.wav,librispeech,C:\Users\Suhaan\Downloads\dev-clean\LibriSpeech\dev-clean\6319\64726\6319-64726-0009.flac,6319,64726,english,16000,16000,1,10.24,-22.365328198739004,-1.1471247782622722,0.0,2.1142884634173242e-06,KEEP,ok
88917f6485294de0,clean\english\88917f6485294de0.wav,librispeech,C:\Users\Suhaan\Downloads\dev-clean\LibriSpeech\dev-clean\6319\64726\6319-64726-0010.flac,6319,64726,english,16000,16000,1,4.96,-26.02965104367097,-8.225404324781318,0.0,2.5372351046826225e-06,KEEP,ok
a4303b8e59808b82,clean\english\a4303b8e59808b82.wav,librispeech,C:\Users\Suhaan\Downloads\dev-clean\LibriSpeech\dev-clean\6319\64726\6319-64726-0011.flac,6319,64726,english,16000,16000,1,6.655,-28.00023884392389,-9.305271705687142,0.0,6.681595550617203e-06,KEEP,ok
0dbc5b21b1acda53,clean\english\0dbc5b21b1acda53.wav,librispeech,C:\Users\Suhaan\Downloads\dev-clean\LibriSpeech\dev-clean\6319\64726\6319-64726-0012.flac,6319,64726,english,16000,16000,1,9.21,-25.34311860663841,-7.5936284078379135,0.0,5.981950835121097e-06,KEEP,ok
5a38dbe41ff31911,clean\english\5a38dbe41ff31911.wav,librispeech,C:\Users\Suhaan\Downloads\dev-clean\LibriSpeech\dev-clean\6319\64726\6319-64726-0013.flac,6319,64726,english,16000,16000,1,7.8,-27.550982953452454,-9.189970592611358,0.0,5.887105089641409e-06,KEEP,ok
a289f88f875976d8,clean\english\a289f88f875976d8.wav,librispeech,C:\Users\Suhaan\Downloads\dev-clean\LibriSpeech\dev-clean\6319\64726\6319-64726-0014.flac,6319,64726,english,16000,16000,1,2.63,-30.509938954256334,-14.849369692295085,0.0,1.1951750593652832e-06,KEEP,ok
19c9ebe43d9ee6ae,clean\english\19c9ebe43d9ee6ae.wav,librispeech,C:\Users\Suhaan\Downloads\dev-clean\LibriSpeech\dev-clean\6319\64726\6319-64726-0015.flac,6319,64726,english,16000,16000,1,5.56,-26.514938119068333,-6.124061724126884,0.0,5.492203740686818e-07,KEEP,ok
648df4c81c25813e,clean\english\648df4c81c25813e.wav,librispeech,C:\Users\Suhaan\Downloads\dev-clean\LibriSpeech\dev-clean\6319\64726\6319-64726-0016.flac,6319,64726,english,16000,16000,1,8.835,-25.52208674145582,-6.278325230326716,0.0,2.763334805422346e-07,KEEP,ok
d161122e5d5adc38,clean\english\d161122e5d5adc38.wav,librispeech,C:\Users\Suhaan\Downloads\dev-clean\LibriSpeech\dev-clean\6319\64726\6319-64726-0017.flac,6319,64726,english,16000,16000,1,6.795,-26.211643786956273,-8.959398220564706,0.0,1.6690353277226677e-06,KEEP,ok
043ffb6a091db8e0,clean\english\043ffb6a091db8e0.wav,librispeech,C:\Users\Suhaan\Downloads\dev-clean\LibriSpeech\dev-clean\6319\64726\6319-64726-0018.flac,6319,64726,english,16000,16000,1,14.11,-28.426695002562607,-8.962373095031003,0.0,7.59560009555571e-07,KEEP,ok
a832ba14e44d03bb,clean\english\a832ba14e44d03bb.wav,librispeech,C:\Users\Suhaan\Downloads\dev-clean\LibriSpeech\dev-clean\6319\64726\6319-64726-0019.flac,6319,64726,english,16000,16000,1,12.81,-25.982948378302353,-4.827689972176073,0.0,1.8577665059638093e-06,KEEP,ok
00ca1435128c58c3,clean\english\00ca1435128c58c3.wav,librispeech,C:\Users\Suhaan\Downloads\dev-clean\LibriSpeech\dev-clean\6319\64726\6319-64726-0020.flac,6319,64726,english,16000,16000,1,3.675,-26.428804199077163,-9.70186259297752,0.0,3.698439741128823e-06,KEEP,ok
3716684af8bb37d6,clean\english\3716684af8bb37d6.wav,librispeech,C:\Users\Suhaan\Downloads\dev-clean\LibriSpeech\dev-clean\652\129742\652-129742-0000.flac,652,129742,english,16000,16000,1,6.025,-25.63437800788147,-6.561969054725141,0.0,0.00010621605179039761,KEEP,ok
d461d1a90c4838cb,clean\english\d461d1a90c4838cb.wav,librispeech,C:\Users\Suhaan\Downloads\dev-clean\LibriSpeech\dev-clean\652\129742\652-129742-0001.flac,652,129742,english,16000,16000,1,8.66,-25.198976076658187,-7.498209359747516,0.0,6.652241427218542e-05,KEEP,ok
d6930bd1f9075724,clean\english\d6930bd1f9075724.wav,librispeech,C:\Users\Suhaan\Downloads\dev-clean\LibriSpeech\dev-clean\652\129742\652-129742-0002.flac,652,129742,english,16000,16000,1,3.7,-24.353366076744503,-5.87497741150242,0.0,1.6810442957648775e-06,KEEP,ok
e503d33df84bc882,clean\english\e503d33df84bc882.wav,librispeech,C:\Users\Suhaan\Downloads\dev-clean\LibriSpeech\dev-clean\652\129742\652-129742-0003.flac,652,129742,english,16000,16000,1,9.18,-23.09364654511528,-3.938967016018618,0.0,2.5618934159865603e-05,KEEP,ok
f84c8b334ccc12e9,clean\english\f84c8b334ccc12e9.wav,librispeech,C:\Users\Suhaan\Downloads\dev-clean\LibriSpeech\dev-clean\652\129742\652-129742-0004.flac,652,129742,english,16000,16000,1,7.12,-23.971345595533894,-4.608660346610941,0.0,3.097807348240167e-05,KEEP,ok
835cbc35e4273869,clean\english\835cbc35e4273869.wav,librispeech,C:\Users\Suhaan\Downloads\dev-clean\LibriSpeech\dev-clean\652\129742\652-129742-0005.flac,652,129742,english,16000,16000,1,6.015,-24.451483388133376,-4.87867180896173,0.0,0.0001133447076426819,KEEP,ok
39a474abc0a2d34f,clean\english\39a474abc0a2d34f.wav,librispeech,C:\Users\Suhaan\Downloads\dev-clean\LibriSpeech\dev-clean\652\129742\652-129742-0006.flac,652,129742,english,16000,16000,1,9.115,-24.82025107262674,-4.569994383443387,0.0,5.8100162277696654e-05,KEEP,ok
9f7e1e0a0e48a0b2,clean\english\9f7e1e0a0e48a0b2.wav,librispeech,C:\Users\Suhaan\Downloads\dev-clean\LibriSpeech\dev-clean\652\129742\652-129742-0007.flac,652,129742,english,16000,16000,1,4.885,-25.607570916063427,-5.47806908726339,0.0,0.0001398892782162875,KEEP,ok
6dc615be34591b01,clean\english\6dc615be34591b01.wav,librispeech,C:\Users\Suhaan\Downloads\dev-clean\LibriSpeech\dev-clean\652\129742\652-129742-0008.flac,652,129742,english,16000,16000,1,3.43,-23.50028152624034,-6.768085549951576,0.0,0.00016670838522259146,KEEP,ok
b138a5dc10b320fe,clean\english\b138a5dc10b320fe.wav,librispeech,C:\Users\Suhaan\Downloads\dev-clean\LibriSpeech\dev-clean\652\129742\652-129742-0009.flac,652,129742,english,16000,16000,1,13.97,-24.4148851349877,-3.99420870702758,0.0,6.693728937534615e-05,KEEP,ok
8be9e659cc2086f4,clean\english\8be9e659cc2086f4.wav,librispeech,C:\Users\Suhaan\Downloads\dev-clean\LibriSpeech\dev-clean\652\129742\652-129742-0010.flac,652,129742,english,16000,16000,1,3.4,-24.495476407282748,-7.686895457319731,0.0,5.2321938710520044e-05,KEEP,ok
91f00ad4ad03013c,clean\english\91f00ad4ad03013c.wav,librispeech,C:\Users\Suhaan\Downloads\dev-clean\LibriSpeech\dev-clean\652\129742\652-129742-0011.flac,652,129742,english,16000,16000,1,3.28,-24.100028874503177,-5.515502946258736,0.0,1.7999440387939103e-05,KEEP,ok
5619e1b93b4291e6,clean\english\5619e1b93b4291e6.wav,librispeech,C:\Users\Suhaan\Downloads\dev-clean\LibriSpeech\dev-clean\652\129742\652-129742-0012.flac,652,129742,english,16000,16000,1,9.285,-24.663334798424927,-2.4332843139731666,0.0,4.4057596824131906e-05,KEEP,ok
151362203b7ddfa5,clean\english\151362203b7ddfa5.wav,librispeech,C:\Users\Suhaan\Downloads\dev-clean\LibriSpeech\dev-clean\652\129742\652-129742-0013.flac,652,129742,english,16000,16000,1,5.6,-24.485466864087044,-6.170323461582397,0.0,4.064423774252646e-05,KEEP,ok
f67cf4307fa77a60,clean\english\f67cf4307fa77a60.wav,librispeech,C:\Users\Suhaan\Downloads\dev-clean\LibriSpeech\dev-clean\652\129742\652-129742-0014.flac,652,129742,english,16000,16000,1,3.945,-23.80056312542746,-4.06926200680035,0.0,2.8280492188059725e-05,KEEP,ok
ac21fc58df894ae6,clean\english\ac21fc58df894ae6.wav,librispeech,C:\Users\Suhaan\Downloads\dev-clean\LibriSpeech\dev-clean\652\129742\652-129742-0015.flac,652,129742,english,16000,16000,1,11.805,-23.98552958376311,-5.408127220582159,0.0,8.566524047637358e-05,KEEP,ok
e4f38530c33c586c,clean\english\e4f38530c33c586c.wav,librispeech,C:\Users\Suhaan\Downloads\dev-clean\LibriSpeech\dev-clean\652\129742\652-129742-0016.flac,652,129742,english,16000,16000,1,15.99,-25.10883006555425,-5.353460085243035,0.0,4.6059903979767114e-05,KEEP,ok
6c00ef9069961243,clean\english\6c00ef9069961243.wav,librispeech,C:\Users\Suhaan\Downloads\dev-clean\LibriSpeech\dev-clean\652\129742\652-129742-0017.flac,652,129742,english,16000,16000,1,3.405,-24.25170581257508,-2.2531137263762995,0.0,3.647937410278246e-05,KEEP,ok
a94ae9be3d07389b,clean\english\a94ae9be3d07389b.wav,librispeech,C:\Users\Suhaan\Downloads\dev-clean\LibriSpeech\dev-clean\652\129742\652-129742-0018.flac,652,129742,english,16000,16000,1,5.48,-24.556215949652177,-8.51442803769964,0.0,4.719852586276829e-05,KEEP,ok
3b8d8a4be4c4cbac,clean\english\3b8d8a4be4c4cbac.wav,librispeech,C:\Users\Suhaan\Downloads\dev-clean\LibriSpeech\dev-clean\652\129742\652-129742-0019.flac,652,129742,english,16000,16000,1,2.785,-27.17585146053881,-8.748567088786636,0.0,1.1394096873118542e-05,KEEP,ok
24869301fc68ad0e,clean\english\24869301fc68ad0e.wav,librispeech,C:\Users\Suhaan\Downloads\dev-clean\LibriSpeech\dev-clean\652\129742\652-129742-0020.flac,652,129742,english,16000,16000,1,4.505,-24.214661804669134,-5.810571787513733,0.0,6.419064447982237e-05,KEEP,ok
9f8a7118b14cc222,clean\english\9f8a7118b14cc222.wav,librispeech,C:\Users\Suhaan\Downloads\dev-clean\LibriSpeech\dev-clean\652\130726\652-130726-0000.flac,652,130726,english,16000,16000,1,7.195,-26.075424704965254,-5.257762975067774,0.0,4.5116285036783665e-06,KEEP,ok
37a0ff32a3393c03,clean\english\37a0ff32a3393c03.wav,librispeech,C:\Users\Suhaan\Downloads\dev-clean\LibriSpeech\dev-clean\652\130726\652-130726-0001.flac,652,130726,english,16000,16000,1,10.855,-25.44297006110254,-6.029617050900371,0.0,5.577031333814375e-05,KEEP,ok
163104578924bcff,clean\english\163104578924bcff.wav,librispeech,C:\Users\Suhaan\Downloads\dev-clean\LibriSpeech\dev-clean\652\130726\652-130726-0002.flac,652,130726,english,16000,16000,1,13.885,-25.390456319368106,-4.811069789207169,0.0,6.715295603498816e-05,KEEP,ok
12fa094ff4325585,clean\english\12fa094ff4325585.wav,librispeech,C:\Users\Suhaan\Downloads\dev-clean\LibriSpeech\dev-clean\652\130726\652-130726-0003.flac,652,130726,english,16000,16000,1,6.365,-24.879595380350487,-5.607524405204227,0.0,1.9447465092525817e-05,KEEP,ok
6af0bda82aa8d8b4,clean\english\6af0bda82aa8d8b4.wav,librispeech,C:\Users\Suhaan\Downloads\dev-clean\LibriSpeech\dev-clean\652\130726\652-130726-0004.flac,652,130726,english,16000,16000,1,15.085,-24.76046114804218,-5.5380409455678015,0.0,4.27081722591538e-05,KEEP,ok
f3811c1b1a8edc0a,clean\english\f3811c1b1a8edc0a.wav,librispeech,C:\Users\Suhaan\Downloads\dev-clean\LibriSpeech\dev-clean\652\130726\652-130726-0005.flac,652,130726,english,16000,16000,1,10.445,-25.54073938663518,-8.322293145475204,0.0,1.7314963770331815e-05,KEEP,ok
16e5ab232e3ee5b2,clean\english\16e5ab232e3ee5b2.wav,librispeech,C:\Users\Suhaan\Downloads\dev-clean\LibriSpeech\dev-clean\652\130726\652-130726-0006.flac,652,130726,english,16000,16000,1,7.405,-24.251647725247622,-5.330416024818997,0.0,5.194762343307957e-05,KEEP,ok
c50c57f0ec7c5d31,clean\english\c50c57f0ec7c5d31.wav,librispeech,C:\Users\Suhaan\Downloads\dev-clean\LibriSpeech\dev-clean\652\130726\652-130726-0007.flac,652,130726,english,16000,16000,1,4.85,-25.332875518291683,-8.311934301506728,0.0,5.619678267976269e-05,KEEP,ok
224713dc3ba2f2a4,clean\english\224713dc3ba2f2a4.wav,librispeech,C:\Users\Suhaan\Downloads\dev-clean\LibriSpeech\dev-clean\652\130726\652-130726-0008.flac,652,130726,english,16000,16000,1,9.305,-26.047576101471037,-5.365250887467288,0.0,5.100523048895411e-05,KEEP,ok
66ab1714e0c8d3bf,clean\english\66ab1714e0c8d3bf.wav,librispeech,C:\Users\Suhaan\Downloads\dev-clean\LibriSpeech\dev-clean\652\130726\652-130726-0009.flac,652,130726,english,16000,16000,1,3.835,-25.111655851993078,-7.898178121945971,0.0,9.364659490529448e-06,KEEP,ok
6acdd92d2c6e43f3,clean\english\6acdd92d2c6e43f3.wav,librispeech,C:\Users\Suhaan\Downloads\dev-clean\LibriSpeech\dev-clean\652\130726\652-130726-0010.flac,652,130726,english,16000,16000,1,6.85,-24.98005953280788,-5.577245884054455,0.0,1.3741820112045389e-05,KEEP,ok
8f7e779bd9fbc064,clean\english\8f7e779bd9fbc064.wav,librispeech,C:\Users\Suhaan\Downloads\dev-clean\LibriSpeech\dev-clean\652\130726\652-130726-0011.flac,652,130726,english,16000,16000,1,18.925,-24.679736915959577,-5.32649971313091,0.0,2.662043880263809e-05,KEEP,ok
fcd56e6d708d6e88,clean\english\fcd56e6d708d6e88.wav,librispeech,C:\Users\Suhaan\Downloads\dev-clean\LibriSpeech\dev-clean\652\130726\652-130726-0012.flac,652,130726,english,16000,16000,1,5.8,-25.383613633442422,-5.649076491351281,0.0,3.136470331810415e-05,KEEP,ok
fe8658f63504a35b,clean\english\fe8658f63504a35b.wav,librispeech,C:\Users\Suhaan\Downloads\dev-clean\LibriSpeech\dev-clean\652\130726\652-130726-0013.flac,652,130726,english,16000,16000,1,5.335,-24.515315204372797,-5.356406285612081,0.0,3.234055475331843e-05,KEEP,ok
eba37469b9628c13,clean\english\eba37469b9628c13.wav,librispeech,C:\Users\Suhaan\Downloads\dev-clean\LibriSpeech\dev-clean\652\130726\652-130726-0014.flac,652,130726,english,16000,16000,1,5.3,-24.563838164471697,-5.104230854991767,0.0,3.841327998088673e-05,KEEP,ok
93484ace8787d52d,clean\english\93484ace8787d52d.wav,librispeech,C:\Users\Suhaan\Downloads\dev-clean\LibriSpeech\dev-clean\652\130726\652-130726-0015.flac,652,130726,english,16000,16000,1,9.35,-25.58745601075938,-5.359844782898126,0.0,7.205085807981959e-07,KEEP,ok
120fa96049a4a945,clean\english\120fa96049a4a945.wav,librispeech,C:\Users\Suhaan\Downloads\dev-clean\LibriSpeech\dev-clean\652\130726\652-130726-0016.flac,652,130726,english,16000,16000,1,10.41,-26.156102292174825,-5.452209325737972,0.0,3.458182618487626e-05,KEEP,ok
20ee6dbcd3aa0401,clean\english\20ee6dbcd3aa0401.wav,librispeech,C:\Users\Suhaan\Downloads\dev-clean\LibriSpeech\dev-clean\652\130726\652-130726-0017.flac,652,130726,english,16000,16000,1,5.855,-26.305479651641754,-7.867959446529362,0.0,6.811694038333371e-05,KEEP,ok
268b1c9637ac161d,clean\english\268b1c9637ac161d.wav,librispeech,C:\Users\Suhaan\Downloads\dev-clean\LibriSpeech\dev-clean\652\130726\652-130726-0018.flac,652,130726,english,16000,16000,1,3.26,-26.18101664952048,-9.975015937894929,0.0,1.1112353604403324e-05,KEEP,ok
1b8773cbb7d004eb,clean\english\1b8773cbb7d004eb.wav,librispeech,C:\Users\Suhaan\Downloads\dev-clean\LibriSpeech\dev-clean\652\130726\652-130726-0019.flac,652,130726,english,16000,16000,1,6.105,-24.940307342495984,-5.853109076920221,0.0,2.2098376575740986e-05,KEEP,ok
61ee8ea4e1edd3d3,clean\english\61ee8ea4e1edd3d3.wav,librispeech,C:\Users\Suhaan\Downloads\dev-clean\LibriSpeech\dev-clean\652\130726\652-130726-0020.flac,652,130726,english,16000,16000,1,6.68,-25.497876295377004,-5.173681940361419,0.0,6.651136209256947e-05,KEEP,ok
89f8f558110b867d,clean\english\89f8f558110b867d.wav,librispeech,C:\Users\Suhaan\Downloads\dev-clean\LibriSpeech\dev-clean\652\130726\652-130726-0021.flac,652,130726,english,16000,16000,1,11.385,-25.79175504194181,-5.205961679415758,0.0,2.626713103381917e-05,KEEP,ok
30266bf87a7482fe,clean\english\30266bf87a7482fe.wav,librispeech,C:\Users\Suhaan\Downloads\dev-clean\LibriSpeech\dev-clean\652\130726\652-130726-0022.flac,652,130726,english,16000,16000,1,12.365,-25.75186485322785,-5.63080962943875,0.0,4.111697489861399e-05,KEEP,ok
4dabf44a3993b723,clean\english\4dabf44a3993b723.wav,librispeech,C:\Users\Suhaan\Downloads\dev-clean\LibriSpeech\dev-clean\652\130726\652-130726-0023.flac,652,130726,english,16000,16000,1,6.75,-24.01507435112314,-5.488035685761471,0.0,4.137223004363477e-05,KEEP,ok
3c4d1a1b575987e1,clean\english\3c4d1a1b575987e1.wav,librispeech,C:\Users\Suhaan\Downloads\dev-clean\LibriSpeech\dev-clean\652\130726\652-130726-0024.flac,652,130726,english,16000,16000,1,10.735,-25.283274410772663,-5.778547181923374,0.0,1.2675384823523927e-05,KEEP,ok
b4afc1d86149e80a,clean\english\b4afc1d86149e80a.wav,librispeech,C:\Users\Suhaan\Downloads\dev-clean\LibriSpeech\dev-clean\652\130726\652-130726-0025.flac,652,130726,english,16000,16000,1,2.63,-24.88666770181473,-5.415541130872155,0.0,0.00014081165136303753,KEEP,ok
0c791581ef0a4891,clean\english\0c791581ef0a4891.wav,librispeech,C:\Users\Suhaan\Downloads\dev-clean\LibriSpeech\dev-clean\652\130726\652-130726-0026.flac,652,130726,english,16000,16000,1,6.135,-25.761401000010146,-6.967380305729236,0.0,0.0001376483851345256,KEEP,ok
92d233c7e5f13d92,clean\english\92d233c7e5f13d92.wav,librispeech,C:\Users\Suhaan\Downloads\dev-clean\LibriSpeech\dev-clean\652\130726\652-130726-0027.flac,652,130726,english,16000,16000,1,5.235,-25.407071708062077,-7.088829953074319,0.0,5.4247037041932344e-05,KEEP,ok
bb8c9835798a2d63,clean\english\bb8c9835798a2d63.wav,librispeech,C:\Users\Suhaan\Downloads\dev-clean\LibriSpeech\dev-clean\652\130726\652-130726-0028.flac,652,130726,english,16000,16000,1,3.02,-23.553942460628026,-5.300598653016479,0.0,6.08709478910896e-06,KEEP,ok
1599015b8900b971,clean\english\1599015b8900b971.wav,librispeech,C:\Users\Suhaan\Downloads\dev-clean\LibriSpeech\dev-clean\652\130726\652-130726-0029.flac,652,130726,english,16000,16000,1,7.775,-24.00046972450552,-6.583436630287012,0.0,8.87389323906973e-05,KEEP,ok
07bf7aa5f63ace53,clean\english\07bf7aa5f63ace53.wav,librispeech,C:\Users\Suhaan\Downloads\dev-clean\LibriSpeech\dev-clean\652\130726\652-130726-0030.flac,652,130726,english,16000,16000,1,2.845,-25.192323445668265,-5.43831666255312,0.0,1.4029907106305473e-05,KEEP,ok
70b1f39385bec90c,clean\english\70b1f39385bec90c.wav,librispeech,C:\Users\Suhaan\Downloads\dev-clean\LibriSpeech\dev-clean\652\130726\652-130726-0031.flac,652,130726,english,16000,16000,1,5.745,-26.38504303708887,-5.846871080622612,0.0,1.8867312974180095e-05,KEEP,ok
81428c9227094a73,clean\english\81428c9227094a73.wav,librispeech,C:\Users\Suhaan\Downloads\dev-clean\LibriSpeech\dev-clean\652\130726\652-130726-0032.flac,652,130726,english,16000,16000,1,5.99,-25.475534361126844,-7.290801225171922,0.0,1.6602530195086729e-06,KEEP,ok
b87fddf698538b9a,clean\english\b87fddf698538b9a.wav,librispeech,C:\Users\Suhaan\Downloads\dev-clean\LibriSpeech\dev-clean\652\130726\652-130726-0033.flac,652,130726,english,16000,16000,1,10.8,-25.300582436048238,-6.000477743319013,0.0,2.5237577574444003e-05,KEEP,ok
98404983bf199d20,clean\english\98404983bf199d20.wav,librispeech,C:\Users\Suhaan\Downloads\dev-clean\LibriSpeech\dev-clean\652\130726\652-130726-0034.flac,652,130726,english,16000,16000,1,11.155,-24.829212674676434,-5.394304830062648,0.0,9.070498344954103e-05,KEEP,ok
27c0eba0303806f6,clean\english\27c0eba0303806f6.wav,librispeech,C:\Users\Suhaan\Downloads\dev-clean\LibriSpeech\dev-clean\652\130726\652-130726-0035.flac,652,130726,english,16000,16000,1,5.09,-24.95861326035124,-6.116554008963346,0.0,1.463862008677097e-05,KEEP,ok
1e3c30cb18198950,clean\english\1e3c30cb18198950.wav,librispeech,C:\Users\Suhaan\Downloads\dev-clean\LibriSpeech\dev-clean\652\130737\652-130737-0000.flac,652,130737,english,16000,16000,1,9.99,-24.095238693353423,-3.796633242993777,0.0,3.880471194861457e-05,KEEP,ok
c461dbef204a276e,clean\english\c461dbef204a276e.wav,librispeech,C:\Users\Suhaan\Downloads\dev-clean\LibriSpeech\dev-clean\652\130737\652-130737-0001.flac,652,130737,english,16000,16000,1,6.24,-24.11979072708771,-5.308409705375675,0.0,6.208266859175637e-05,KEEP,ok
e3f781f45dba855f,clean\english\e3f781f45dba855f.wav,librispeech,C:\Users\Suhaan\Downloads\dev-clean\LibriSpeech\dev-clean\652\130737\652-130737-0002.flac,652,130737,english,16000,16000,1,7.57,-24.41951943326363,-5.6379088449038885,0.0,3.849795393762179e-05,KEEP,ok
bdcc024ebf41703b,clean\english\bdcc024ebf41703b.wav,librispeech,C:\Users\Suhaan\Downloads\dev-clean\LibriSpeech\dev-clean\652\130737\652-130737-0003.flac,652,130737,english,16000,16000,1,7.97,-24.662623715303514,-6.263592744448551,0.0,9.001608850667253e-05,KEEP,ok
2b3f924450d6c577,clean\english\2b3f924450d6c577.wav,librispeech,C:\Users\Suhaan\Downloads\dev-clean\LibriSpeech\dev-clean\652\130737\652-130737-0004.flac,652,130737,english,16000,16000,1,4.99,-24.559598243350827,-3.8844889908508433,0.0,7.831596303731203e-05,KEEP,ok
c92581073f3aa70f,clean\english\c92581073f3aa70f.wav,librispeech,C:\Users\Suhaan\Downloads\dev-clean\LibriSpeech\dev-clean\652\130737\652-130737-0005.flac,652,130737,english,16000,16000,1,4.135,-25.080613415688767,-7.397612743334577,0.0,0.00010476994793862104,KEEP,ok
f07d270687eb3f71,clean\english\f07d270687eb3f71.wav,librispeech,C:\Users\Suhaan\Downloads\dev-clean\LibriSpeech\dev-clean\652\130737\652-130737-0006.flac,652,130737,english,16000,16000,1,4.86,-23.851798633888922,-4.297523761485675,0.0,6.271056190598756e-05,KEEP,ok
7e64f5ea31137829,clean\english\7e64f5ea31137829.wav,librispeech,C:\Users\Suhaan\Downloads\dev-clean\LibriSpeech\dev-clean\652\130737\652-130737-0007.flac,652,130737,english,16000,16000,1,4.05,-26.01034218477213,-5.536536591500352,0.0,0.00010843253403436393,KEEP,ok
7b3bce09947be99e,clean\english\7b3bce09947be99e.wav,librispeech,C:\Users\Suhaan\Downloads\dev-clean\LibriSpeech\dev-clean\652\130737\652-130737-0008.flac,652,130737,english,16000,16000,1,2.385,-24.338387621705415,-4.648857188119254,0.0,2.700037839531433e-05,KEEP,ok
dcdd0b85b5d57006,clean\english\dcdd0b85b5d57006.wav,librispeech,C:\Users\Suhaan\Downloads\dev-clean\LibriSpeech\dev-clean\652\130737\652-130737-0009.flac,652,130737,english,16000,16000,1,4.74,-23.16240446739031,-5.468113911803341,0.0,3.5554749047150835e-05,KEEP,ok
5692fe745fd34ce4,clean\english\5692fe745fd34ce4.wav,librispeech,C:\Users\Suhaan\Downloads\dev-clean\LibriSpeech\dev-clean\652\130737\652-130737-0010.flac,652,130737,english,16000,16000,1,6.925,-24.95114520676664,-5.659241372134634,0.0,0.00013069262786302716,KEEP,ok
60f96505ac1c5ba9,clean\english\60f96505ac1c5ba9.wav,librispeech,C:\Users\Suhaan\Downloads\dev-clean\LibriSpeech\dev-clean\652\130737\652-130737-0011.flac,652,130737,english,16000,16000,1,3.965,-24.737874139074883,-4.798164931168167,0.0,5.444193448056467e-05,KEEP,ok
75ecde26fa03bc76,clean\english\75ecde26fa03bc76.wav,librispeech,C:\Users\Suhaan\Downloads\dev-clean\LibriSpeech\dev-clean\652\130737\652-130737-0012.flac,652,130737,english,16000,16000,1,3.8,-23.963965702684767,-3.7753191715567764,0.0,4.0383591112913564e-05,KEEP,ok
6d270651f435b740,clean\english\6d270651f435b740.wav,librispeech,C:\Users\Suhaan\Downloads\dev-clean\LibriSpeech\dev-clean\652\130737\652-130737-0013.flac,652,130737,english,16000,16000,1,4.67,-24.85726276916989,-5.891676032951885,0.0,3.958953311666846e-05,KEEP,ok
2a96ba4899425855,clean\english\2a96ba4899425855.wav,librispeech,C:\Users\Suhaan\Downloads\dev-clean\LibriSpeech\dev-clean\777\126732\777-126732-0000.flac,777,126732,english,16000,16000,1,2.74,-29.22267150240499,-11.767753829334357,0.0,9.946753380063456e-06,KEEP,ok
a8edfea4127584ef,clean\english\a8edfea4127584ef.wav,librispeech,C:\Users\Suhaan\Downloads\dev-clean\LibriSpeech\dev-clean\777\126732\777-126732-0001.flac,777,126732,english,16000,16000,1,2.3,-32.69615628071029,-15.711130619929603,0.0,3.846209892799379e-06,KEEP,ok
c67f0c55c6355124,clean\english\c67f0c55c6355124.wav,librispeech,C:\Users\Suhaan\Downloads\dev-clean\LibriSpeech\dev-clean\777\126732\777-126732-0002.flac,777,126732,english,16000,16000,1,5.06,-32.864664777457165,-11.449006831873547,0.0,2.206267026849673e-06,KEEP,ok
a13247852553b6d2,clean\english\a13247852553b6d2.wav,librispeech,C:\Users\Suhaan\Downloads\dev-clean\LibriSpeech\dev-clean\777\126732\777-126732-0003.flac,777,126732,english,16000,16000,1,9.45,-32.39977907680087,-12.457090242616395,0.0,1.1709505997714587e-05,KEEP,ok
1dca38a4bee81365,clean\english\1dca38a4bee81365.wav,librispeech,C:\Users\Suhaan\Downloads\dev-clean\LibriSpeech\dev-clean\777\126732\777-126732-0004.flac,777,126732,english,16000,16000,1,4.255,-32.505141989195764,-14.811363382818431,0.0,5.827387017376395e-09,KEEP,ok
baad4a57460327bb,clean\english\baad4a57460327bb.wav,librispeech,C:\Users\Suhaan\Downloads\dev-clean\LibriSpeech\dev-clean\777\126732\777-126732-0005.flac,777,126732,english,16000,16000,1,11.12,-30.00287138094905,-9.026580582601921,0.0,1.308128958044108e-05,KEEP,ok
afb33ea25f1ef72c,clean\english\afb33ea25f1ef72c.wav,librispeech,C:\Users\Suhaan\Downloads\dev-clean\LibriSpeech\dev-clean\777\126732\777-126732-0006.flac,777,126732,english,16000,16000,1,4.575,-31.794866828045997,-10.877915630273137,0.0,1.4879403806844493e-06,KEEP,ok
081e780d71f40752,clean\english\081e780d71f40752.wav,librispeech,C:\Users\Suhaan\Downloads\dev-clean\LibriSpeech\dev-clean\777\126732\777-126732-0007.flac,777,126732,english,16000,16000,1,12.255,-31.71092598675676,-13.553443308119693,0.0,8.735205483390018e-06,KEEP,ok
c5a9e974215b9b40,clean\english\c5a9e974215b9b40.wav,librispeech,C:\Users\Suhaan\Downloads\dev-clean\LibriSpeech\dev-clean\777\126732\777-126732-0008.flac,777,126732,english,16000,16000,1,4.425,-29.879635481641387,-12.622155746253181,0.0,1.598724566065357e-06,KEEP,ok
363418d9afd67e42,clean\english\363418d9afd67e42.wav,librispeech,C:\Users\Suhaan\Downloads\dev-clean\LibriSpeech\dev-clean\777\126732\777-126732-0009.flac,777,126732,english,16000,16000,1,4.815,-30.572195392305122,-11.341717579426971,0.0,2.0154911908321083e-06,KEEP,ok
ea9bd4518073dbe0,clean\english\ea9bd4518073dbe0.wav,librispeech,C:\Users\Suhaan\Downloads\dev-clean\LibriSpeech\dev-clean\777\126732\777-126732-0010.flac,777,126732,english,16000,16000,1,3.42,-27.10649368227644,-7.408179898453882,0.0,2.8019062483508606e-06,KEEP,ok
af89fcd92daa9a9b,clean\english\af89fcd92daa9a9b.wav,librispeech,C:\Users\Suhaan\Downloads\dev-clean\LibriSpeech\dev-clean\777\126732\777-126732-0011.flac,777,126732,english,16000,16000,1,7.45,-30.50820883138404,-12.815884047232338,0.0,7.273526989592938e-06,KEEP,ok
50c58023328215b5,clean\english\50c58023328215b5.wav,librispeech,C:\Users\Suhaan\Downloads\dev-clean\LibriSpeech\dev-clean\777\126732\777-126732-0012.flac,777,126732,english,16000,16000,1,4.835,-30.388469312978824,-11.60590975487099,0.0,3.2821387776493793e-06,KEEP,ok
00b461feb301d50b,clean\english\00b461feb301d50b.wav,librispeech,C:\Users\Suhaan\Downloads\dev-clean\LibriSpeech\dev-clean\777\126732\777-126732-0013.flac,777,126732,english,16000,16000,1,15.15,-29.897380073343534,-7.114046488708902,0.0,2.7343699002813082e-06,KEEP,ok
1e5004e903a7c6f7,clean\english\1e5004e903a7c6f7.wav,librispeech,C:\Users\Suhaan\Downloads\dev-clean\LibriSpeech\dev-clean\777\126732\777-126732-0014.flac,777,126732,english,16000,16000,1,7.42,-29.397959516087518,-10.810478977399109,0.0,4.369936235093519e-08,KEEP,ok
c6dc28cbbebba596,clean\english\c6dc28cbbebba596.wav,librispeech,C:\Users\Suhaan\Downloads\dev-clean\LibriSpeech\dev-clean\777\126732\777-126732-0015.flac,777,126732,english,16000,16000,1,9.51,-33.13806650445046,-10.082665831856916,0.0,5.480368145072134e-06,KEEP,ok
86e3d8e0879def5d,clean\english\86e3d8e0879def5d.wav,librispeech,C:\Users\Suhaan\Downloads\dev-clean\LibriSpeech\dev-clean\777\126732\777-126732-0016.flac,777,126732,english,16000,16000,1,12.535,-31.99707321666104,-9.973344449457544,0.0,5.798887741548242e-06,KEEP,ok
2898816c148682a8,clean\english\2898816c148682a8.wav,librispeech,C:\Users\Suhaan\Downloads\dev-clean\LibriSpeech\dev-clean\777\126732\777-126732-0017.flac,777,126732,english,16000,16000,1,2.73,-32.80682747326476,-14.06009064173924,0.0,9.676475656306138e-07,KEEP,ok
9553a4c865075d92,clean\english\9553a4c865075d92.wav,librispeech,C:\Users\Suhaan\Downloads\dev-clean\LibriSpeech\dev-clean\777\126732\777-126732-0018.flac,777,126732,english,16000,16000,1,4.05,-31.676516856008647,-10.85938770166484,0.0,1.5729739288872224e-06,KEEP,ok
f8b9347ea20ca92b,clean\english\f8b9347ea20ca92b.wav,librispeech,C:\Users\Suhaan\Downloads\dev-clean\LibriSpeech\dev-clean\777\126732\777-126732-0019.flac,777,126732,english,16000,16000,1,4.94,-33.19735706893701,-11.036074969497491,0.0,6.756415587005904e-06,KEEP,ok
e23b05778a254338,clean\english\e23b05778a254338.wav,librispeech,C:\Users\Suhaan\Downloads\dev-clean\LibriSpeech\dev-clean\777\126732\777-126732-0020.flac,777,126732,english,16000,16000,1,2.205,-24.045556844502613,-1.1610507832443042,0.0,6.2107769736030605e-06,KEEP,ok
4919e75711c8839e,clean\english\4919e75711c8839e.wav,librispeech,C:\Users\Suhaan\Downloads\dev-clean\LibriSpeech\dev-clean\777\126732\777-126732-0021.flac,777,126732,english,16000,16000,1,3.635,-32.15907961786367,-15.286497268482687,0.0,2.043250560745946e-06,KEEP,ok
2ed043f6ffcb1d2e,clean\english\2ed043f6ffcb1d2e.wav,librispeech,C:\Users\Suhaan\Downloads\dev-clean\LibriSpeech\dev-clean\777\126732\777-126732-0022.flac,777,126732,english,16000,16000,1,3.02,-32.09667709480346,-15.129247761841974,0.0,1.9282537323306315e-05,KEEP,ok
79bfeac5fbf31a06,clean\english\79bfeac5fbf31a06.wav,librispeech,C:\Users\Suhaan\Downloads\dev-clean\LibriSpeech\dev-clean\777\126732\777-126732-0023.flac,777,126732,english,16000,16000,1,7.02,-31.84773735598835,-13.256959312429661,0.0,6.725169896526495e-06,KEEP,ok
42ffe624f0824ac9,clean\english\42ffe624f0824ac9.wav,librispeech,C:\Users\Suhaan\Downloads\dev-clean\LibriSpeech\dev-clean\777\126732\777-126732-0024.flac,777,126732,english,16000,16000,1,13.6,-32.89161061362058,-12.3939198577198,0.0,3.3147193789773155e-06,KEEP,ok
1cfe12110aecd115,clean\english\1cfe12110aecd115.wav,librispeech,C:\Users\Suhaan\Downloads\dev-clean\LibriSpeech\dev-clean\777\126732\777-126732-0025.flac,777,126732,english,16000,16000,1,9.18,-35.179780824926425,-12.974983578344377,0.0,1.2142206742282724e-06,KEEP,ok
3d875c2226c930ea,clean\english\3d875c2226c930ea.wav,librispeech,C:\Users\Suhaan\Downloads\dev-clean\LibriSpeech\dev-clean\777\126732\777-126732-0026.flac,777,126732,english,16000,16000,1,1.97,-34.24107034626316,-15.99895979332868,0.0,1.8418017134536058e-05,KEEP,ok
42a9f980470d8b54,clean\english\42a9f980470d8b54.wav,librispeech,C:\Users\Suhaan\Downloads\dev-clean\LibriSpeech\dev-clean\777\126732\777-126732-0027.flac,777,126732,english,16000,16000,1,4.33,-33.90319485558719,-15.20980694476016,0.0,2.423610112600727e-06,KEEP,ok
1544db3d4d5e0cc4,clean\english\1544db3d4d5e0cc4.wav,librispeech,C:\Users\Suhaan\Downloads\dev-clean\LibriSpeech\dev-clean\777\126732\777-126732-0028.flac,777,126732,english,16000,16000,1,12.77,-35.112385384517665,-13.068757674190026,0.0,2.317047801625449e-06,KEEP,ok
eef540f3f1f8b4ac,clean\english\eef540f3f1f8b4ac.wav,librispeech,C:\Users\Suhaan\Downloads\dev-clean\LibriSpeech\dev-clean\777\126732\777-126732-0029.flac,777,126732,english,16000,16000,1,3.585,-36.637792069307736,-16.540602259140147,0.0,1.8392480569673353e-06,KEEP,ok
368e45d4bbb75196,clean\english\368e45d4bbb75196.wav,librispeech,C:\Users\Suhaan\Downloads\dev-clean\LibriSpeech\dev-clean\777\126732\777-126732-0030.flac,777,126732,english,16000,16000,1,6.465,-32.97535017800098,-13.993460293227105,0.0,5.552700258704135e-06,KEEP,ok
c8a61eb97ca98ddb,clean\english\c8a61eb97ca98ddb.wav,librispeech,C:\Users\Suhaan\Downloads\dev-clean\LibriSpeech\dev-clean\777\126732\777-126732-0031.flac,777,126732,english,16000,16000,1,11.065,-33.0365939833541,-13.503112066965635,0.0,4.042062300868565e-06,KEEP,ok
c937629c31f99ca8,clean\english\c937629c31f99ca8.wav,librispeech,C:\Users\Suhaan\Downloads\dev-clean\LibriSpeech\dev-clean\777\126732\777-126732-0032.flac,777,126732,english,16000,16000,1,5.85,-32.390388561373406,-13.989478679754647,0.0,5.043877422394871e-07,KEEP,ok
9f91f9efa0d2b8c7,clean\english\9f91f9efa0d2b8c7.wav,librispeech,C:\Users\Suhaan\Downloads\dev-clean\LibriSpeech\dev-clean\777\126732\777-126732-0033.flac,777,126732,english,16000,16000,1,3.655,-34.430721941266576,-14.030710298222289,0.0,1.1219697881870161e-07,KEEP,ok
70fd0e222a447717,clean\english\70fd0e222a447717.wav,librispeech,C:\Users\Suhaan\Downloads\dev-clean\LibriSpeech\dev-clean\777\126732\777-126732-0034.flac,777,126732,english,16000,16000,1,3.48,-33.99438002982808,-15.301916923940198,0.0,4.242206614435418e-06,KEEP,ok
d35f14c2b1320c34,clean\english\d35f14c2b1320c34.wav,librispeech,C:\Users\Suhaan\Downloads\dev-clean\LibriSpeech\dev-clean\777\126732\777-126732-0035.flac,777,126732,english,16000,16000,1,5.585,-33.51406780638938,-16.876286767151765,0.0,8.097608770185616e-06,KEEP,ok
f8ef24aaacf2020c,clean\english\f8ef24aaacf2020c.wav,librispeech,C:\Users\Suhaan\Downloads\dev-clean\LibriSpeech\dev-clean\777\126732\777-126732-0036.flac,777,126732,english,16000,16000,1,9.07,-34.23066235648687,-12.947871462733527,0.0,3.5646601190819638e-06,KEEP,ok
da51e82139628ce9,clean\english\da51e82139628ce9.wav,librispeech,C:\Users\Suhaan\Downloads\dev-clean\LibriSpeech\dev-clean\777\126732\777-126732-0037.flac,777,126732,english,16000,16000,1,5.44,-34.121718277209354,-13.898401728723965,0.0,3.2992923593155865e-07,KEEP,ok
3685b33f4707156a,clean\english\3685b33f4707156a.wav,librispeech,C:\Users\Suhaan\Downloads\dev-clean\LibriSpeech\dev-clean\777\126732\777-126732-0038.flac,777,126732,english,16000,16000,1,3.1,-32.30354795499608,-11.155895360324536,0.0,5.845715804753127e-06,KEEP,ok
72c374837f256927,clean\english\72c374837f256927.wav,librispeech,C:\Users\Suhaan\Downloads\dev-clean\LibriSpeech\dev-clean\777\126732\777-126732-0039.flac,777,126732,english,16000,16000,1,2.835,-31.718159244803235,-12.916151806162464,0.0,1.77864458237309e-05,KEEP,ok
aa4802436969c63c,clean\english\aa4802436969c63c.wav,librispeech,C:\Users\Suhaan\Downloads\dev-clean\LibriSpeech\dev-clean\777\126732\777-126732-0040.flac,777,126732,english,16000,16000,1,4.985,-29.0213028361039,-10.874206881438793,0.0,7.286186701094266e-06,KEEP,ok
92ce5acac849743b,clean\english\92ce5acac849743b.wav,librispeech,C:\Users\Suhaan\Downloads\dev-clean\LibriSpeech\dev-clean\777\126732\777-126732-0041.flac,777,126732,english,16000,16000,1,10.09,-34.10020733864278,-14.021382809795595,0.0,6.410128321476805e-07,KEEP,ok
13b220bbf773e6db,clean\english\13b220bbf773e6db.wav,librispeech,C:\Users\Suhaan\Downloads\dev-clean\LibriSpeech\dev-clean\777\126732\777-126732-0042.flac,777,126732,english,16000,16000,1,5.57,-34.10276453746882,-15.459209407558856,0.0,7.974566869961563e-06,KEEP,ok
849162116ec5d906,clean\english\849162116ec5d906.wav,librispeech,C:\Users\Suhaan\Downloads\dev-clean\LibriSpeech\dev-clean\777\126732\777-126732-0043.flac,777,126732,english,16000,16000,1,2.535,-34.32774478651257,-14.99413787077347,0.0,3.6521776110021165e-06,KEEP,ok
6b452cd4faa190b1,clean\english\6b452cd4faa190b1.wav,librispeech,C:\Users\Suhaan\Downloads\dev-clean\LibriSpeech\dev-clean\777\126732\777-126732-0044.flac,777,126732,english,16000,16000,1,4.025,-32.49350357723433,-13.843427560160944,0.0,6.449444754252909e-06,KEEP,ok
38ed07ec1f074d30,clean\english\38ed07ec1f074d30.wav,librispeech,C:\Users\Suhaan\Downloads\dev-clean\LibriSpeech\dev-clean\777\126732\777-126732-0045.flac,777,126732,english,16000,16000,1,11.975,-32.195009479000696,-13.929972466390904,0.0,9.2102245616843e-06,KEEP,ok
a4816fbce2b908da,clean\english\a4816fbce2b908da.wav,librispeech,C:\Users\Suhaan\Downloads\dev-clean\LibriSpeech\dev-clean\777\126732\777-126732-0046.flac,777,126732,english,16000,16000,1,2.245,-33.607135164303784,-14.127236072267433,0.0,8.790795618551783e-06,KEEP,ok
2d978acca137d438,clean\english\2d978acca137d438.wav,librispeech,C:\Users\Suhaan\Downloads\dev-clean\LibriSpeech\dev-clean\777\126732\777-126732-0047.flac,777,126732,english,16000,16000,1,8.125,-32.209798105447746,-13.957691307998743,0.0,6.106802175054327e-06,KEEP,ok
c6125b7f58d9ca59,clean\english\c6125b7f58d9ca59.wav,librispeech,C:\Users\Suhaan\Downloads\dev-clean\LibriSpeech\dev-clean\777\126732\777-126732-0048.flac,777,126732,english,16000,16000,1,5.975,-31.761304661613934,-15.12471007450948,0.0,4.067840109200915e-06,KEEP,ok
0dcb615b2204b593,clean\english\0dcb615b2204b593.wav,librispeech,C:\Users\Suhaan\Downloads\dev-clean\LibriSpeech\dev-clean\777\126732\777-126732-0049.flac,777,126732,english,16000,16000,1,2.25,-33.18164150055562,-15.874434727738594,0.0,1.026577365337289e-06,KEEP,ok
23fed00844315194,clean\english\23fed00844315194.wav,librispeech,C:\Users\Suhaan\Downloads\dev-clean\LibriSpeech\dev-clean\777\126732\777-126732-0050.flac,777,126732,english,16000,16000,1,6.81,-31.86389397460902,-11.550620646238752,0.0,3.3702094697218854e-06,KEEP,ok
005aa9da115af74d,clean\english\005aa9da115af74d.wav,librispeech,C:\Users\Suhaan\Downloads\dev-clean\LibriSpeech\dev-clean\777\126732\777-126732-0051.flac,777,126732,english,16000,16000,1,4.335,-33.98036665866834,-12.145734698083402,0.0,4.643634838430444e-06,KEEP,ok
ad8957717bfe237f,clean\english\ad8957717bfe237f.wav,librispeech,C:\Users\Suhaan\Downloads\dev-clean\LibriSpeech\dev-clean\777\126732\777-126732-0052.flac,777,126732,english,16000,16000,1,4.95,-31.249200501520402,-13.440605395095993,0.0,2.4668374862812925e-06,KEEP,ok
eafed99762173bcd,clean\english\eafed99762173bcd.wav,librispeech,C:\Users\Suhaan\Downloads\dev-clean\LibriSpeech\dev-clean\777\126732\777-126732-0053.flac,777,126732,english,16000,16000,1,4.66,-32.23608043065972,-14.324945573183856,0.0,1.4693952152811107e-06,KEEP,ok
c2c54150c8f36433,clean\english\c2c54150c8f36433.wav,librispeech,C:\Users\Suhaan\Downloads\dev-clean\LibriSpeech\dev-clean\777\126732\777-126732-0054.flac,777,126732,english,16000,16000,1,3.03,-34.65221679067637,-12.186609548283126,0.0,2.375058102188632e-06,KEEP,ok
e2a151213bf43d87,clean\english\e2a151213bf43d87.wav,librispeech,C:\Users\Suhaan\Downloads\dev-clean\LibriSpeech\dev-clean\777\126732\777-126732-0055.flac,777,126732,english,16000,16000,1,3.855,-31.689997385445036,-12.455978021648352,0.0,6.194553861860186e-06,KEEP,ok
c98a22a9d6b3ca7c,clean\english\c98a22a9d6b3ca7c.wav,librispeech,C:\Users\Suhaan\Downloads\dev-clean\LibriSpeech\dev-clean\777\126732\777-126732-0056.flac,777,126732,english,16000,16000,1,9.26,-32.76570590172327,-12.221180298947125,0.0,7.073050255712587e-06,KEEP,ok
8b5ec5e1e095d617,clean\english\8b5ec5e1e095d617.wav,librispeech,C:\Users\Suhaan\Downloads\dev-clean\LibriSpeech\dev-clean\777\126732\777-126732-0057.flac,777,126732,english,16000,16000,1,10.975,-33.357091475586905,-12.327917339230943,0.0,4.10927168559283e-06,KEEP,ok
c00f047535745d44,clean\english\c00f047535745d44.wav,librispeech,C:\Users\Suhaan\Downloads\dev-clean\LibriSpeech\dev-clean\777\126732\777-126732-0058.flac,777,126732,english,16000,16000,1,5.225,-31.494155402841137,-11.746204561691965,0.0,5.865507773705758e-06,KEEP,ok
e2e725b6ba694cab,clean\english\e2e725b6ba694cab.wav,librispeech,C:\Users\Suhaan\Downloads\dev-clean\LibriSpeech\dev-clean\777\126732\777-126732-0059.flac,777,126732,english,16000,16000,1,6.16,-33.10196802154356,-13.066371112933615,0.0,5.487343059940031e-06,KEEP,ok
ecaa5356a1d01e84,clean\english\ecaa5356a1d01e84.wav,librispeech,C:\Users\Suhaan\Downloads\dev-clean\LibriSpeech\dev-clean\777\126732\777-126732-0060.flac,777,126732,english,16000,16000,1,7.895,-32.52770336212444,-13.232601782059097,0.0,1.6200021491385996e-05,KEEP,ok
8daab1d56d8db6d0,clean\english\8daab1d56d8db6d0.wav,librispeech,C:\Users\Suhaan\Downloads\dev-clean\LibriSpeech\dev-clean\777\126732\777-126732-0061.flac,777,126732,english,16000,16000,1,4.565,-35.58247805660319,-12.028485665267786,0.0,2.3598477127961814e-06,KEEP,ok
4f6a717ac44a03ac,clean\english\4f6a717ac44a03ac.wav,librispeech,C:\Users\Suhaan\Downloads\dev-clean\LibriSpeech\dev-clean\777\126732\777-126732-0062.flac,777,126732,english,16000,16000,1,2.375,-28.625390567052552,-9.91006506561751,0.0,1.0252299944113474e-05,KEEP,ok
0e4fb5599725a620,clean\english\0e4fb5599725a620.wav,librispeech,C:\Users\Suhaan\Downloads\dev-clean\LibriSpeech\dev-clean\777\126732\777-126732-0063.flac,777,126732,english,16000,16000,1,18.17,-33.41423246352712,-11.227044289610568,0.0,3.8118630527606e-06,KEEP,ok
d1f9d048dd88a7f3,clean\english\d1f9d048dd88a7f3.wav,librispeech,C:\Users\Suhaan\Downloads\dev-clean\LibriSpeech\dev-clean\777\126732\777-126732-0064.flac,777,126732,english,16000,16000,1,5.8599375,-30.932136073987525,-10.990860389290521,0.0,5.923910521232756e-06,KEEP,ok
97fa7e378a2b8407,clean\english\97fa7e378a2b8407.wav,librispeech,C:\Users\Suhaan\Downloads\dev-clean\LibriSpeech\dev-clean\777\126732\777-126732-0065.flac,777,126732,english,16000,16000,1,5.225,-33.49825748985956,-14.470977099002933,0.0,2.1081220893393038e-06,KEEP,ok
aab52d3887e415cd,clean\english\aab52d3887e415cd.wav,librispeech,C:\Users\Suhaan\Downloads\dev-clean\LibriSpeech\dev-clean\777\126732\777-126732-0066.flac,777,126732,english,16000,16000,1,11.595,-31.315107034970836,-14.069459812455278,0.0,1.1449026970922205e-07,KEEP,ok
8efbd439d34b7c77,clean\english\8efbd439d34b7c77.wav,librispeech,C:\Users\Suhaan\Downloads\dev-clean\LibriSpeech\dev-clean\777\126732\777-126732-0067.flac,777,126732,english,16000,16000,1,5.245,-32.940411926389515,-15.828399240482405,0.0,3.6699641441373387e-06,KEEP,ok
a0c64486efa692fe,clean\english\a0c64486efa692fe.wav,librispeech,C:\Users\Suhaan\Downloads\dev-clean\LibriSpeech\dev-clean\777\126732\777-126732-0068.flac,777,126732,english,16000,16000,1,2.765,-31.64525774098079,-13.074726947765674,0.0,1.0697707693907432e-05,KEEP,ok
620552468b33ee87,clean\english\620552468b33ee87.wav,librispeech,C:\Users\Suhaan\Downloads\dev-clean\LibriSpeech\dev-clean\777\126732\777-126732-0069.flac,777,126732,english,16000,16000,1,4.945,-30.413543036981054,-12.450419052090245,0.0,7.122182523744414e-06,KEEP,ok
93d260442432718d,clean\english\93d260442432718d.wav,librispeech,C:\Users\Suhaan\Downloads\dev-clean\LibriSpeech\dev-clean\777\126732\777-126732-0070.flac,777,126732,english,16000,16000,1,7.315,-31.028730320850833,-12.758116544875477,0.0,1.551275454403367e-05,KEEP,ok
6d798128b573ef1c,clean\english\6d798128b573ef1c.wav,librispeech,C:\Users\Suhaan\Downloads\dev-clean\LibriSpeech\dev-clean\777\126732\777-126732-0071.flac,777,126732,english,16000,16000,1,2.305,-34.49114952114865,-15.91077741522758,0.0,6.504017733277578e-07,KEEP,ok
ce4c19ee441e7c31,clean\english\ce4c19ee441e7c31.wav,librispeech,C:\Users\Suhaan\Downloads\dev-clean\LibriSpeech\dev-clean\777\126732\777-126732-0072.flac,777,126732,english,16000,16000,1,2.71,-29.622560059809206,-9.850538461615587,0.0,8.674564924149308e-06,KEEP,ok
3e9e0f62c4947027,clean\english\3e9e0f62c4947027.wav,librispeech,C:\Users\Suhaan\Downloads\dev-clean\LibriSpeech\dev-clean\777\126732\777-126732-0073.flac,777,126732,english,16000,16000,1,3.8,-31.61208501856563,-13.606606890703365,0.0,6.13262773185852e-06,KEEP,ok
b8915b93928b274a,clean\english\b8915b93928b274a.wav,librispeech,C:\Users\Suhaan\Downloads\dev-clean\LibriSpeech\dev-clean\777\126732\777-126732-0074.flac,777,126732,english,16000,16000,1,3.48,-31.59900137385756,-12.858880712275859,0.0,7.021016017461079e-07,KEEP,ok
b5d0580868e50b46,clean\english\b5d0580868e50b46.wav,librispeech,C:\Users\Suhaan\Downloads\dev-clean\LibriSpeech\dev-clean\777\126732\777-126732-0075.flac,777,126732,english,16000,16000,1,4.495,-30.88894950681621,-13.869562346353504,0.0,4.919219918519957e-06,KEEP,ok
b0c580b783800075,clean\english\b0c580b783800075.wav,librispeech,C:\Users\Suhaan\Downloads\dev-clean\LibriSpeech\dev-clean\777\126732\777-126732-0076.flac,777,126732,english,16000,16000,1,4.26,-32.36565383170794,-13.390921921218709,0.0,9.348694902655552e-07,KEEP,ok
c0e52dbd86b6d4a3,clean\english\c0e52dbd86b6d4a3.wav,librispeech,C:\Users\Suhaan\Downloads\dev-clean\LibriSpeech\dev-clean\777\126732\777-126732-0077.flac,777,126732,english,16000,16000,1,2.405,-30.85853638263937,-15.079463108300324,0.0,1.5076381032486097e-06,KEEP,ok
9a7532b75e670e8d,clean\english\9a7532b75e670e8d.wav,librispeech,C:\Users\Suhaan\Downloads\dev-clean\LibriSpeech\dev-clean\777\126732\777-126732-0078.flac,777,126732,english,16000,16000,1,2.27,-28.439796495064083,-9.671946071281779,0.0,1.3644685168401338e-05,KEEP,ok
5ebefd682680d83e,clean\english\5ebefd682680d83e.wav,librispeech,C:\Users\Suhaan\Downloads\dev-clean\LibriSpeech\dev-clean\777\126732\777-126732-0079.flac,777,126732,english,16000,16000,1,10.04,-29.801640685219787,-11.592809622995702,0.0,1.0543420103203971e-05,KEEP,ok
9cb3a0d6e997536a,clean\english\9cb3a0d6e997536a.wav,librispeech,C:\Users\Suhaan\Downloads\dev-clean\LibriSpeech\dev-clean\777\126732\777-126732-0080.flac,777,126732,english,16000,16000,1,2.535,-31.7416561916913,-16.822800920364816,0.0,5.948520083620679e-06,KEEP,ok
db5120110da444b3,clean\english\db5120110da444b3.wav,librispeech,C:\Users\Suhaan\Downloads\dev-clean\LibriSpeech\dev-clean\777\126732\777-126732-0081.flac,777,126732,english,16000,16000,1,1.505,-33.91177139398296,-17.835744552070267,0.0,6.616789050895022e-06,KEEP,ok
74e8be3be2b7c22d,clean\english\74e8be3be2b7c22d.wav,librispeech,C:\Users\Suhaan\Downloads\dev-clean\LibriSpeech\dev-clean\7850\111771\7850-111771-0000.flac,7850,111771,english,16000,16000,1,7.56,-22.766739631110543,-3.1084969154064086,0.0,1.015486532196519e-06,KEEP,ok
058e6ff1c5a27ac0,clean\english\058e6ff1c5a27ac0.wav,librispeech,C:\Users\Suhaan\Downloads\dev-clean\LibriSpeech\dev-clean\7850\111771\7850-111771-0001.flac,7850,111771,english,16000,16000,1,6.65,-24.38289487224232,-4.972609601011847,0.0,9.138064456237771e-07,KEEP,ok
1deeec10beba1230,clean\english\1deeec10beba1230.wav,librispeech,C:\Users\Suhaan\Downloads\dev-clean\LibriSpeech\dev-clean\7850\111771\7850-111771-0002.flac,7850,111771,english,16000,16000,1,8.32,-25.152990999916923,-5.490529123309257,0.0,2.2697906842950033e-06,KEEP,ok
c6cf38ffd6cd72f2,clean\english\c6cf38ffd6cd72f2.wav,librispeech,C:\Users\Suhaan\Downloads\dev-clean\LibriSpeech\dev-clean\7850\111771\7850-111771-0003.flac,7850,111771,english,16000,16000,1,3.425,-25.279739506062832,-6.145548165851925,0.0,9.200381100527011e-06,KEEP,ok
3ef7da2ccd312f10,clean\english\3ef7da2ccd312f10.wav,librispeech,C:\Users\Suhaan\Downloads\dev-clean\LibriSpeech\dev-clean\7850\111771\7850-111771-0004.flac,7850,111771,english,16000,16000,1,11.0050625,-25.081555193326,-5.5260134020285,0.0,1.0119896387550398e-06,KEEP,ok
75ba124cda17708e,clean\english\75ba124cda17708e.wav,librispeech,C:\Users\Suhaan\Downloads\dev-clean\LibriSpeech\dev-clean\7850\111771\7850-111771-0005.flac,7850,111771,english,16000,16000,1,3.295,-22.429642685457402,-5.129073634216136,0.0,2.9712959985772613e-06,KEEP,ok
9c5bd0ab60370096,clean\english\9c5bd0ab60370096.wav,librispeech,C:\Users\Suhaan\Downloads\dev-clean\LibriSpeech\dev-clean\7850\111771\7850-111771-0006.flac,7850,111771,english,16000,16000,1,3.83,-24.7725698554223,-6.429819138810621,0.0,4.382419760418088e-08,KEEP,ok
42d02c0c45ed3878,clean\english\42d02c0c45ed3878.wav,librispeech,C:\Users\Suhaan\Downloads\dev-clean\LibriSpeech\dev-clean\7850\111771\7850-111771-0007.flac,7850,111771,english,16000,16000,1,10.975,-25.816838174090385,-5.913641806026385,0.0,8.826809789752588e-07,KEEP,ok
ec67e08db31b3b02,clean\english\ec67e08db31b3b02.wav,librispeech,C:\Users\Suhaan\Downloads\dev-clean\LibriSpeech\dev-clean\7850\111771\7850-111771-0008.flac,7850,111771,english,16000,16000,1,6.915,-25.919480364696984,-3.9006719500709677,0.0,1.2889429399365326e-06,KEEP,ok
accdbb03b0bdebd7,clean\english\accdbb03b0bdebd7.wav,librispeech,C:\Users\Suhaan\Downloads\dev-clean\LibriSpeech\dev-clean\7850\111771\7850-111771-0009.flac,7850,111771,english,16000,16000,1,8.3,-25.189898347587253,-3.609876376457322,0.0,2.206090066181332e-08,KEEP,ok
9590ca8b904abfa4,clean\english\9590ca8b904abfa4.wav,librispeech,C:\Users\Suhaan\Downloads\dev-clean\LibriSpeech\dev-clean\7850\281318\7850-281318-0000.flac,7850,281318,english,16000,16000,1,4.175,-25.580135270744915,-7.620356201277563,0.0,8.224669727496803e-06,KEEP,ok
9d82cc580bd77bfe,clean\english\9d82cc580bd77bfe.wav,librispeech,C:\Users\Suhaan\Downloads\dev-clean\LibriSpeech\dev-clean\7850\281318\7850-281318-0001.flac,7850,281318,english,16000,16000,1,4.335,-24.72225884362465,-6.011592126969967,0.0,7.428319804603234e-06,KEEP,ok
0eaa36a2160ef103,clean\english\0eaa36a2160ef103.wav,librispeech,C:\Users\Suhaan\Downloads\dev-clean\LibriSpeech\dev-clean\7850\281318\7850-281318-0002.flac,7850,281318,english,16000,16000,1,4.29,-26.12414865501014,-9.055103232346488,0.0,3.988092430518009e-06,KEEP,ok
0c703beca62cf38b,clean\english\0c703beca62cf38b.wav,librispeech,C:\Users\Suhaan\Downloads\dev-clean\LibriSpeech\dev-clean\7850\281318\7850-281318-0003.flac,7850,281318,english,16000,16000,1,3.205,-22.114984295279527,-6.152542719164204,0.0,6.27848010026355e-07,KEEP,ok
536b29545cafd660,clean\english\536b29545cafd660.wav,librispeech,C:\Users\Suhaan\Downloads\dev-clean\LibriSpeech\dev-clean\7850\281318\7850-281318-0004.flac,7850,281318,english,16000,16000,1,8.345,-23.354943563853393,-2.6737050588518723,0.0,5.287092790240422e-06,KEEP,ok
23afc84dae28c847,clean\english\23afc84dae28c847.wav,librispeech,C:\Users\Suhaan\Downloads\dev-clean\LibriSpeech\dev-clean\7850\281318\7850-281318-0005.flac,7850,281318,english,16000,16000,1,2.27,-24.851974752028163,-6.79644341185074,0.0,2.7803596367448336e-06,KEEP,ok
9884446801b706fd,clean\english\9884446801b706fd.wav,librispeech,C:\Users\Suhaan\Downloads\dev-clean\LibriSpeech\dev-clean\7850\281318\7850-281318-0006.flac,7850,281318,english,16000,16000,1,7.54,-25.772744016521344,-6.920212719615536,0.0,2.973086111524026e-06,KEEP,ok
e1857d5d91cfe083,clean\english\e1857d5d91cfe083.wav,librispeech,C:\Users\Suhaan\Downloads\dev-clean\LibriSpeech\dev-clean\7850\281318\7850-281318-0007.flac,7850,281318,english,16000,16000,1,4.31,-25.645649511770642,-7.499466362591688,0.0,5.252953201306809e-07,KEEP,ok
09e0a68fee977236,clean\english\09e0a68fee977236.wav,librispeech,C:\Users\Suhaan\Downloads\dev-clean\LibriSpeech\dev-clean\7850\281318\7850-281318-0008.flac,7850,281318,english,16000,16000,1,6.11,-23.085597151431738,-3.9039952614656883,0.0,1.5555349364149151e-06,KEEP,ok
564976cd72ecb7aa,clean\english\564976cd72ecb7aa.wav,librispeech,C:\Users\Suhaan\Downloads\dev-clean\LibriSpeech\dev-clean\7850\281318\7850-281318-0009.flac,7850,281318,english,16000,16000,1,8.705,-25.068175335955992,-4.3023073391477595,0.0,5.328086899680784e-06,KEEP,ok
64fc4c76025b6fd6,clean\english\64fc4c76025b6fd6.wav,librispeech,C:\Users\Suhaan\Downloads\dev-clean\LibriSpeech\dev-clean\7850\281318\7850-281318-0010.flac,7850,281318,english,16000,16000,1,12.06,-24.865051308982878,-7.114046488708902,0.0,4.654183612728957e-06,KEEP,ok
7e725a348fb76d5a,clean\english\7e725a348fb76d5a.wav,librispeech,C:\Users\Suhaan\Downloads\dev-clean\LibriSpeech\dev-clean\7850\281318\7850-281318-0011.flac,7850,281318,english,16000,16000,1,7.535,-27.308288817614404,-7.4505775488820625,0.0,9.565853815729497e-07,KEEP,ok
c68511887e5a7afd,clean\english\c68511887e5a7afd.wav,librispeech,C:\Users\Suhaan\Downloads\dev-clean\LibriSpeech\dev-clean\7850\281318\7850-281318-0012.flac,7850,281318,english,16000,16000,1,4.275,-27.335202752420138,-10.666288803118968,0.0,1.603422060725279e-05,KEEP,ok
d460471b53ca03b6,clean\english\d460471b53ca03b6.wav,librispeech,C:\Users\Suhaan\Downloads\dev-clean\LibriSpeech\dev-clean\7850\281318\7850-281318-0013.flac,7850,281318,english,16000,16000,1,6.04,-25.8209363502911,-8.536355862267984,0.0,9.4893749746916e-07,KEEP,ok
f1d41a6fc58794aa,clean\english\f1d41a6fc58794aa.wav,librispeech,C:\Users\Suhaan\Downloads\dev-clean\LibriSpeech\dev-clean\7850\281318\7850-281318-0014.flac,7850,281318,english,16000,16000,1,7.965,-25.878034295608572,-4.395897710542641,0.0,1.4382342214958044e-06,KEEP,ok
2a3e69cd1ea40410,clean\english\2a3e69cd1ea40410.wav,librispeech,C:\Users\Suhaan\Downloads\dev-clean\LibriSpeech\dev-clean\7850\281318\7850-281318-0015.flac,7850,281318,english,16000,16000,1,2.88,-22.66430077426831,-5.887498366959935,0.0,8.013513479454559e-07,KEEP,ok
f12f59a36c4aa282,clean\english\f12f59a36c4aa282.wav,librispeech,C:\Users\Suhaan\Downloads\dev-clean\LibriSpeech\dev-clean\7850\281318\7850-281318-0016.flac,7850,281318,english,16000,16000,1,3.305,-21.645524190522494,-3.9862355729979915,0.0,2.7845558179251384e-06,KEEP,ok
3346e931568c08f6,clean\english\3346e931568c08f6.wav,librispeech,C:\Users\Suhaan\Downloads\dev-clean\LibriSpeech\dev-clean\7850\281318\7850-281318-0017.flac,7850,281318,english,16000,16000,1,8.71,-23.495778571052792,-5.384445143848061,0.0,2.632184816775407e-07,KEEP,ok
c6a302e32fb5272c,clean\english\c6a302e32fb5272c.wav,librispeech,C:\Users\Suhaan\Downloads\dev-clean\LibriSpeech\dev-clean\7850\281318\7850-281318-0018.flac,7850,281318,english,16000,16000,1,4.72,-24.43829783429728,-3.02623712594233,0.0,7.060826646920759e-06,KEEP,ok
58a7126b2c094e82,clean\english\58a7126b2c094e82.wav,librispeech,C:\Users\Suhaan\Downloads\dev-clean\LibriSpeech\dev-clean\7850\281318\7850-281318-0019.flac,7850,281318,english,16000,16000,1,5.485,-21.099924850159386,-1.8808691910260544,0.0,5.827758741361322e-06,KEEP,ok
13722380620f05f2,clean\english\13722380620f05f2.wav,librispeech,C:\Users\Suhaan\Downloads\dev-clean\LibriSpeech\dev-clean\7850\281318\7850-281318-0020.flac,7850,281318,english,16000,16000,1,2.1749375,-23.717729304424346,-2.565831133740094,0.0,1.9551103832782246e-05,KEEP,ok
1575300d8361658d,clean\english\1575300d8361658d.wav,librispeech,C:\Users\Suhaan\Downloads\dev-clean\LibriSpeech\dev-clean\7850\281318\7850-281318-0021.flac,7850,281318,english,16000,16000,1,7.8650625,-25.629924310625395,-7.553690298047514,0.0,1.620930333956494e-06,KEEP,ok
652f47505264ecf8,clean\english\652f47505264ecf8.wav,librispeech,C:\Users\Suhaan\Downloads\dev-clean\LibriSpeech\dev-clean\7850\281318\7850-281318-0022.flac,7850,281318,english,16000,16000,1,3.85,-25.22922399875322,-7.5000949322368635,0.0,5.836982381879352e-06,KEEP,ok
8c25ebead561209b,clean\english\8c25ebead561209b.wav,librispeech,C:\Users\Suhaan\Downloads\dev-clean\LibriSpeech\dev-clean\7850\281318\7850-281318-0023.flac,7850,281318,english,16000,16000,1,5.21,-24.27904802676511,-5.68317577082737,0.0,8.84519158717012e-06,KEEP,ok
2adcfaf9ca7430a8,clean\english\2adcfaf9ca7430a8.wav,librispeech,C:\Users\Suhaan\Downloads\dev-clean\LibriSpeech\dev-clean\7850\286674\7850-286674-0000.flac,7850,286674,english,16000,16000,1,8.455,-19.94666114849777,-3.1873337162484905,0.0,2.642991830725805e-06,KEEP,ok
6df739a4cd0e3859,clean\english\6df739a4cd0e3859.wav,librispeech,C:\Users\Suhaan\Downloads\dev-clean\LibriSpeech\dev-clean\7850\286674\7850-286674-0001.flac,7850,286674,english,16000,16000,1,2.85,-25.578162463799718,-6.988096942169855,0.0,8.218330549425445e-06,KEEP,ok
26efa833aca12a3d,clean\english\26efa833aca12a3d.wav,librispeech,C:\Users\Suhaan\Downloads\dev-clean\LibriSpeech\dev-clean\7850\286674\7850-286674-0002.flac,7850,286674,english,16000,16000,1,5.71,-24.910968937287944,-8.402821471486735,0.0,8.508578503096942e-06,KEEP,ok
5a3c6653494de8dc,clean\english\5a3c6653494de8dc.wav,librispeech,C:\Users\Suhaan\Downloads\dev-clean\LibriSpeech\dev-clean\7850\286674\7850-286674-0003.flac,7850,286674,english,16000,16000,1,6.22,-26.672431352137288,-7.903444292406984,0.0,3.680078862089431e-06,KEEP,ok
14df263760dd73e1,clean\english\14df263760dd73e1.wav,librispeech,C:\Users\Suhaan\Downloads\dev-clean\LibriSpeech\dev-clean\7850\286674\7850-286674-0004.flac,7850,286674,english,16000,16000,1,8.02,-27.45392650628476,-8.600332750854566,0.0,3.779023529659753e-07,KEEP,ok
c350cd48294a2160,clean\english\c350cd48294a2160.wav,librispeech,C:\Users\Suhaan\Downloads\dev-clean\LibriSpeech\dev-clean\7850\286674\7850-286674-0005.flac,7850,286674,english,16000,16000,1,7.7,-29.702124008092532,-9.77179897950313,0.0,1.55931945755583e-06,KEEP,ok
8be7a17cfe49a4d2,clean\english\8be7a17cfe49a4d2.wav,librispeech,C:\Users\Suhaan\Downloads\dev-clean\LibriSpeech\dev-clean\7850\286674\7850-286674-0006.flac,7850,286674,english,16000,16000,1,3.3,-28.8923400324733,-11.759538279288842,0.0,2.29459814704569e-07,KEEP,ok
e0b51c7d84fb7910,clean\english\e0b51c7d84fb7910.wav,librispeech,C:\Users\Suhaan\Downloads\dev-clean\LibriSpeech\dev-clean\7850\286674\7850-286674-0007.flac,7850,286674,english,16000,16000,1,3.455,-24.22214985667467,-7.117053339446191,0.0,8.827352758089546e-06,KEEP,ok
5d23458c5ad7b124,clean\english\5d23458c5ad7b124.wav,librispeech,C:\Users\Suhaan\Downloads\dev-clean\LibriSpeech\dev-clean\7850\286674\7850-286674-0008.flac,7850,286674,english,16000,16000,1,2.75,-27.386407351005747,-11.61801974587142,0.0,2.6196566977887414e-06,KEEP,ok
4af262f88389e669,clean\english\4af262f88389e669.wav,librispeech,C:\Users\Suhaan\Downloads\dev-clean\LibriSpeech\dev-clean\7850\286674\7850-286674-0009.flac,7850,286674,english,16000,16000,1,7.19,-25.204357956165463,-7.435590029791147,0.0,4.934966000291752e-06,KEEP,ok
e2b942e8b7588169,clean\english\e2b942e8b7588169.wav,librispeech,C:\Users\Suhaan\Downloads\dev-clean\LibriSpeech\dev-clean\7850\286674\7850-286674-0010.flac,7850,286674,english,16000,16000,1,12.855,-25.12203501318,-6.342456344724804,0.0,5.6100234360201284e-06,KEEP,ok
68adbe0dcafa1374,clean\english\68adbe0dcafa1374.wav,librispeech,C:\Users\Suhaan\Downloads\dev-clean\LibriSpeech\dev-clean\7850\286674\7850-286674-0011.flac,7850,286674,english,16000,16000,1,9.15,-27.279748884767628,-7.40507057691072,0.0,3.0031881124159554e-06,KEEP,ok
529d8716745eb357,clean\english\529d8716745eb357.wav,librispeech,C:\Users\Suhaan\Downloads\dev-clean\LibriSpeech\dev-clean\7850\286674\7850-286674-0012.flac,7850,286674,english,16000,16000,1,4.02,-35.04022117841704,-16.02911334598148,0.0,8.989210982690565e-06,KEEP,ok
75a560b7523694b3,clean\english\75a560b7523694b3.wav,librispeech,C:\Users\Suhaan\Downloads\dev-clean\LibriSpeech\dev-clean\7850\286674\7850-286674-0013.flac,7850,286674,english,16000,16000,1,2.345,-33.5404436289243,-17.40841740477151,0.0,1.504731272916615e-07,KEEP,ok
71eb5c1304e36677,clean\english\71eb5c1304e36677.wav,librispeech,C:\Users\Suhaan\Downloads\dev-clean\LibriSpeech\dev-clean\7850\286674\7850-286674-0014.flac,7850,286674,english,16000,16000,1,7.78,-27.109516718175662,-9.061872337485603,0.0,6.435462864828878e-07,KEEP,ok
afe863929a183522,clean\english\afe863929a183522.wav,librispeech,C:\Users\Suhaan\Downloads\dev-clean\LibriSpeech\dev-clean\7850\286674\7850-286674-0015.flac,7850,286674,english,16000,16000,1,3.53,-26.261015924221756,-8.976517679525834,0.0,1.0868105164263397e-05,KEEP,ok
2ba216212a579fb3,clean\english\2ba216212a579fb3.wav,librispeech,C:\Users\Suhaan\Downloads\dev-clean\LibriSpeech\dev-clean\7850\286674\7850-286674-0016.flac,7850,286674,english,16000,16000,1,11.145,-25.68037979693814,-7.005299665874224,0.0,4.671592250815593e-06,KEEP,ok
03df5dfa13d4a99a,clean\english\03df5dfa13d4a99a.wav,librispeech,C:\Users\Suhaan\Downloads\dev-clean\LibriSpeech\dev-clean\7850\286674\7850-286674-0017.flac,7850,286674,english,16000,16000,1,2.745,-26.81662553712262,-8.491850779563684,0.0,1.4477783224720042e-05,KEEP,ok
5a9479cbaa035add,clean\english\5a9479cbaa035add.wav,librispeech,C:\Users\Suhaan\Downloads\dev-clean\LibriSpeech\dev-clean\7850\73752\7850-73752-0000.flac,7850,73752,english,16000,16000,1,3.155,-23.226908427406467,-5.21658721299381,0.0,4.400504167278996e-06,KEEP,ok
46c40cf2fe03669d,clean\english\46c40cf2fe03669d.wav,librispeech,C:\Users\Suhaan\Downloads\dev-clean\LibriSpeech\dev-clean\7850\73752\7850-73752-0001.flac,7850,73752,english,16000,16000,1,8.07,-20.724291986260464,-4.135149855169217,0.0,2.9936156806797953e-06,KEEP,ok
cff435e0160ad34a,clean\english\cff435e0160ad34a.wav,librispeech,C:\Users\Suhaan\Downloads\dev-clean\LibriSpeech\dev-clean\7850\73752\7850-73752-0002.flac,7850,73752,english,16000,16000,1,9.11,-23.918992710422554,-3.1911604365668267,0.0,1.7723058363117161e-06,KEEP,ok
6597bacc2fab8751,clean\english\6597bacc2fab8751.wav,librispeech,C:\Users\Suhaan\Downloads\dev-clean\LibriSpeech\dev-clean\7850\73752\7850-73752-0003.flac,7850,73752,english,16000,16000,1,28.945,-24.68755352917662,-2.586513531188124,0.0,2.850973942258861e-06,KEEP,ok
977748ffd9398d2f,clean\english\977748ffd9398d2f.wav,librispeech,C:\Users\Suhaan\Downloads\dev-clean\LibriSpeech\dev-clean\7850\73752\7850-73752-0004.flac,7850,73752,english,16000,16000,1,3.865,-23.355668927516465,-3.3807655206131404,0.0,5.953000254521612e-06,KEEP,ok
63c3d694bc2d1bf0,clean\english\63c3d694bc2d1bf0.wav,librispeech,C:\Users\Suhaan\Downloads\dev-clean\LibriSpeech\dev-clean\7850\73752\7850-73752-0005.flac,7850,73752,english,16000,16000,1,2.14,-25.053863717676638,-8.90528497162676,0.0,1.2166032320237719e-05,KEEP,ok
6c07c5b4f4e93067,clean\english\6c07c5b4f4e93067.wav,librispeech,C:\Users\Suhaan\Downloads\dev-clean\LibriSpeech\dev-clean\7850\73752\7850-73752-0006.flac,7850,73752,english,16000,16000,1,10.075,-24.355523175052582,-2.100540559846797,0.0,6.068113634682959e-06,KEEP,ok
eb83379bba571128,clean\english\eb83379bba571128.wav,librispeech,C:\Users\Suhaan\Downloads\dev-clean\LibriSpeech\dev-clean\7850\73752\7850-73752-0007.flac,7850,73752,english,16000,16000,1,10.275,-26.3366216393699,-7.906078575432125,0.0,3.0944528361942503e-07,KEEP,ok
67c76b9a00940dd6,clean\english\67c76b9a00940dd6.wav,librispeech,C:\Users\Suhaan\Downloads\dev-clean\LibriSpeech\dev-clean\7850\73752\7850-73752-0008.flac,7850,73752,english,16000,16000,1,10.61,-23.233635193614788,-3.1548744835015112,0.0,9.19680041988613e-06,KEEP,ok
b9220528097fcd0b,clean\english\b9220528097fcd0b.wav,librispeech,C:\Users\Suhaan\Downloads\dev-clean\LibriSpeech\dev-clean\7850\73752\7850-73752-0009.flac,7850,73752,english,16000,16000,1,7.345,-24.114807921763397,-6.325967275092582,0.0,3.292740871074784e-07,KEEP,ok
8c2655704b789f69,clean\english\8c2655704b789f69.wav,librispeech,C:\Users\Suhaan\Downloads\dev-clean\LibriSpeech\dev-clean\7850\73752\7850-73752-0010.flac,7850,73752,english,16000,16000,1,14.04,-23.861534846584508,-2.4945346102179617,0.0,4.4844429680779285e-07,KEEP,ok
66fefb4b5da7ab8a,clean\english\66fefb4b5da7ab8a.wav,librispeech,C:\Users\Suhaan\Downloads\dev-clean\LibriSpeech\dev-clean\7850\73752\7850-73752-0011.flac,7850,73752,english,16000,16000,1,2.96,-23.31668793103342,-3.7806427881065803,0.0,2.3313471047003986e-06,KEEP,ok
930fcf6974409611,clean\english\930fcf6974409611.wav,librispeech,C:\Users\Suhaan\Downloads\dev-clean\LibriSpeech\dev-clean\7850\73752\7850-73752-0012.flac,7850,73752,english,16000,16000,1,4.38,-23.190653840944144,-2.2510525280661837,0.0,1.6916179447434843e-05,KEEP,ok
4a188d2538cd4c6c,clean\english\4a188d2538cd4c6c.wav,librispeech,C:\Users\Suhaan\Downloads\dev-clean\LibriSpeech\dev-clean\7850\73752\7850-73752-0013.flac,7850,73752,english,16000,16000,1,2.58,-25.0696527722452,-7.232091897575058,0.0,1.945051963048172e-06,KEEP,ok
c1fc280fc0410f86,clean\english\c1fc280fc0410f86.wav,librispeech,C:\Users\Suhaan\Downloads\dev-clean\LibriSpeech\dev-clean\7850\73752\7850-73752-0014.flac,7850,73752,english,16000,16000,1,2.475,-22.509555902361825,-7.291414873809576,0.0,7.2787506724125706e-06,KEEP,ok
546d945cd408f320,clean\english\546d945cd408f320.wav,librispeech,C:\Users\Suhaan\Downloads\dev-clean\LibriSpeech\dev-clean\7850\73752\7850-73752-0015.flac,7850,73752,english,16000,16000,1,7.675,-24.64957639105165,-5.32356363773234,0.0,8.81182677403558e-06,KEEP,ok
7c07df442f3289bb,clean\english\7c07df442f3289bb.wav,librispeech,C:\Users\Suhaan\Downloads\dev-clean\LibriSpeech\dev-clean\7850\73752\7850-73752-0016.flac,7850,73752,english,16000,16000,1,3.59,-24.59035718316613,-2.2099309474694744,0.0,1.3319562413016683e-06,KEEP,ok
94c0076f66953ec8,clean\english\94c0076f66953ec8.wav,librispeech,C:\Users\Suhaan\Downloads\dev-clean\LibriSpeech\dev-clean\7850\73752\7850-73752-0017.flac,7850,73752,english,16000,16000,1,5.97,-22.5254733553642,-3.297061402621706,0.0,7.152716989367036e-06,KEEP,ok
4b4f9eea85d616c9,clean\english\4b4f9eea85d616c9.wav,librispeech,C:\Users\Suhaan\Downloads\dev-clean\LibriSpeech\dev-clean\7850\73752\7850-73752-0018.flac,7850,73752,english,16000,16000,1,28.4,-23.8368520596469,-1.9363449521130491,0.0,9.039757742357324e-07,KEEP,ok
dbdee073cca17a06,clean\english\dbdee073cca17a06.wav,librispeech,C:\Users\Suhaan\Downloads\dev-clean\LibriSpeech\dev-clean\7850\73752\7850-73752-0019.flac,7850,73752,english,16000,16000,1,3.075,-23.546710896649632,-4.983894253241341,0.0,1.3410366364041693e-06,KEEP,ok
041612b2a9193e51,clean\english\041612b2a9193e51.wav,librispeech,C:\Users\Suhaan\Downloads\dev-clean\LibriSpeech\dev-clean\7976\105575\7976-105575-0000.flac,7976,105575,english,16000,16000,1,9.16,-25.043200028756424,-7.5013522080063115,0.0,6.525797857648286e-07,KEEP,ok
aa8aa569dafb3952,clean\english\aa8aa569dafb3952.wav,librispeech,C:\Users\Suhaan\Downloads\dev-clean\LibriSpeech\dev-clean\7976\105575\7976-105575-0001.flac,7976,105575,english,16000,16000,1,2.8,-24.304998147449197,-7.269350790044879,0.0,3.099441414633475e-07,KEEP,ok
7220d12a49022446,clean\english\7220d12a49022446.wav,librispeech,C:\Users\Suhaan\Downloads\dev-clean\LibriSpeech\dev-clean\7976\105575\7976-105575-0002.flac,7976,105575,english,16000,16000,1,3.045,-24.039753934909424,-6.383263723016843,0.0,1.5841328604437876e-06,KEEP,ok
6c959da0acd4f666,clean\english\6c959da0acd4f666.wav,librispeech,C:\Users\Suhaan\Downloads\dev-clean\LibriSpeech\dev-clean\7976\105575\7976-105575-0003.flac,7976,105575,english,16000,16000,1,9.175,-23.342358255644324,-6.281056212785328,0.0,1.6061226233432535e-06,KEEP,ok
c18fc2d53c31415d,clean\english\c18fc2d53c31415d.wav,librispeech,C:\Users\Suhaan\Downloads\dev-clean\LibriSpeech\dev-clean\7976\105575\7976-105575-0004.flac,7976,105575,english,16000,16000,1,6.015,-22.4602421238368,-6.34961134087092,0.0,7.274243785104773e-07,KEEP,ok
0e17f8c9d2c7c30c,clean\english\0e17f8c9d2c7c30c.wav,librispeech,C:\Users\Suhaan\Downloads\dev-clean\LibriSpeech\dev-clean\7976\105575\7976-105575-0005.flac,7976,105575,english,16000,16000,1,5.56,-21.712274280825255,-6.3507126328259975,0.0,1.307700131292222e-06,KEEP,ok
7ccbeb2fb6b99f90,clean\english\7ccbeb2fb6b99f90.wav,librispeech,C:\Users\Suhaan\Downloads\dev-clean\LibriSpeech\dev-clean\7976\105575\7976-105575-0006.flac,7976,105575,english,16000,16000,1,9.4,-23.062650211877468,-6.343006519840621,0.0,1.3479273093253141e-06,KEEP,ok
0c9b7e46d7f7c3b8,clean\english\0c9b7e46d7f7c3b8.wav,librispeech,C:\Users\Suhaan\Downloads\dev-clean\LibriSpeech\dev-clean\7976\105575\7976-105575-0007.flac,7976,105575,english,16000,16000,1,6.48,-25.016156660008157,-6.188140677343922,0.0,3.496805902614142e-07,KEEP,ok
b6b0fb4438b9dabc,clean\english\b6b0fb4438b9dabc.wav,librispeech,C:\Users\Suhaan\Downloads\dev-clean\LibriSpeech\dev-clean\7976\105575\7976-105575-0008.flac,7976,105575,english,16000,16000,1,7.19,-24.231699180669146,-6.432042299723209,0.0,9.343090141555876e-07,KEEP,ok
dcee4562dfa85c79,clean\english\dcee4562dfa85c79.wav,librispeech,C:\Users\Suhaan\Downloads\dev-clean\LibriSpeech\dev-clean\7976\105575\7976-105575-0009.flac,7976,105575,english,16000,16000,1,4.045,-26.15059016358531,-6.278325230326716,0.0,1.812570644688094e-06,KEEP,ok
636d4eecf3a5eb40,clean\english\636d4eecf3a5eb40.wav,librispeech,C:\Users\Suhaan\Downloads\dev-clean\LibriSpeech\dev-clean\7976\105575\7976-105575-0010.flac,7976,105575,english,16000,16000,1,4.525,-24.611557128638758,-7.501980914143756,0.0,1.358116492156114e-06,KEEP,ok
fc580afc7236f544,clean\english\fc580afc7236f544.wav,librispeech,C:\Users\Suhaan\Downloads\dev-clean\LibriSpeech\dev-clean\7976\105575\7976-105575-0011.flac,7976,105575,english,16000,16000,1,6.425,-24.672566672667994,-6.395432710044393,0.0,6.896141258039279e-07,KEEP,ok
4bbccff5a9cda2c2,clean\english\4bbccff5a9cda2c2.wav,librispeech,C:\Users\Suhaan\Downloads\dev-clean\LibriSpeech\dev-clean\7976\105575\7976-105575-0012.flac,7976,105575,english,16000,16000,1,5.155,-23.528482310976486,-6.160620362858117,0.0,2.0967884211131604e-06,KEEP,ok
572e478aecce8398,clean\english\572e478aecce8398.wav,librispeech,C:\Users\Suhaan\Downloads\dev-clean\LibriSpeech\dev-clean\7976\105575\7976-105575-0013.flac,7976,105575,english,16000,16000,1,10.025,-23.05594528369432,-6.3562211880829675,0.0,1.706815396573802e-06,KEEP,ok
61a9dd00a6e4fae0,clean\english\61a9dd00a6e4fae0.wav,librispeech,C:\Users\Suhaan\Downloads\dev-clean\LibriSpeech\dev-clean\7976\105575\7976-105575-0014.flac,7976,105575,english,16000,16000,1,7.49,-24.784938187734493,-6.214664151184685,0.0,2.7222372409596574e-06,KEEP,ok
a4a6ebe9951a3a61,clean\english\a4a6ebe9951a3a61.wav,librispeech,C:\Users\Suhaan\Downloads\dev-clean\LibriSpeech\dev-clean\7976\105575\7976-105575-0015.flac,7976,105575,english,16000,16000,1,7.355,-23.291731359176705,-6.285974146089156,0.0,2.1096234377182554e-06,KEEP,ok
9e12f8812a0a4590,clean\english\9e12f8812a0a4590.wav,librispeech,C:\Users\Suhaan\Downloads\dev-clean\LibriSpeech\dev-clean\7976\105575\7976-105575-0016.flac,7976,105575,english,16000,16000,1,10.205,-24.75016492369884,-6.549001251097652,0.0,3.0196104034985183e-06,KEEP,ok
020c3420900da717,clean\english\020c3420900da717.wav,librispeech,C:\Users\Suhaan\Downloads\dev-clean\LibriSpeech\dev-clean\7976\105575\7976-105575-0017.flac,7976,105575,english,16000,16000,1,1.935,-24.99780264227049,-6.287614076168239,0.0,6.760983978892909e-06,KEEP,ok
b318e37ceee28d37,clean\english\b318e37ceee28d37.wav,librispeech,C:\Users\Suhaan\Downloads\dev-clean\LibriSpeech\dev-clean\7976\105575\7976-105575-0018.flac,7976,105575,english,16000,16000,1,4.29,-25.159550531264316,-6.3628360691323085,0.0,1.9784852156590205e-07,KEEP,ok
0937d052a4f441d7,clean\english\0937d052a4f441d7.wav,librispeech,C:\Users\Suhaan\Downloads\dev-clean\LibriSpeech\dev-clean\7976\105575\7976-105575-0019.flac,7976,105575,english,16000,16000,1,5.225,-25.627746199060635,-7.591087187913974,0.0,1.8117074205292738e-06,KEEP,ok
20a0c57c16743cee,clean\english\20a0c57c16743cee.wav,librispeech,C:\Users\Suhaan\Downloads\dev-clean\LibriSpeech\dev-clean\7976\105575\7976-105575-0020.flac,7976,105575,english,16000,16000,1,2.09,-24.890903558351933,-6.2244278450551676,0.0,1.2584850992425345e-06,KEEP,ok
8c41ab58c33c562b,clean\english\8c41ab58c33c562b.wav,librispeech,C:\Users\Suhaan\Downloads\dev-clean\LibriSpeech\dev-clean\7976\105575\7976-105575-0021.flac,7976,105575,english,16000,16000,1,4.655,-22.409016243100332,-6.223342448035565,0.0,2.642835283950262e-07,KEEP,ok
0b94a840a6ae1252,clean\english\0b94a840a6ae1252.wav,librispeech,C:\Users\Suhaan\Downloads\dev-clean\LibriSpeech\dev-clean\7976\105575\7976-105575-0022.flac,7976,105575,english,16000,16000,1,5.38,-23.929822409822023,-6.24181266874836,0.0,2.860313998098718e-06,KEEP,ok
bba171116d3ea09e,clean\english\bba171116d3ea09e.wav,librispeech,C:\Users\Suhaan\Downloads\dev-clean\LibriSpeech\dev-clean\7976\105575\7976-105575-0023.flac,7976,105575,english,16000,16000,1,4.78,-23.744368896788547,-6.368904138733443,0.0,4.4036610233888496e-06,KEEP,ok
db51fb5aae916df0,clean\english\db51fb5aae916df0.wav,librispeech,C:\Users\Suhaan\Downloads\dev-clean\LibriSpeech\dev-clean\7976\105575\7976-105575-0024.flac,7976,105575,english,16000,16000,1,6.135,-24.079865653517388,-6.369455991691987,0.0,2.635467808431713e-06,KEEP,ok
cd87445c6347a42a,clean\english\cd87445c6347a42a.wav,librispeech,C:\Users\Suhaan\Downloads\dev-clean\LibriSpeech\dev-clean\7976\105575\7976-105575-0025.flac,7976,105575,english,16000,16000,1,5.235,-25.163033104528495,-6.178957547420648,0.0,4.153538668560941e-07,KEEP,ok
9e63bb687779cad1,clean\english\9e63bb687779cad1.wav,librispeech,C:\Users\Suhaan\Downloads\dev-clean\LibriSpeech\dev-clean\7976\105575\7976-105575-0026.flac,7976,105575,english,16000,16000,1,3.55,-26.447351005739137,-9.2328375007812,0.0,1.3222493180364836e-06,KEEP,ok
c102a952a3271caa,clean\english\c102a952a3271caa.wav,librispeech,C:\Users\Suhaan\Downloads\dev-clean\LibriSpeech\dev-clean\7976\105575\7976-105575-0027.flac,7976,105575,english,16000,16000,1,6.675,-24.896660784135296,-6.41649210951707,0.0,4.357613079264411e-07,KEEP,ok
2748c47a4ebed4a0,clean\english\2748c47a4ebed4a0.wav,librispeech,C:\Users\Suhaan\Downloads\dev-clean\LibriSpeech\dev-clean\7976\105575\7976-105575-0028.flac,7976,105575,english,16000,16000,1,3.87,-24.44063960967472,-6.2407250972653046,0.0,1.9181914012733614e-06,KEEP,ok
f05dfbf6d262f51e,clean\english\f05dfbf6d262f51e.wav,librispeech,C:\Users\Suhaan\Downloads\dev-clean\LibriSpeech\dev-clean\7976\105575\7976-105575-0029.flac,7976,105575,english,16000,16000,1,11.79,-23.671516048797034,-6.247796747275141,0.0,1.3328791510502924e-06,KEEP,ok
afa80f24df367cd2,clean\english\afa80f24df367cd2.wav,librispeech,C:\Users\Suhaan\Downloads\dev-clean\LibriSpeech\dev-clean\7976\110124\7976-110124-0000.flac,7976,110124,english,16000,16000,1,3.5499375,-24.102959470422995,-7.08103964827842,0.0,6.597930450880085e-07,KEEP,ok
403bc0733801a76e,clean\english\403bc0733801a76e.wav,librispeech,C:\Users\Suhaan\Downloads\dev-clean\LibriSpeech\dev-clean\7976\110124\7976-110124-0001.flac,7976,110124,english,16000,16000,1,7.3500625,-25.58104038645997,-9.56844110407886,0.0,1.5318344139814144e-06,KEEP,ok
5ef2ec3a210374b1,clean\english\5ef2ec3a210374b1.wav,librispeech,C:\Users\Suhaan\Downloads\dev-clean\LibriSpeech\dev-clean\7976\110124\7976-110124-0002.flac,7976,110124,english,16000,16000,1,7.845,-24.253793802063043,-7.480630393872606,0.0,2.9734701456618495e-06,KEEP,ok
622eaf9a8cfb303d,clean\english\622eaf9a8cfb303d.wav,librispeech,C:\Users\Suhaan\Downloads\dev-clean\LibriSpeech\dev-clean\7976\110124\7976-110124-0003.flac,7976,110124,english,16000,16000,1,9.23,-26.357146056453118,-7.140542567496708,0.0,7.89596867889486e-07,KEEP,ok
9ab49317b598def0,clean\english\9ab49317b598def0.wav,librispeech,C:\Users\Suhaan\Downloads\dev-clean\LibriSpeech\dev-clean\7976\110124\7976-110124-0004.flac,7976,110124,english,16000,16000,1,4.735,-23.93156373493302,-5.80384716071238,0.0,9.989914673269595e-08,KEEP,ok
24c3fad61afffd5f,clean\english\24c3fad61afffd5f.wav,librispeech,C:\Users\Suhaan\Downloads\dev-clean\LibriSpeech\dev-clean\7976\110124\7976-110124-0005.flac,7976,110124,english,16000,16000,1,5.21,-23.47750552874155,-7.60189251101886,0.0,2.544351787037158e-07,KEEP,ok
588413a0ee97855b,clean\english\588413a0ee97855b.wav,librispeech,C:\Users\Suhaan\Downloads\dev-clean\LibriSpeech\dev-clean\7976\110124\7976-110124-0006.flac,7976,110124,english,16000,16000,1,10.62,-25.76688355284165,-5.003677741446808,0.0,1.6659666925988859e-06,KEEP,ok
00203276262b9ea2,clean\english\00203276262b9ea2.wav,librispeech,C:\Users\Suhaan\Downloads\dev-clean\LibriSpeech\dev-clean\7976\110124\7976-110124-0007.flac,7976,110124,english,16000,16000,1,2.74,-20.865325211857098,-4.849436517720673,0.0,2.480249349900987e-06,KEEP,ok
6e32eb466d717ea7,clean\english\6e32eb466d717ea7.wav,librispeech,C:\Users\Suhaan\Downloads\dev-clean\LibriSpeech\dev-clean\7976\110124\7976-110124-0008.flac,7976,110124,english,16000,16000,1,5.295,-24.169250506603845,-5.345608433058152,0.0,2.6616428385750623e-06,KEEP,ok
bbc56f234b6b6bdd,clean\english\bbc56f234b6b6bdd.wav,librispeech,C:\Users\Suhaan\Downloads\dev-clean\LibriSpeech\dev-clean\7976\110124\7976-110124-0009.flac,7976,110124,english,16000,16000,1,4.81,-22.15268739027907,-3.9494025239635224,0.0,1.2490951917243365e-07,KEEP,ok
d6037eea882efa8a,clean\english\d6037eea882efa8a.wav,librispeech,C:\Users\Suhaan\Downloads\dev-clean\LibriSpeech\dev-clean\7976\110124\7976-110124-0010.flac,7976,110124,english,16000,16000,1,6.61,-25.677411777702034,-7.785720923077583,0.0,2.1425209979497595e-06,KEEP,ok
b6797ff43a711282,clean\english\b6797ff43a711282.wav,librispeech,C:\Users\Suhaan\Downloads\dev-clean\LibriSpeech\dev-clean\7976\110124\7976-110124-0011.flac,7976,110124,english,16000,16000,1,5.47,-26.854921161405727,-6.807464275670155,0.0,6.973852464398078e-07,KEEP,ok
522e121019b1483b,clean\english\522e121019b1483b.wav,librispeech,C:\Users\Suhaan\Downloads\dev-clean\LibriSpeech\dev-clean\7976\110124\7976-110124-0012.flac,7976,110124,english,16000,16000,1,8.295,-25.231926741126266,-4.873560138481765,0.0,3.9275973904295824e-06,KEEP,ok
d0febaca8e0252ad,clean\english\d0febaca8e0252ad.wav,librispeech,C:\Users\Suhaan\Downloads\dev-clean\LibriSpeech\dev-clean\7976\110124\7976-110124-0013.flac,7976,110124,english,16000,16000,1,6.555,-25.595991207873553,-7.516453729581607,0.0,5.338539267540909e-06,KEEP,ok
8377c2ab9b4849a3,clean\english\8377c2ab9b4849a3.wav,librispeech,C:\Users\Suhaan\Downloads\dev-clean\LibriSpeech\dev-clean\7976\110124\7976-110124-0014.flac,7976,110124,english,16000,16000,1,5.21,-26.80472784876802,-8.87135855307185,0.0,9.705146339911153e-07,KEEP,ok
e7a87c614188564c,clean\english\e7a87c614188564c.wav,librispeech,C:\Users\Suhaan\Downloads\dev-clean\LibriSpeech\dev-clean\7976\110124\7976-110124-0015.flac,7976,110124,english,16000,16000,1,5.35,-25.415657130415873,-8.235660424258523,0.0,1.0139251571672503e-06,KEEP,ok
2778573c53042ee1,clean\english\2778573c53042ee1.wav,librispeech,C:\Users\Suhaan\Downloads\dev-clean\LibriSpeech\dev-clean\7976\110124\7976-110124-0016.flac,7976,110124,english,16000,16000,1,4.18,-23.45204693260216,-4.5978525190388835,0.0,1.4560645240635495e-06,KEEP,ok
13caf6ab904e2126,clean\english\13caf6ab904e2126.wav,librispeech,C:\Users\Suhaan\Downloads\dev-clean\LibriSpeech\dev-clean\7976\110124\7976-110124-0017.flac,7976,110124,english,16000,16000,1,2.685,-25.604628112895615,-7.931804791002623,0.0,2.478487658663653e-06,KEEP,ok
6dea7381e51b69af,clean\english\6dea7381e51b69af.wav,librispeech,C:\Users\Suhaan\Downloads\dev-clean\LibriSpeech\dev-clean\7976\110124\7976-110124-0018.flac,7976,110124,english,16000,16000,1,8.075,-24.654023301422004,-7.088230450735118,0.0,3.8052490936024697e-07,KEEP,ok
c139a40da03edfc7,clean\english\c139a40da03edfc7.wav,librispeech,C:\Users\Suhaan\Downloads\dev-clean\LibriSpeech\dev-clean\7976\110124\7976-110124-0019.flac,7976,110124,english,16000,16000,1,2.745,-20.667992286286374,-3.381156732847778,0.0,3.6993531011830783e-06,KEEP,ok
82a25dbb1b2cba28,clean\english\82a25dbb1b2cba28.wav,librispeech,C:\Users\Suhaan\Downloads\dev-clean\LibriSpeech\dev-clean\7976\110124\7976-110124-0020.flac,7976,110124,english,16000,16000,1,2.54,-25.89509262509437,-10.513774944818795,0.0,1.33364221710508e-06,KEEP,ok
f9cefb54ae661e07,clean\english\f9cefb54ae661e07.wav,librispeech,C:\Users\Suhaan\Downloads\dev-clean\LibriSpeech\dev-clean\7976\110124\7976-110124-0021.flac,7976,110124,english,16000,16000,1,3.365,-24.608465539484516,-4.580767581274796,0.0,2.11933934224362e-06,KEEP,ok
9b7e89aae3d78f1f,clean\english\9b7e89aae3d78f1f.wav,librispeech,C:\Users\Suhaan\Downloads\dev-clean\LibriSpeech\dev-clean\7976\110124\7976-110124-0022.flac,7976,110124,english,16000,16000,1,4.02,-25.760608791664446,-8.697190410124335,0.0,8.341091870534001e-07,KEEP,ok
493d87c7ede1dde9,clean\english\493d87c7ede1dde9.wav,librispeech,C:\Users\Suhaan\Downloads\dev-clean\LibriSpeech\dev-clean\7976\110124\7976-110124-0023.flac,7976,110124,english,16000,16000,1,3.44,-21.52234214827329,-3.351474706998308,0.0,1.4748684407095425e-07,KEEP,ok
6d4b05f7f840f6ef,clean\english\6d4b05f7f840f6ef.wav,librispeech,C:\Users\Suhaan\Downloads\dev-clean\LibriSpeech\dev-clean\7976\110124\7976-110124-0024.flac,7976,110124,english,16000,16000,1,3.15,-21.945125872548473,-6.125671364858809,0.0,1.1389596465960494e-06,KEEP,ok
b332a57e4bd3e1e7,clean\english\b332a57e4bd3e1e7.wav,librispeech,C:\Users\Suhaan\Downloads\dev-clean\LibriSpeech\dev-clean\7976\110124\7976-110124-0025.flac,7976,110124,english,16000,16000,1,2.59,-22.807413796128813,-6.259777286606366,0.0,1.0147978173336014e-06,KEEP,ok
8f84eaf51fa5f5ec,clean\english\8f84eaf51fa5f5ec.wav,librispeech,C:\Users\Suhaan\Downloads\dev-clean\LibriSpeech\dev-clean\7976\110523\7976-110523-0000.flac,7976,110523,english,16000,16000,1,15.22,-22.68288281096154,-2.159820890046509,0.0,1.7183682530230726e-06,KEEP,ok
c277ce24edf67776,clean\english\c277ce24edf67776.wav,librispeech,C:\Users\Suhaan\Downloads\dev-clean\LibriSpeech\dev-clean\7976\110523\7976-110523-0001.flac,7976,110523,english,16000,16000,1,4.72,-22.62226188042164,-4.5992027622684954,0.0,2.1308155737642664e-06,KEEP,ok
5cbe36219b47aa3c,clean\english\5cbe36219b47aa3c.wav,librispeech,C:\Users\Suhaan\Downloads\dev-clean\LibriSpeech\dev-clean\7976\110523\7976-110523-0002.flac,7976,110523,english,16000,16000,1,7.12,-20.8173932389186,-2.857754333484364,0.0,1.6689300537109375e-06,KEEP,ok
b6f73d180352a64e,clean\english\b6f73d180352a64e.wav,librispeech,C:\Users\Suhaan\Downloads\dev-clean\LibriSpeech\dev-clean\7976\110523\7976-110523-0003.flac,7976,110523,english,16000,16000,1,6.1,-26.137531424024367,-6.429819138810621,0.0,3.7212059851299273e-06,KEEP,ok
a57f27e952190eee,clean\english\a57f27e952190eee.wav,librispeech,C:\Users\Suhaan\Downloads\dev-clean\LibriSpeech\dev-clean\7976\110523\7976-110523-0004.flac,7976,110523,english,16000,16000,1,7.26,-22.742699482514304,-3.830762519274119,0.0,3.1531678814644692e-06,KEEP,ok
6eda2cdec69a0a6d,clean\english\6eda2cdec69a0a6d.wav,librispeech,C:\Users\Suhaan\Downloads\dev-clean\LibriSpeech\dev-clean\7976\110523\7976-110523-0005.flac,7976,110523,english,16000,16000,1,7.795,-21.934695888962544,-2.412263273611242,0.0,3.5059001675108448e-06,KEEP,ok
2fa0a281bd3abc76,clean\english\2fa0a281bd3abc76.wav,librispeech,C:\Users\Suhaan\Downloads\dev-clean\LibriSpeech\dev-clean\7976\110523\7976-110523-0006.flac,7976,110523,english,16000,16000,1,7.815,-24.8040339066348,-5.051911790870495,0.0,4.233508661855012e-06,KEEP,ok
522f2f28b67cdac0,clean\english\522f2f28b67cdac0.wav,librispeech,C:\Users\Suhaan\Downloads\dev-clean\LibriSpeech\dev-clean\7976\110523\7976-110523-0007.flac,7976,110523,english,16000,16000,1,6.705,-25.85712792761352,-4.322339983943912,0.0,3.0400947252928745e-06,KEEP,ok
29353bf37913a129,clean\english\29353bf37913a129.wav,librispeech,C:\Users\Suhaan\Downloads\dev-clean\LibriSpeech\dev-clean\7976\110523\7976-110523-0008.flac,7976,110523,english,16000,16000,1,8.555,-24.135809469637724,-4.939311422259919,0.0,1.3002521654925658e-06,KEEP,ok
d5281d824dcd663a,clean\english\d5281d824dcd663a.wav,librispeech,C:\Users\Suhaan\Downloads\dev-clean\LibriSpeech\dev-clean\7976\110523\7976-110523-0009.flac,7976,110523,english,16000,16000,1,6.725,-24.643610945366547,-6.656141336347766,0.0,9.847307183008525e-07,KEEP,ok
70bb65cf9caf3add,clean\english\70bb65cf9caf3add.wav,librispeech,C:\Users\Suhaan\Downloads\dev-clean\LibriSpeech\dev-clean\7976\110523\7976-110523-0010.flac,7976,110523,english,16000,16000,1,10.86,-22.23520090023652,-0.7796122206666823,0.0,1.279293542211235e-06,KEEP,ok
e425ae17cb95b778,clean\english\e425ae17cb95b778.wav,librispeech,C:\Users\Suhaan\Downloads\dev-clean\LibriSpeech\dev-clean\7976\110523\7976-110523-0011.flac,7976,110523,english,16000,16000,1,8.82,-24.609746582628745,-3.9657069927312305,0.0,7.685620175834629e-07,KEEP,ok
f3fb075caaa2d1fe,clean\english\f3fb075caaa2d1fe.wav,librispeech,C:\Users\Suhaan\Downloads\dev-clean\LibriSpeech\dev-clean\7976\110523\7976-110523-0012.flac,7976,110523,english,16000,16000,1,16.28,-24.30388164149667,-3.442796635947531,0.0,1.3237796565590543e-06,KEEP,ok
64f60d7a0ccd9bcb,clean\english\64f60d7a0ccd9bcb.wav,librispeech,C:\Users\Suhaan\Downloads\dev-clean\LibriSpeech\dev-clean\7976\110523\7976-110523-0013.flac,7976,110523,english,16000,16000,1,9.32,-24.49271967352007,-4.5803184311525005,0.0,6.315534051282157e-07,KEEP,ok
93693bbfe4b8728e,clean\english\93693bbfe4b8728e.wav,librispeech,C:\Users\Suhaan\Downloads\dev-clean\LibriSpeech\dev-clean\7976\110523\7976-110523-0014.flac,7976,110523,english,16000,16000,1,6.295,-23.541792069929283,-3.9427223547143786,0.0,1.6664682789269136e-06,KEEP,ok
73d678046cce8a65,clean\english\73d678046cce8a65.wav,librispeech,C:\Users\Suhaan\Downloads\dev-clean\LibriSpeech\dev-clean\7976\110523\7976-110523-0015.flac,7976,110523,english,16000,16000,1,7.75,-23.298898976587772,-0.4286912040514832,0.0,9.595809160600766e-07,KEEP,ok
c61b3ede712786d1,clean\english\c61b3ede712786d1.wav,librispeech,C:\Users\Suhaan\Downloads\dev-clean\LibriSpeech\dev-clean\7976\110523\7976-110523-0016.flac,7976,110523,english,16000,16000,1,3.135,-24.024548354249195,-7.782473497295536,0.0,5.353961114451522e-07,KEEP,ok
dad0b1f4b6bb0086,clean\english\dad0b1f4b6bb0086.wav,librispeech,C:\Users\Suhaan\Downloads\dev-clean\LibriSpeech\dev-clean\7976\110523\7976-110523-0017.flac,7976,110523,english,16000,16000,1,13.26,-23.717193537254225,-3.223371622199789,0.0,2.7681007850333117e-06,KEEP,ok
155d60106a6a5852,clean\english\155d60106a6a5852.wav,librispeech,C:\Users\Suhaan\Downloads\dev-clean\LibriSpeech\dev-clean\7976\110523\7976-110523-0018.flac,7976,110523,english,16000,16000,1,2.46,-22.007668053834454,-3.542259767972908,0.0,1.6576875623286469e-06,KEEP,ok
e711dedc581e5912,clean\english\e711dedc581e5912.wav,librispeech,C:\Users\Suhaan\Downloads\dev-clean\LibriSpeech\dev-clean\7976\110523\7976-110523-0019.flac,7976,110523,english,16000,16000,1,2.825,-27.579510780867246,-7.180438852833358,0.0,2.0228023913659854e-06,KEEP,ok
3096971ce0a3a7f8,clean\english\3096971ce0a3a7f8.wav,librispeech,C:\Users\Suhaan\Downloads\dev-clean\LibriSpeech\dev-clean\7976\110523\7976-110523-0020.flac,7976,110523,english,16000,16000,1,8.535,-24.25436713626452,-3.1815967950311053,0.0,2.3748557396174874e-06,KEEP,ok
fbea5239d9d67be7,clean\english\fbea5239d9d67be7.wav,librispeech,C:\Users\Suhaan\Downloads\dev-clean\LibriSpeech\dev-clean\7976\110523\7976-110523-0021.flac,7976,110523,english,16000,16000,1,5.035,-21.277673823209224,-2.0644931817721184,0.0,3.3733742839103797e-06,KEEP,ok
0ad28855559cb057,clean\english\0ad28855559cb057.wav,librispeech,C:\Users\Suhaan\Downloads\dev-clean\LibriSpeech\dev-clean\84\121123\84-121123-0000.flac,84,121123,english,16000,16000,1,2.09,-21.25816453417865,-6.63563155199396,0.0,1.6864977396835457e-06,KEEP,ok
75d6490af2d5e4c2,clean\english\75d6490af2d5e4c2.wav,librispeech,C:\Users\Suhaan\Downloads\dev-clean\LibriSpeech\dev-clean\84\121123\84-121123-0001.flac,84,121123,english,16000,16000,1,3.99,-21.355045743555348,-7.530319894055885,0.0,3.840988938463852e-06,KEEP,ok
507d0e096bd87881,clean\english\507d0e096bd87881.wav,librispeech,C:\Users\Suhaan\Downloads\dev-clean\LibriSpeech\dev-clean\84\121123\84-121123-0002.flac,84,121123,english,16000,16000,1,13.69,-23.605751548301036,-7.586641841264836,0.0,6.655517950093781e-07,KEEP,ok
5b17ff0de001991c,clean\english\5b17ff0de001991c.wav,librispeech,C:\Users\Suhaan\Downloads\dev-clean\LibriSpeech\dev-clean\84\121123\84-121123-0003.flac,84,121123,english,16000,16000,1,6.8,-25.341539347043227,-7.627369949944127,0.0,4.039091194840694e-08,KEEP,ok
c447b3f0b47a09fb,clean\english\c447b3f0b47a09fb.wav,librispeech,C:\Users\Suhaan\Downloads\dev-clean\LibriSpeech\dev-clean\84\121123\84-121123-0004.flac,84,121123,english,16000,16000,1,4.4,-23.005412395029158,-7.1146477755900435,0.0,1.3394788993537077e-06,KEEP,ok
5ff980b940ba153a,clean\english\5ff980b940ba153a.wav,librispeech,C:\Users\Suhaan\Downloads\dev-clean\LibriSpeech\dev-clean\84\121123\84-121123-0005.flac,84,121123,english,16000,16000,1,15.96,-23.583477163478832,-9.017592854313843,0.0,2.5967906367441174e-06,KEEP,ok
8de5ec6fba966987,clean\english\8de5ec6fba966987.wav,librispeech,C:\Users\Suhaan\Downloads\dev-clean\LibriSpeech\dev-clean\84\121123\84-121123-0006.flac,84,121123,english,16000,16000,1,5.62,-28.150964973311954,-13.28627879896288,0.0,5.576109742833069e-07,KEEP,ok
0ad2aa6dc8efd2cb,clean\english\0ad2aa6dc8efd2cb.wav,librispeech,C:\Users\Suhaan\Downloads\dev-clean\LibriSpeech\dev-clean\84\121123\84-121123-0007.flac,84,121123,english,16000,16000,1,2.0,-22.370604128774254,-6.941406442138884,0.0,3.54385383616318e-06,KEEP,ok
25d35be0c838bcea,clean\english\25d35be0c838bcea.wav,librispeech,C:\Users\Suhaan\Downloads\dev-clean\LibriSpeech\dev-clean\84\121123\84-121123-0008.flac,84,121123,english,16000,16000,1,7.015,-21.19477516615723,-6.82431260037392,0.0,8.12968252716928e-08,KEEP,ok
3e49a06824aac470,clean\english\3e49a06824aac470.wav,librispeech,C:\Users\Suhaan\Downloads\dev-clean\LibriSpeech\dev-clean\84\121123\84-121123-0009.flac,84,121123,english,16000,16000,1,2.6950625,-22.815642137766066,-6.79296604222877,0.0,8.917267564356735e-07,KEEP,ok
88d85fdddc0e6f81,clean\english\88d85fdddc0e6f81.wav,librispeech,C:\Users\Suhaan\Downloads\dev-clean\LibriSpeech\dev-clean\84\121123\84-121123-0010.flac,84,121123,english,16000,16000,1,7.19,-24.523033468125295,-10.41298071330228,0.0,8.064450440770088e-08,KEEP,ok
b39b982ef099e0e6,clean\english\b39b982ef099e0e6.wav,librispeech,C:\Users\Suhaan\Downloads\dev-clean\LibriSpeech\dev-clean\84\121123\84-121123-0011.flac,84,121123,english,16000,16000,1,3.25,-28.432819565133286,-11.069192950393063,0.0,1.3615535010558233e-07,KEEP,ok
c0a4f5f2cb1b43f6,clean\english\c0a4f5f2cb1b43f6.wav,librispeech,C:\Users\Suhaan\Downloads\dev-clean\LibriSpeech\dev-clean\84\121123\84-121123-0012.flac,84,121123,english,16000,16000,1,2.56,-26.02616719435991,-12.522964649068154,0.0,4.825741143577034e-06,KEEP,ok
36772211f32a637b,clean\english\36772211f32a637b.wav,librispeech,C:\Users\Suhaan\Downloads\dev-clean\LibriSpeech\dev-clean\84\121123\84-121123-0013.flac,84,121123,english,16000,16000,1,2.4,-31.337474445806166,-13.581250312666139,0.0,9.107589562518115e-07,KEEP,ok
4f442d322981d4b8,clean\english\4f442d322981d4b8.wav,librispeech,C:\Users\Suhaan\Downloads\dev-clean\LibriSpeech\dev-clean\84\121123\84-121123-0014.flac,84,121123,english,16000,16000,1,2.885,-23.204019096581376,-8.098551247167897,0.0,2.061390887320158e-06,KEEP,ok
36b7fe369e4afbd9,clean\english\36b7fe369e4afbd9.wav,librispeech,C:\Users\Suhaan\Downloads\dev-clean\LibriSpeech\dev-clean\84\121123\84-121123-0015.flac,84,121123,english,16000,16000,1,3.035,-25.82021650641665,-10.105544633458784,0.0,1.809938680708001e-06,KEEP,ok
147b5e33c35a5194,clean\english\147b5e33c35a5194.wav,librispeech,C:\Users\Suhaan\Downloads\dev-clean\LibriSpeech\dev-clean\84\121123\84-121123-0016.flac,84,121123,english,16000,16000,1,8.41,-23.596153589797456,-8.362463984878904,0.0,2.976461701109656e-06,KEEP,ok
9c412a65c60935b6,clean\english\9c412a65c60935b6.wav,librispeech,C:\Users\Suhaan\Downloads\dev-clean\LibriSpeech\dev-clean\84\121123\84-121123-0017.flac,84,121123,english,16000,16000,1,9.375,-23.150061849807138,-7.226608188877424,0.0,2.5002034362842096e-06,KEEP,ok
e5581cbc0c61a0b8,clean\english\e5581cbc0c61a0b8.wav,librispeech,C:\Users\Suhaan\Downloads\dev-clean\LibriSpeech\dev-clean\84\121123\84-121123-0018.flac,84,121123,english,16000,16000,1,3.55,-24.46142739324432,-10.91788501477749,0.0,1.1202315590708167e-06,KEEP,ok
e49c0f99ee946876,clean\english\e49c0f99ee946876.wav,librispeech,C:\Users\Suhaan\Downloads\dev-clean\LibriSpeech\dev-clean\84\121123\84-121123-0019.flac,84,121123,english,16000,16000,1,2.435,-22.57466160685915,-8.153271012875292,0.0,1.543894882161112e-06,KEEP,ok
9af769c67c411c44,clean\english\9af769c67c411c44.wav,librispeech,C:\Users\Suhaan\Downloads\dev-clean\LibriSpeech\dev-clean\84\121123\84-121123-0020.flac,84,121123,english,16000,16000,1,6.92,-22.144961484352393,-8.014110948291838,0.0,1.5140268487812136e-06,KEEP,ok
5b7fefe5dffc5534,clean\english\5b7fefe5dffc5534.wav,librispeech,C:\Users\Suhaan\Downloads\dev-clean\LibriSpeech\dev-clean\84\121123\84-121123-0021.flac,84,121123,english,16000,16000,1,4.815,-24.758974575597176,-7.34373410645678,0.0,5.815135750708578e-07,KEEP,ok
17675256e81f5e92,clean\english\17675256e81f5e92.wav,librispeech,C:\Users\Suhaan\Downloads\dev-clean\LibriSpeech\dev-clean\84\121123\84-121123-0022.flac,84,121123,english,16000,16000,1,2.61,-23.41361296990787,-8.975772653180819,0.0,9.938675020748633e-07,KEEP,ok
d555013b5cdca462,clean\english\d555013b5cdca462.wav,librispeech,C:\Users\Suhaan\Downloads\dev-clean\LibriSpeech\dev-clean\84\121123\84-121123-0023.flac,84,121123,english,16000,16000,1,4.685,-25.56320707135295,-10.956167417534136,0.0,5.968352638774377e-07,KEEP,ok
6a39bcc6a5ce89e0,clean\english\6a39bcc6a5ce89e0.wav,librispeech,C:\Users\Suhaan\Downloads\dev-clean\LibriSpeech\dev-clean\84\121123\84-121123-0024.flac,84,121123,english,16000,16000,1,10.38,-24.017394760750214,-7.353617773991417,0.0,2.8288663997955155e-06,KEEP,ok
c1596267372ad544,clean\english\c1596267372ad544.wav,librispeech,C:\Users\Suhaan\Downloads\dev-clean\LibriSpeech\dev-clean\84\121123\84-121123-0025.flac,84,121123,english,16000,16000,1,6.255,-22.23235679656952,-6.661847103903708,0.0,1.4499509006782318e-06,KEEP,ok
587897577205d673,clean\english\587897577205d673.wav,librispeech,C:\Users\Suhaan\Downloads\dev-clean\LibriSpeech\dev-clean\84\121123\84-121123-0026.flac,84,121123,english,16000,16000,1,13.94,-22.67332638420362,-6.2805099475961255,0.0,6.631935889345186e-07,KEEP,ok
057630c21934d28f,clean\english\057630c21934d28f.wav,librispeech,C:\Users\Suhaan\Downloads\dev-clean\LibriSpeech\dev-clean\84\121123\84-121123-0027.flac,84,121123,english,16000,16000,1,3.07,-22.80569745539649,-8.808284180750544,0.0,3.1623466156815994e-07,KEEP,ok
759befc0a2636cc7,clean\english\759befc0a2636cc7.wav,librispeech,C:\Users\Suhaan\Downloads\dev-clean\LibriSpeech\dev-clean\84\121123\84-121123-0028.flac,84,121123,english,16000,16000,1,4.76,-21.19049162835016,-7.227217318905939,0.0,1.5407049431814812e-06,KEEP,ok
be1e27a223ba7168,clean\english\be1e27a223ba7168.wav,librispeech,C:\Users\Suhaan\Downloads\dev-clean\LibriSpeech\dev-clean\84\121550\84-121550-0000.flac,84,121550,english,16000,16000,1,8.435,-22.965484500678016,-7.947674264914157,0.0,5.463587058329722e-06,KEEP,ok
42daefe4c3ccb228,clean\english\42daefe4c3ccb228.wav,librispeech,C:\Users\Suhaan\Downloads\dev-clean\LibriSpeech\dev-clean\84\121550\84-121550-0001.flac,84,121550,english,16000,16000,1,7.975,-23.416039050413367,-8.17158780962128,0.0,2.24170275942015e-06,KEEP,ok
9373d4f91ef4406a,clean\english\9373d4f91ef4406a.wav,librispeech,C:\Users\Suhaan\Downloads\dev-clean\LibriSpeech\dev-clean\84\121550\84-121550-0002.flac,84,121550,english,16000,16000,1,8.265,-23.39470785602574,-9.760375543856286,0.0,8.456489013042301e-06,KEEP,ok
499b191125f7619b,clean\english\499b191125f7619b.wav,librispeech,C:\Users\Suhaan\Downloads\dev-clean\LibriSpeech\dev-clean\84\121550\84-121550-0003.flac,84,121550,english,16000,16000,1,8.16,-23.082935822524988,-8.207655722991895,0.0,1.0922843785010627e-06,KEEP,ok
c0c3d3ba47fb3e7b,clean\english\c0c3d3ba47fb3e7b.wav,librispeech,C:\Users\Suhaan\Downloads\dev-clean\LibriSpeech\dev-clean\84\121550\84-121550-0004.flac,84,121550,english,16000,16000,1,7.965,-23.567311796170625,-7.265067052510172,0.0,5.5347832130792085e-06,KEEP,ok
8bedc0c8aa05ae9c,clean\english\8bedc0c8aa05ae9c.wav,librispeech,C:\Users\Suhaan\Downloads\dev-clean\LibriSpeech\dev-clean\84\121550\84-121550-0005.flac,84,121550,english,16000,16000,1,8.7149375,-23.493122942011183,-7.40196236802514,0.0,6.1501764321292285e-06,KEEP,ok
1f47d35def01b44b,clean\english\1f47d35def01b44b.wav,librispeech,C:\Users\Suhaan\Downloads\dev-clean\LibriSpeech\dev-clean\84\121550\84-121550-0006.flac,84,121550,english,16000,16000,1,8.83,-22.900165692624306,-7.964235856397962,0.0,4.4752491703548e-06,KEEP,ok
3d4850901626cf71,clean\english\3d4850901626cf71.wav,librispeech,C:\Users\Suhaan\Downloads\dev-clean\LibriSpeech\dev-clean\84\121550\84-121550-0007.flac,84,121550,english,16000,16000,1,9.525,-23.98784064303993,-8.647550453503651,0.0,1.4998468031990342e-06,KEEP,ok
1fb708a421e7cb61,clean\english\1fb708a421e7cb61.wav,librispeech,C:\Users\Suhaan\Downloads\dev-clean\LibriSpeech\dev-clean\84\121550\84-121550-0008.flac,84,121550,english,16000,16000,1,8.445,-23.545233187259438,-8.410496676711112,0.0,1.7458620504839928e-07,KEEP,ok
425fdd1014850690,clean\english\425fdd1014850690.wav,librispeech,C:\Users\Suhaan\Downloads\dev-clean\LibriSpeech\dev-clean\84\121550\84-121550-0009.flac,84,121550,english,16000,16000,1,8.615,-23.400424355502032,-7.943042672538829,0.0,3.497654461170896e-06,KEEP,ok
d1714010655d498b,clean\english\d1714010655d498b.wav,librispeech,C:\Users\Suhaan\Downloads\dev-clean\LibriSpeech\dev-clean\84\121550\84-121550-0010.flac,84,121550,english,16000,16000,1,8.33,-22.870869592458675,-7.030274514654771,0.0,4.105035714019323e-06,KEEP,ok
babad1b0ad25675b,clean\english\babad1b0ad25675b.wav,librispeech,C:\Users\Suhaan\Downloads\dev-clean\LibriSpeech\dev-clean\84\121550\84-121550-0011.flac,84,121550,english,16000,16000,1,9.355,-22.581605657466138,-6.556892390831387,0.0,2.610345745779341e-06,KEEP,ok
21c075807192fe5e,clean\english\21c075807192fe5e.wav,librispeech,C:\Users\Suhaan\Downloads\dev-clean\LibriSpeech\dev-clean\84\121550\84-121550-0012.flac,84,121550,english,16000,16000,1,9.24,-24.729180507165914,-8.529984014833635,0.0,1.8623484265845036e-06,KEEP,ok
897c9f52425925d8,clean\english\897c9f52425925d8.wav,librispeech,C:\Users\Suhaan\Downloads\dev-clean\LibriSpeech\dev-clean\84\121550\84-121550-0013.flac,84,121550,english,16000,16000,1,19.11,-24.241973154720693,-8.8002494674821,0.0,2.8889694476674777e-06,KEEP,ok
99114db5bccd6868,clean\english\99114db5bccd6868.wav,librispeech,C:\Users\Suhaan\Downloads\dev-clean\LibriSpeech\dev-clean\84\121550\84-121550-0014.flac,84,121550,english,16000,16000,1,8.185,-23.420555049038377,-6.564790706193305,0.0,7.552494594165182e-07,KEEP,ok
0ce9b5abc6e771cf,clean\english\0ce9b5abc6e771cf.wav,librispeech,C:\Users\Suhaan\Downloads\dev-clean\LibriSpeech\dev-clean\84\121550\84-121550-0015.flac,84,121550,english,16000,16000,1,8.155,-23.791040722159742,-8.33750849868021,0.0,8.527520662937604e-07,KEEP,ok
695b5725fc2659ee,clean\english\695b5725fc2659ee.wav,librispeech,C:\Users\Suhaan\Downloads\dev-clean\LibriSpeech\dev-clean\84\121550\84-121550-0016.flac,84,121550,english,16000,16000,1,8.955,-23.38344107449538,-8.329897490424974,0.0,3.576145672923303e-07,KEEP,ok
bb230b8ebb3e485c,clean\english\bb230b8ebb3e485c.wav,librispeech,C:\Users\Suhaan\Downloads\dev-clean\LibriSpeech\dev-clean\84\121550\84-121550-0017.flac,84,121550,english,16000,16000,1,8.645,-24.041979662723385,-7.141748857289365,0.0,2.2713886664860183e-06,KEEP,ok
27801271855f0218,clean\english\27801271855f0218.wav,librispeech,C:\Users\Suhaan\Downloads\dev-clean\LibriSpeech\dev-clean\84\121550\84-121550-0018.flac,84,121550,english,16000,16000,1,9.46,-25.087118219569273,-9.55967190632435,0.0,3.918331003660569e-06,KEEP,ok
908ebc2f90f61581,clean\english\908ebc2f90f61581.wav,librispeech,C:\Users\Suhaan\Downloads\dev-clean\LibriSpeech\dev-clean\84\121550\84-121550-0019.flac,84,121550,english,16000,16000,1,9.2799375,-24.427489646141147,-9.493788214620384,0.0,3.635907887655776e-06,KEEP,ok
509709bb3a0012ea,clean\english\509709bb3a0012ea.wav,librispeech,C:\Users\Suhaan\Downloads\dev-clean\LibriSpeech\dev-clean\84\121550\84-121550-0020.flac,84,121550,english,16000,16000,1,8.39,-25.75090299483254,-8.539897798311056,0.0,7.758976039440313e-07,KEEP,ok
3331587c897633ed,clean\english\3331587c897633ed.wav,librispeech,C:\Users\Suhaan\Downloads\dev-clean\LibriSpeech\dev-clean\84\121550\84-121550-0021.flac,84,121550,english,16000,16000,1,8.71,-23.06202293434403,-7.796120852046525,0.0,3.4643232993403217e-07,KEEP,ok
baec007d9685b359,clean\english\baec007d9685b359.wav,librispeech,C:\Users\Suhaan\Downloads\dev-clean\LibriSpeech\dev-clean\84\121550\84-121550-0022.flac,84,121550,english,16000,16000,1,7.65,-23.070332350676637,-9.084474196812057,0.0,5.002738816983765e-06,KEEP,ok
2bfba51caf267745,clean\english\2bfba51caf267745.wav,librispeech,C:\Users\Suhaan\Downloads\dev-clean\LibriSpeech\dev-clean\84\121550\84-121550-0023.flac,84,121550,english,16000,16000,1,7.215,-23.707546337836668,-9.714831448896458,0.0,3.5016964829992503e-06,KEEP,ok
5184256e7c717d67,clean\english\5184256e7c717d67.wav,librispeech,C:\Users\Suhaan\Downloads\dev-clean\LibriSpeech\dev-clean\84\121550\84-121550-0024.flac,84,121550,english,16000,16000,1,8.63,-23.422227812774636,-6.835368904625182,0.0,2.7774797217716696e-06,KEEP,ok
4e5a0c02934dbad4,clean\english\4e5a0c02934dbad4.wav,librispeech,C:\Users\Suhaan\Downloads\dev-clean\LibriSpeech\dev-clean\84\121550\84-121550-0025.flac,84,121550,english,16000,16000,1,9.84,-24.455033355510434,-10.300317149607984,0.0,1.4607498997065704e-06,KEEP,ok
bd969f077747a46a,clean\english\bd969f077747a46a.wav,librispeech,C:\Users\Suhaan\Downloads\dev-clean\LibriSpeech\dev-clean\84\121550\84-121550-0026.flac,84,121550,english,16000,16000,1,9.35,-25.715269601805893,-10.827058623311736,0.0,2.1148109681234928e-06,KEEP,ok
7c1c52e5832842c1,clean\english\7c1c52e5832842c1.wav,librispeech,C:\Users\Suhaan\Downloads\dev-clean\LibriSpeech\dev-clean\84\121550\84-121550-0027.flac,84,121550,english,16000,16000,1,3.995,-23.354329658546185,-8.336816313188505,0.0,1.086162228602916e-06,KEEP,ok
2713b5d4c2e22a5d,clean\english\2713b5d4c2e22a5d.wav,librispeech,C:\Users\Suhaan\Downloads\dev-clean\LibriSpeech\dev-clean\84\121550\84-121550-0028.flac,84,121550,english,16000,16000,1,7.64,-22.785059969295975,-6.452633558228458,0.0,4.139246243539674e-07,KEEP,ok
604e91f04e97d9c2,clean\english\604e91f04e97d9c2.wav,librispeech,C:\Users\Suhaan\Downloads\dev-clean\LibriSpeech\dev-clean\84\121550\84-121550-0029.flac,84,121550,english,16000,16000,1,8.385,-23.931020556813817,-10.263085048095679,0.0,2.9266484489198774e-06,KEEP,ok
53951a1afc1e2a74,clean\english\53951a1afc1e2a74.wav,librispeech,C:\Users\Suhaan\Downloads\dev-clean\LibriSpeech\dev-clean\84\121550\84-121550-0030.flac,84,121550,english,16000,16000,1,8.925,-23.61503824620322,-9.664684633234726,0.0,3.5133683695676154e-07,KEEP,ok
466e66d7245aa661,clean\english\466e66d7245aa661.wav,librispeech,C:\Users\Suhaan\Downloads\dev-clean\LibriSpeech\dev-clean\84\121550\84-121550-0031.flac,84,121550,english,16000,16000,1,8.655,-25.067755692508776,-8.897898382493723,0.0,2.1676119104085956e-06,KEEP,ok
d89c9505a94e0081,clean\english\d89c9505a94e0081.wav,librispeech,C:\Users\Suhaan\Downloads\dev-clean\LibriSpeech\dev-clean\84\121550\84-121550-0032.flac,84,121550,english,16000,16000,1,8.25,-24.258695328065944,-8.832433011172185,0.0,5.47004447071231e-07,KEEP,ok
82026666bae9a818,clean\english\82026666bae9a818.wav,librispeech,C:\Users\Suhaan\Downloads\dev-clean\LibriSpeech\dev-clean\84\121550\84-121550-0033.flac,84,121550,english,16000,16000,1,8.02,-23.529077089256894,-7.115249104098579,0.0,2.0096129560442932e-07,KEEP,ok
5e54aa06f101c0fb,clean\english\5e54aa06f101c0fb.wav,librispeech,C:\Users\Suhaan\Downloads\dev-clean\LibriSpeech\dev-clean\84\121550\84-121550-0034.flac,84,121550,english,16000,16000,1,8.945,-25.351657239573385,-11.415398021568151,0.0,2.5289162408626e-07,KEEP,ok
c800b14d66c34ef5,clean\english\c800b14d66c34ef5.wav,librispeech,C:\Users\Suhaan\Downloads\dev-clean\LibriSpeech\dev-clean\84\121550\84-121550-0035.flac,84,121550,english,16000,16000,1,8.22,-22.63885686237107,-9.078441281384201,0.0,2.7185519684280735e-06,KEEP,ok
