id,condition,noise_class,snr_db,stoi_input,stoi_output,delta_stoi
test_0022500,noisy,nonstationary,7.359386725825839,0.76873600818473,0.826422043094806,0.05768603491007607
test_0022501,near_clean,impulsive,39.62919317711909,0.9984847962676394,0.9977870220931541,-0.000697774174485355
test_0022502,noisy,nonstationary,11.787362299942345,0.9449397041263193,0.963916557981588,0.018976853855268705
test_0022503,near_clean,nonstationary,28.174344563095737,0.9999561062030723,0.99788979552002,-0.002066310683052297
test_0022504,clean,ambient,60.0,1.0,0.9996719238622856,-0.0003280761377143504
test_0022505,near_clean,stationary,24.54221130715063,0.99806874987938,0.9957403630012213,-0.002328386878158728
test_0022506,noisy,nonstationary,3.5690382897778896,0.9441192225761471,0.9609356781326951,0.016816455556547982
test_0022507,clean,stationary,60.0,0.9999999999999977,0.9926091090858923,-0.007390890914105386
test_0022508,noisy,ambient,16.1498706073295,0.9441176443827747,0.9804361216319911,0.03631847724921644
test_0022509,near_clean,impulsive,28.492153827058793,0.9962329330983616,0.9957689671800792,-0.0004639659182823497
test_0022510,noisy,ambient,15.132007781956542,0.9324856144737689,0.950567068356175,0.018081453882406118
test_0022511,noisy,impulsive,19.637109587047913,0.9177324799680535,0.9552494691212475,0.037516989153194014
test_0022512,clean,stationary,60.0,0.9999999999999997,0.9983136242078225,-0.0016863757921771194
test_0022513,near_clean,stationary,22.676123433224337,0.9807713108361852,0.9669909064170914,-0.013780404419093784
test_0022514,noisy,nonstationary,10.72121474639046,0.943452567856267,0.9520371526130654,0.008584584756798463
test_0022516,clean,impulsive,60.0,0.9999999999999999,0.9781346639313174,-0.02186533606868246
test_0022517,clean,stationary,60.0,0.9999999999999994,0.9924875098945101,-0.007512490105489378
test_0022518,noisy,impulsive,-3.9390381640319867,0.9393732229263649,0.9518478676043858,0.012474644678020841
test_0022519,noisy,ambient,12.48682540416997,0.9717967594153049,0.9858548491640216,0.014058089748716696
test_0022520,noisy,nonstationary,11.345812099275161,0.895463358537055,0.9119727110317528,0.01650935249469776
test_0022521,noisy,nonstationary,16.05785639693526,0.9121936435525303,0.9326587190701813,0.020465075517650977
test_0022522,noisy,stationary,12.306645335637928,0.919998842016648,0.9350032063978356,0.015004364381187574
test_0022523,noisy,stationary,3.7488254788662374,0.8075212699810314,0.8183761880673539,0.010854918086322551
test_0022524,near_clean,nonstationary,25.963067168959974,0.9918662998101597,0.9886269634257593,-0.0032393363844004375
test_0022525,noisy,ambient,13.07462896033391,0.9665222556140016,0.9944492520758877,0.027926996461886122
test_0022528,noisy,impulsive,-4.218711508711713,0.6296191921708942,0.8423593374241439,0.2127401452532497
test_0022529,near_clean,impulsive,20.77244742346187,0.9890364162792811,0.9904783856283944,0.0014419693491133367
test_0022530,near_clean,nonstationary,31.009698785679944,0.9887897098953992,0.9851124074744562,-0.003677302420942996
test_0022531,clean,impulsive,60.0,0.9999999999999998,0.9846884162297308,-0.015311583770268977
test_0022532,noisy,impulsive,0.3443771468396877,0.9292580303385641,0.9161254264149375,-0.013132603923626585
test_0022533,near_clean,impulsive,21.797701229429624,0.9721352161022337,0.9784584041932342,0.006323188091000409
test_0022534,noisy,nonstationary,1.6736819450256668,0.7047894683312921,0.778692765721513,0.07390329739022095
test_0022535,noisy,stationary,19.911869159021304,0.9948019285232298,0.9954180873741557,0.0006161588509259186
test_0022537,near_clean,nonstationary,26.79962524094836,0.9864047511187525,0.9905434057565701,0.004138654637817596
test_0022538,near_clean,stationary,20.309357261971858,0.9970099147422727,0.975051506240978,-0.021958408501294713
test_0022539,noisy,stationary,-0.17742964936364558,0.6712324929580887,0.7375046698743427,0.06627217691625398
test_0022541,clean,nonstationary,60.0,0.9999999999999997,0.9925802216041306,-0.007419778395869048
test_0022542,near_clean,nonstationary,29.10365072038825,0.9952239077149971,0.9965564527059745,0.0013325449909773468
test_0022543,noisy,impulsive,2.506907627087717,0.9436482358755864,0.9579856080879433,0.01433737221235687
test_0022544,near_clean,impulsive,27.80389716631484,0.9998455809947318,0.9988847082021669,-0.0009608727925648486
test_0022545,noisy,impulsive,1.267638398410746,0.7041353270992207,0.8046880596937164,0.10055273259449571
test_0022546,clean,ambient,60.0,1.0,0.9928939620943842,-0.007106037905615814
test_0022549,noisy,stationary,15.79973219298316,0.9270072045963705,0.942926030173114,0.01591882557674351
test_0022550,noisy,ambient,-0.7791122669076458,0.9217407156834334,0.9431603027119588,0.021419587028525422
test_0022554,noisy,impulsive,10.690726553401937,0.765307439518624,0.8684317303179082,0.1031242907992842
test_0022555,near_clean,nonstationary,28.50918605109738,0.9880968527535587,0.9633838920295402,-0.024712960724018518
test_0022556,noisy,stationary,10.173042598592726,0.7872090564241729,0.8601340031356258,0.07292494671145289
test_0022557,noisy,stationary,-0.15082151347533923,0.629420122349712,0.6932243899537145,0.06380426760400248
test_0022559,clean,ambient,60.0,0.9999999999999997,0.9989282613880079,-0.0010717386119917238
test_0022560,near_clean,ambient,23.883692309998082,0.9748033249113538,0.9831229741229258,0.008319649211572022
test_0022561,clean,nonstationary,60.0,0.9999999999999997,0.9834440499616247,-0.016555950038374956
test_0022562,noisy,stationary,-0.029767188184033344,0.5602696142948479,0.5973321057690545,0.037062491474206594
test_0022563,near_clean,stationary,24.576484554134325,0.9948711371840986,0.9961855016738833,0.001314364489784725
test_0022565,clean,ambient,60.0,0.9999999999999987,0.9853909718091213,-0.014609028190877393
test_0022567,near_clean,ambient,36.336255206414265,0.9990660846738231,0.999120179167493,5.409449366988728e-05
test_0022568,noisy,stationary,3.9285102291106178,0.7335898693126963,0.8251559119968878,0.09156604268419144
test_0022569,noisy,ambient,17.10308964741721,0.9307858714890852,0.9666548238306606,0.03586895234157539
test_0022570,near_clean,ambient,37.00311693438269,0.9905630737018064,0.9825894939957945,-0.007973579706011868
test_0022571,near_clean,nonstationary,27.695993987307872,0.9948363741907074,0.9948135453778896,-2.2828812817787814e-05
test_0022573,noisy,nonstationary,16.76991671753428,0.8638964569974696,0.8867550700198874,0.022858613022417762
test_0022574,noisy,ambient,12.904153568571179,0.9482573583517611,0.9583481801512167,0.01009082179945564
test_0022575,clean,ambient,60.0,0.9999999999999997,0.9995210324125569,-0.0004789675874428134
test_0022576,noisy,nonstationary,1.0795201866781836,0.5916247905408641,0.6629750924881541,0.07135030194728997
test_0022577,clean,ambient,60.0,0.9999999999999992,0.9990909705125259,-0.0009090294874732896
test_0022578,noisy,nonstationary,-0.2406129261717691,0.8378261744361984,0.9013880341276699,0.06356185969147143
test_0022579,near_clean,ambient,29.944111602372057,0.9983233262985066,0.9891262784766159,-0.00919704782189068
test_0022580,noisy,nonstationary,17.2285926870698,0.9822763981074507,0.9819996512811536,-0.0002767468262970807
test_0022581,clean,stationary,60.0,0.9999999999999998,0.9988596916594074,-0.001140308340592422
test_0022582,noisy,nonstationary,9.42748462223388,0.8795858451418862,0.9016852410478512,0.02209939590596499
test_0022583,noisy,nonstationary,0.3585894516563952,0.6976788113080445,0.7718083374182462,0.07412952611020163
test_0022584,noisy,stationary,16.09137378497667,0.9710043234403354,0.9604507949891211,-0.010553528451214267
test_0022585,near_clean,ambient,38.2373727591814,0.9984088063786577,0.9982443242940383,-0.0001644820846193884
test_0022586,near_clean,stationary,21.347942868954302,0.9936181375777341,0.9526836377441475,-0.040934499833586546
test_0022587,noisy,impulsive,16.255857326117628,0.9271827937087038,0.9835178831721122,0.05633508946340837
test_0022588,noisy,ambient,7.559470124770266,0.915465919481481,0.942388688031133,0.02692276854965192
test_0022589,noisy,stationary,8.336652536972418,0.972614602695251,0.9782931313966268,0.005678528701375751
test_0022592,noisy,ambient,5.306662791293061,0.9513266955894154,0.9623741879364911,0.011047492347075694
test_0022593,noisy,ambient,7.80265725960866,0.8881876389495112,0.9578808989049526,0.0696932599554414
test_0022594,noisy,stationary,2.281067742442671,0.7580284877247004,0.7771405881536252,0.01911210042892475
test_0022595,clean,nonstationary,60.0,0.9999999999999996,0.997865508335312,-0.002134491664687599
test_0022596,noisy,stationary,-4.5825249681554645,0.6492665066336002,0.669930350778988,0.0206638441453878
test_0022597,near_clean,nonstationary,21.077903857988026,0.9564667651507224,0.9684143654914004,0.011947600340677988
test_0022598,noisy,stationary,-1.8244154766427112,0.6360841098759578,0.6786992074042311,0.042615097528273305
test_0022599,noisy,impulsive,11.623820274882945,0.9970055247198014,0.9961149291008008,-0.0008905956190006226
test_0022600,near_clean,nonstationary,27.418575828833582,0.9764370317005482,0.980485958931201,0.004048927230652866
test_0022601,noisy,stationary,8.117524524987681,0.8434319523064754,0.8904371051144786,0.047005152808003214
test_0022602,near_clean,stationary,35.42605600435121,0.9994005246810284,0.9967193871588804,-0.002681137522147936
test_0022603,noisy,impulsive,2.8709735302038757,0.8559036091006389,0.8811235399980819,0.02521993089744301
test_0022604,noisy,nonstationary,2.576889300511028,0.7232414353193732,0.7677989363921216,0.04455750107274836
test_0022605,near_clean,ambient,32.93860450856694,0.9997659090472917,0.9994431896848198,-0.0003227193624718572
test_0022606,noisy,impulsive,13.30705749413081,0.9818971310203916,0.9874396452790076,0.005542514258616071
test_0022607,noisy,impulsive,-1.9735992787491092,0.8236333422982387,0.860156566794998,0.036523224496759266
test_0022608,near_clean,impulsive,22.342707154490434,0.9999616134677538,0.9980931104572847,-0.001868503010469147
test_0022609,noisy,ambient,11.113520459032905,0.947948836213908,0.9496215237729727,0.0016726875590646895
test_0022610,noisy,impulsive,-1.1133995629928655,0.7162722232663642,0.8426988291160697,0.12642660584970555
test_0022611,noisy,impulsive,12.526999231189944,0.8393568612009478,0.8897146294420393,0.050357768241091505
test_0022612,noisy,nonstationary,18.5514177500151,0.9277325495596686,0.9568853763478962,0.029152826788227615
test_0022613,noisy,nonstationary,-2.08487988670115,0.5223084666765742,0.5786755940297351,0.05636712735316096
test_0022614,noisy,impulsive,-3.56776454493093,0.9240960124533455,0.9427080351251115,0.018612022671765982
test_0022615,noisy,ambient,3.215104727518135,0.8752443308644338,0.9235389075400631,0.04829457667562931
test_0022616,noisy,ambient,-1.568801138955687,0.8627527664921559,0.9354379506954227,0.07268518420326675
test_0022617,near_clean,stationary,31.67781356646511,0.9997321849823433,0.994508420443297,-0.005223764539046272
test_0022618,noisy,ambient,8.099354629579377,0.932997797490515,0.9578622715405422,0.02486447405002712
test_0022619,noisy,nonstationary,-1.7881632651124866,0.6444862180398644,0.7211326013402891,0.07664638330042473
test_0022620,noisy,nonstationary,10.814967158011378,0.9205964095582009,0.9597782908238001,0.03918188126559918
test_0022621,near_clean,nonstationary,29.153628721998132,0.9998681660677423,0.9894206247217187,-0.010447541346023659
test_0022622,noisy,stationary,15.242363646882819,0.893846983547211,0.9158453274038839,0.021998343856672875
test_0022623,noisy,stationary,6.495955391475343,0.9271462375606339,0.9369554805143132,0.009809242953679354
test_0022624,noisy,stationary,5.91404334192875,0.7808736222307044,0.8870303239566915,0.10615670172598701
test_0022625,clean,impulsive,60.0,0.9999999999999991,0.9977027680592437,-0.002297231940755373
test_0022626,clean,impulsive,60.0,0.9999999999999982,0.999642497054718,-0.0003575029452802525
test_0022627,near_clean,stationary,34.180292164296745,0.9951520803387415,0.9962724616461739,0.0011203813074324165
test_0022628,near_clean,ambient,21.793365654933233,0.9710562519784356,0.9643960203061154,-0.006660231672320216
test_0022629,noisy,impulsive,1.1334215472778366,0.4249569199866274,0.4382241845248843,0.01326726453825694
test_0022630,near_clean,stationary,28.566416358736973,0.9766120599913374,0.9659136507385055,-0.01069840925283183
test_0022631,clean,nonstationary,60.0,0.9999999999999993,0.9980061298708126,-0.0019938701291867256
test_0022632,clean,ambient,60.0,1.0,0.9498037427311108,-0.05019625726888921
test_0022633,noisy,stationary,-2.0009381142058147,0.5540725744493138,0.5757437691172473,0.021671194667933547
test_0022634,near_clean,ambient,24.759610766952456,0.9899744504594695,0.9923599111529652,0.0023854606934956557
test_0022635,noisy,nonstationary,18.82599780830921,0.9016312561556998,0.9458180033010225,0.04418674714532267
test_0022636,noisy,stationary,13.223484468174842,0.9396945468207688,0.9273956026099358,-0.012298944210832996
test_0022637,noisy,stationary,10.156718300459152,0.9995191351960634,0.9989918222959018,-0.0005273129001616139
test_0022638,noisy,ambient,9.167559796384552,0.8711046044960137,0.9456800640821129,0.07457545958609924
test_0022639,near_clean,ambient,31.0501526790443,0.9993417104408558,0.9982258762318226,-0.001115834209033273
test_0022640,clean,stationary,60.0,0.9999999999999994,0.9997809810631323,-0.00021901893686715468
test_0022641,noisy,nonstationary,6.219912255076391,0.8556152862548757,0.9037960674678573,0.04818078121298164
test_0022642,clean,nonstationary,60.0,0.9999999999999993,0.9920428172589969,-0.007957182741002433
test_0022643,noisy,stationary,0.4757875409497201,0.8408817897963499,0.854505427101116,0.013623637304766123
test_0022644,near_clean,stationary,25.625347247653856,0.988559179935736,0.989810618993654,0.0012514390579179135
test_0022645,noisy,nonstationary,19.1295899155302,0.9891143997443692,0.9916402800152707,0.002525880270901504
test_0022646,noisy,stationary,18.10208853529197,0.9084756903447188,0.9510821115666426,0.04260642122192382
test_0022647,noisy,ambient,10.68695526728376,0.9255794823920875,0.9477489663042863,0.02216948391219875
test_0022648,near_clean,ambient,38.842096501829346,0.9997616033878484,0.9995293675227696,-0.00023223586507881144
test_0022649,noisy,stationary,16.897996299181603,0.8895924796691778,0.9009005786999845,0.011308099030806762
test_0022650,clean,ambient,60.0,0.9999999999999997,0.9978205718785907,-0.0021794281214089217
test_0022652,noisy,impulsive,1.5633781075092266,0.8112086524440937,0.9164825721592488,0.1052739197151551
test_0022653,near_clean,stationary,25.294976994317953,0.9926865215255196,0.9925814516831818,-0.0001050698423378238
test_0022654,noisy,ambient,12.527450067080082,0.994527017803201,0.9942340133354898,-0.0002930044677111887
test_0022655,noisy,ambient,-4.222061240945142,0.6858399467199273,0.8567933957003422,0.17095344898041487
test_0022656,near_clean,nonstationary,36.1678523700466,0.9940076971198634,0.9948747935250154,0.0008670964051520347
test_0022657,noisy,stationary,0.47772202571408773,0.7808454004259618,0.8188810177877178,0.03803561736175598
test_0022658,near_clean,nonstationary,24.27351396258013,0.9581426307934069,0.9657556138736069,0.007612983080199975
test_0022659,noisy,ambient,18.424757923537705,0.9610782962787889,0.9740486939608728,0.012970397682083856
test_0022660,near_clean,nonstationary,21.485992652173557,0.9913654094558846,0.9886310393901505,-0.002734370065734071
test_0022661,noisy,nonstationary,8.801272225836996,0.8864644169633004,0.9307429483270321,0.04427853136373172
test_0022662,clean,ambient,60.0,1.0,0.9739932201982443,-0.026006779801755697
test_0022663,noisy,nonstationary,16.16667960928556,0.9569947557558726,0.9756507370926859,0.018655981336813343
test_0022664,noisy,ambient,3.050809245062771,0.9457357592459111,0.9659355172801507,0.020199758034239568
test_0022665,noisy,stationary,-0.6541036493850552,0.6139441575838748,0.6687456026835243,0.05480144509964957
test_0022666,near_clean,stationary,26.467597955621272,0.9970049748747779,0.9971466675217696,0.00014169264699170903
test_0022667,clean,impulsive,60.0,0.9999999999999998,0.9993620545401996,-0.0006379454598002265
test_0022668,noisy,nonstationary,8.700151650546863,0.9784563710499881,0.9809438237735874,0.0024874527235992927
test_0022669,near_clean,nonstationary,37.30322866074448,0.9997371700476247,0.997125782795068,-0.0026113872525567183
test_0022670,noisy,ambient,17.32671649890504,0.9265011094095353,0.9641419030766344,0.03764079366709905
test_0022671,noisy,ambient,-2.6206362074556133,0.6793671576434652,0.7299799140555503,0.05061275641208507
test_0022672,noisy,stationary,-2.4015559696469024,0.6637343581867763,0.7112675228644492,0.04753316467767288
test_0022673,clean,impulsive,60.0,0.9999999999999972,0.9964367245844498,-0.003563275415547462
test_0022674,noisy,impulsive,-0.7167190097587186,0.8290785733660709,0.8528975918813373,0.023819018515266355
test_0022675,noisy,ambient,6.8776726946947235,0.9990161851782112,0.9987587167530998,-0.000257468425111429
test_0022676,noisy,nonstationary,15.575861217340758,0.9143282876921685,0.9318822703717882,0.017553982679619717
test_0022677,noisy,ambient,8.60024971508642,0.8592603333280687,0.9294717549489122,0.07021142162084348
test_0022678,noisy,ambient,19.07190626286589,0.9642564864054084,0.9487839261377993,-0.015472560267609126
test_0022679,near_clean,impulsive,33.26137759558343,0.9943256957214567,0.9954766246635152,0.0011509289420584823
test_0022680,clean,impulsive,60.0,0.9999999999999988,0.999329353327777,-0.0006706466722218307
test_0022681,noisy,ambient,4.396821351191839,0.8183350661150858,0.9163196871515604,0.09798462103647465
test_0022682,clean,ambient,60.0,0.9999999999999984,0.9974791142303422,-0.002520885769656256
test_0022683,noisy,nonstationary,-3.8585867099756985,0.774119298238996,0.881721867233481,0.10760256899448506
test_0022684,noisy,ambient,13.637921399954923,0.9302908619615659,0.9561415975093092,0.02585073554774331
test_0022685,noisy,impulsive,2.1714430806877445,0.6833598471342816,0.7236573409392165,0.04029749380493497
test_0022686,near_clean,nonstationary,21.770570130152457,0.971756513581814,0.9796339696634406,0.0078774560816266
test_0022687,clean,ambient,60.0,0.9999999999999998,0.9952034639715772,-0.00479653602842256
test_0022689,near_clean,ambient,36.61415091966268,0.9999585679931245,0.999728280789494,-0.00023028720363049704
test_0022691,clean,impulsive,60.0,0.9999999999999997,0.9993825166850362,-0.000617483314963474
test_0022692,noisy,ambient,16.46340077680849,0.9549439456754927,0.9807435939381219,0.02579964826262926
test_0022693,clean,nonstationary,60.0,0.9999999999999991,0.9988448120956083,-0.001155187904390842
test_0022694,near_clean,impulsive,34.08713530923951,0.9992667118625101,0.9912669751564189,-0.00799973670609122
test_0022695,noisy,nonstationary,19.759871909397436,0.9945826353850539,0.9939090892623444,-0.000673546122709423
test_0022696,noisy,nonstationary,13.917962356186184,0.8961580491472297,0.9275605271639988,0.0314024780167691
test_0022697,noisy,nonstationary,13.281792857517974,0.918026411819884,0.9490815745094824,0.031055162689598403
test_0022698,near_clean,impulsive,27.72685205639619,0.9648675190097985,0.9481089763228963,-0.016758542686902245
test_0022699,noisy,impulsive,12.842922535213166,0.8983676477353141,0.9284761850342773,0.030108537298963234
test_0022700,noisy,impulsive,16.913773052066695,0.924778670323119,0.9410063906808789,0.01622772035775988
test_0022702,near_clean,stationary,33.770130908837075,0.9959021513070704,0.9948867520130208,-0.0010153992940495904
test_0022703,clean,ambient,60.0,0.9999999999999983,0.9958866718259516,-0.004113328174046749
test_0022704,noisy,nonstationary,-3.5463872916285317,0.6636634669779922,0.7307874109616889,0.0671239439836967
test_0022705,noisy,ambient,11.567479880895792,0.8823482826731136,0.9130181286969629,0.030669846023849257
test_0022706,noisy,ambient,3.192616867425178,0.8587032821478428,0.8868521482100314,0.028148866062188693
test_0022707,noisy,ambient,11.516376806376385,0.8526435432418364,0.9413247303666191,0.08868118712478268
test_0022708,noisy,impulsive,15.411824399431083,0.9741679368490667,0.9626343367667458,-0.01153360008232085
test_0022709,noisy,stationary,-2.0075290827841776,0.9734217297595616,0.982517419138485,0.009095689378923355
test_0022710,near_clean,ambient,36.97768529456805,0.9994471109250022,0.9803529755766835,-0.019094135348318608
test_0022711,near_clean,ambient,31.216993927498393,0.9951800912218649,0.9913706348001722,-0.003809456421692725
test_0022712,noisy,stationary,8.612409304817263,0.8430005163914029,0.8765612396580954,0.03356072326669246
test_0022713,noisy,nonstationary,0.667620694686784,0.6445673692204539,0.7241375178798921,0.07957014865943823
test_0022715,near_clean,impulsive,38.423731941223295,0.999990459012037,0.9997565952924323,-0.00023386371960465446
test_0022716,noisy,ambient,4.042628553153259,0.8340136488503234,0.8741531212972381,0.04013947244691474
test_0022717,noisy,stationary,2.1676001763279817,0.6896169675255113,0.7434535817163828,0.05383661419087149
test_0022718,near_clean,nonstationary,21.966512560441583,0.9879220534544556,0.9900696692523402,0.0021476157978845833
test_0022719,near_clean,nonstationary,26.238759496233108,0.9853713908865485,0.9852991533038592,-7.223758268926073e-05
test_0022720,noisy,ambient,-2.66043036784422,0.8346588794888872,0.9360740311641783,0.10141515167529114
test_0022721,noisy,nonstationary,5.899939657414247,0.7918345602271544,0.8394259625867088,0.04759140235955439
test_0022722,noisy,nonstationary,8.481218641716083,0.7826385472124316,0.8251811583033563,0.04254261109092461
test_0022723,noisy,stationary,1.6145300062624814,0.7377319767323228,0.8397961137779095,0.1020641370455867
test_0022725,noisy,nonstationary,11.413093304289045,0.8676245445057981,0.9244022635186311,0.05677771901283302
test_0022726,noisy,nonstationary,5.850328950036506,0.7987928615757887,0.8190460721654834,0.02025321058969476
test_0022727,noisy,stationary,2.555440118931064,0.8110387687941808,0.8063113634911623,-0.004727405303018517
test_0022728,noisy,stationary,-4.168300757599376,0.7399031488798369,0.7736602341988059,0.03375708531896904
test_0022729,noisy,ambient,14.576844632633154,0.925087498032798,0.9647269263742706,0.039639428341472605
test_0022730,clean,stationary,60.0,1.0,0.9996130100905423,-0.0003869899094577356
test_0022731,noisy,ambient,6.840789681197247,0.873877964783589,0.9331414949184241,0.059263530134835096
test_0022732,near_clean,impulsive,27.510274697409457,0.9808182105474705,0.9431534900820863,-0.03766472046538427
test_0022733,noisy,nonstationary,1.1647829874790228,0.7384318440918243,0.7876223605262965,0.04919051643447225
test_0022734,noisy,ambient,12.468908374524297,0.9726638189809471,0.9788511658764611,0.006187346895514034
test_0022737,noisy,stationary,-3.9715887312976355,0.8656125380485188,0.896839437093225,0.031226899044706213
test_0022738,clean,ambient,60.0,0.9999999999999999,0.9992370610472763,-0.000762938952723613
test_0022739,noisy,nonstationary,2.2526102174179874,0.7404532957677449,0.7954206033717681,0.05496730760402324
test_0022740,noisy,impulsive,5.219918779295156,0.7601400148689291,0.820862526732244,0.0607225118633149
test_0022741,noisy,nonstationary,-3.839376872801071,0.7445478529414713,0.8311737600576046,0.08662590711613327
test_0022742,clean,stationary,60.0,0.9999999999999978,0.9928007912377567,-0.007199208762241116
test_0022743,noisy,stationary,1.245116836802148,0.7989004686824773,0.8612316376132684,0.06233116893079105
test_0022744,near_clean,impulsive,33.868125453411736,0.9839934563925191,0.9861511661186779,0.0021577097261588074
test_0022745,near_clean,nonstationary,32.49959820308037,0.9996610959942854,0.9929199618389056,-0.006741134155379802
test_0022747,near_clean,ambient,39.57571744851855,0.9896205481002494,0.98546921758196,-0.004151330518289309
test_0022748,noisy,stationary,0.15861786026439972,0.8603105076855899,0.8871425400164095,0.026832032330819544
test_0022749,noisy,impulsive,4.915191719217805,0.8491342016042215,0.9240908071353096,0.07495660553108807
test_0022750,near_clean,stationary,38.65364954749707,0.997713581653264,0.997110214388424,-0.0006033672648400046
test_0022751,clean,stationary,60.0,0.9999999999999988,0.9994953166600214,-0.0005046833399773298
test_0022753,near_clean,ambient,35.17426175293078,0.9916990363824316,0.9311175863582898,-0.060581450024141836
test_0022754,noisy,impulsive,7.862949734489623,0.836929326808908,0.915503921666677,0.07857459485776908
test_0022756,near_clean,stationary,28.314558473669187,0.9870909683623953,0.9880542488312182,0.0009632804688228802
test_0022757,noisy,nonstationary,2.2361225624620413,0.8287502565134606,0.8338676338416893,0.0051173773282287005
test_0022758,near_clean,nonstationary,28.144074157634165,0.9901858210811554,0.9754831379909434,-0.014702683090211943
test_0022759,noisy,nonstationary,12.301207521528735,0.9167531698657536,0.8757208202404253,-0.04103234962532831
test_0022760,noisy,impulsive,8.277502392275705,0.9144746025699123,0.9560786477814666,0.04160404521155425
test_0022761,near_clean,ambient,23.336042831608488,0.9787437797586119,0.9678003466128979,-0.010943433145713999
test_0022762,near_clean,nonstationary,39.29619924577757,0.9995568660628267,0.9985562381774058,-0.0010006278854208794
test_0022763,near_clean,impulsive,39.589386107631086,0.999145594621978,0.9982564321480032,-0.0008891624739748583
test_0022765,noisy,impulsive,15.933653745728808,0.9038883751674986,0.9067774419860015,0.0028890668185028723
test_0022766,noisy,ambient,13.387237534824177,0.9387411472559917,0.9526692187501711,0.013928071494179406
test_0022767,near_clean,ambient,37.964554688305185,0.9977928438202741,0.997596313563604,-0.00019653025667010215
test_0022768,noisy,nonstationary,0.5924872913264947,0.7163032808365865,0.8106870457454594,0.0943837649088729
test_0022769,noisy,stationary,11.3830132728596,0.8000474955259766,0.8553671883208447,0.055319692794868036
test_0022770,noisy,impulsive,19.194278141336298,0.9801728268288084,0.98716319054074,0.006990363711931624
test_0022771,clean,stationary,60.0,0.9999999999999926,0.9937465997361803,-0.00625340026381227
test_0022772,noisy,nonstationary,-0.013017868217089834,0.851893080323941,0.8815359111603768,0.02964283083643582
test_0022773,near_clean,ambient,20.777330493290137,0.9831701775362072,0.9911982346513601,0.008028057115152976
test_0022774,noisy,impulsive,9.082656946662508,0.8333612454843449,0.9305757499568503,0.09721450447250546
test_0022776,near_clean,ambient,38.78285787035358,0.9999741383241579,0.9996215463038826,-0.0003525920202753774
test_0022777,noisy,nonstationary,8.47421519218433,0.8537831605276324,0.8899148869292771,0.03613172640164475
test_0022779,noisy,stationary,-0.6984964191015228,0.6315456338570206,0.6532531775275636,0.02170754367054306
test_0022780,noisy,impulsive,14.974426015790044,0.9955410903676958,0.9966092270479929,0.0010681366802971493
test_0022781,clean,nonstationary,60.0,0.9999999999999996,0.9978286645168608,-0.0021713354831387477
test_0022782,noisy,nonstationary,9.509439088644285,0.8978504372485173,0.9554651621329028,0.05761472488438546
test_0022783,clean,nonstationary,60.0,0.9999999999999992,0.9859165018591575,-0.014083498140841755
test_0022784,clean,nonstationary,60.0,1.0,0.9993256550706295,-0.0006743449293704629
test_0022785,clean,nonstationary,60.0,0.9999999999999997,0.9996224418017795,-0.00037755819822016257
test_0022786,noisy,stationary,3.5138352462669147,0.9473341566431981,0.9627242020303945,0.01539004538719646
test_0022787,near_clean,nonstationary,32.721727277753224,0.9995612450771725,0.9991534033628444,-0.00040784171432806104
test_0022788,near_clean,nonstationary,26.57426377347077,0.9931245921486686,0.9914048069301846,-0.0017197852184839268
test_0022789,near_clean,nonstationary,37.617975537906275,0.9979496071063353,0.9961057921468508,-0.001843814959484491
test_0022790,noisy,stationary,11.926023685642722,0.891081247871689,0.9149073644356266,0.023826116563937627
test_0022791,near_clean,ambient,29.095347516623107,0.9989139578873253,0.9902943937827734,-0.008619564104551891
test_0022792,noisy,nonstationary,14.81135758297561,0.970018265872698,0.9810607098220808,0.011042443949382807
test_0022794,clean,ambient,60.0,0.9999999999999993,0.9998431987637856,-0.00015680123621375497
test_0022795,noisy,nonstationary,-2.059372650022682,0.8989391125413356,0.945459128708816,0.04652001616748036
test_0022797,noisy,stationary,1.8738943392706586,0.850018403814435,0.8719602972501866,0.02194189343575159
test_0022798,near_clean,nonstationary,33.753955169237315,0.9694057140380011,0.9325251860890923,-0.03688052794890884
test_0022799,noisy,ambient,16.75848213856955,0.9752539096192008,0.9803852975414592,0.0051313879222584236
test_0022800,clean,stationary,60.0,0.9999999999999997,0.9988061252038217,-0.0011938747961779406
test_0022801,noisy,nonstationary,14.984950582307281,0.9279176695823477,0.9553633429176159,0.02744567333526826
test_0022802,noisy,stationary,15.40934670984068,0.9370394469665349,0.9547134863769583,0.017674039410423448
test_0022803,near_clean,nonstationary,34.22412380005808,0.9989705773818137,0.9986977699773256,-0.0002728074044880957
test_0022804,near_clean,ambient,30.266350706876075,0.9748830846540849,0.9808798127888766,0.0059967281347916845
test_0022805,near_clean,ambient,30.252492708084144,0.995518645397849,0.9844193618680497,-0.011099283529799275
test_0022806,near_clean,nonstationary,30.728424678404508,0.9962796284584119,0.9959403335226927,-0.0003392949357191588
test_0022807,clean,ambient,60.0,0.9999999999999978,0.999005705789392,-0.0009942942106058172
test_0022808,clean,ambient,60.0,0.9999999999999991,0.9997820609243666,-0.0002179390756325006
test_0022810,noisy,stationary,-3.199968363792572,0.5760777626425064,0.6203720609922035,0.044294298349697114
test_0022811,near_clean,stationary,38.32788036319085,0.9870928625972502,0.9358981060185785,-0.051194756578671674
test_0022812,noisy,impulsive,-3.179225736610398,0.844656150841296,0.8712392817586723,0.026583130917376296
test_0022813,noisy,ambient,9.129678799290174,0.8256869551694827,0.851465032198298,0.025778077028815405
test_0022814,noisy,ambient,6.225753962927351,0.8901733362029138,0.9257340295884376,0.03556069338552381
test_0022815,noisy,stationary,7.739744050997281,0.7844256465589022,0.8286036494202627,0.04417800286136042
test_0022817,clean,ambient,60.0,0.9999999999999993,0.9984189532007923,-0.0015810467992070087
test_0022818,noisy,nonstationary,-4.192959894969851,0.726228726242212,0.7754446907732608,0.04921596453104882
test_0022819,near_clean,nonstationary,25.25409358767206,0.9968470140348572,0.9983689301720059,0.0015219161371486933
test_0022820,noisy,nonstationary,-4.867879447401734,0.5471214470223172,0.6069236677710187,0.05980222074870145
test_0022821,noisy,ambient,1.9924697644662723,0.6904639739746293,0.7634616257562428,0.07299765178161344
test_0022823,noisy,stationary,14.819657945948638,0.8689254028517067,0.8945074097312724,0.02558200687956569
test_0022824,near_clean,nonstationary,28.017965491600343,0.9983898746184644,0.9982094286196811,-0.00018044599878330736
test_0022825,near_clean,ambient,26.237838049365287,0.9830972773359085,0.9902801400486967,0.007182862712788229
test_0022826,noisy,ambient,5.156474599108867,0.859937079795105,0.9320931562192231,0.07215607642411803
test_0022827,noisy,ambient,7.43499546156476,0.9681008599187839,0.98443409445552,0.016333234536736074
test_0022828,noisy,ambient,17.043102699478318,0.9429297719969294,0.9611916919065769,0.01826191990964754
test_0022829,noisy,nonstationary,-3.483203894034949,0.6861347619195789,0.7101183290376114,0.02398356711803251
test_0022830,noisy,nonstationary,13.477113949383078,0.9731694060941182,0.9708460960840811,-0.0023233100100370496
test_0022831,near_clean,ambient,32.408327282545585,0.9959980884450086,0.9958440784564367,-0.000154009988571846
test_0022832,noisy,impulsive,-3.6340298241928815,0.8549836370612822,0.8938372703092353,0.0388536332479531
test_0022833,noisy,impulsive,11.016925160111978,0.9610832692664929,0.9622440494879777,0.0011607802214848029
test_0022834,noisy,ambient,-2.677380647705983,0.8417056032523789,0.9262222613476614,0.08451665809528253
test_0022835,noisy,stationary,19.479521962908045,0.9835071356761391,0.9860670163102365,0.0025598806340974
test_0022836,near_clean,stationary,26.732610156772814,0.9684218483023781,0.9841794974494747,0.015757649147096653
test_0022837,clean,nonstationary,60.0,0.9999999999999993,0.9985524882590913,-0.0014475117409080696
test_0022838,noisy,nonstationary,6.944618421950787,0.7406737736195442,0.7833906070365019,0.042716833416957645
test_0022839,near_clean,stationary,21.290563954212004,0.9795489701790071,0.9855478727208733,0.005998902541866191
test_0022840,noisy,stationary,3.246877881601131,0.7833226553279733,0.79120925825959,0.007886602931616693
test_0022841,noisy,impulsive,14.786595586034117,0.9572065710175154,0.9677486468592393,0.010542075841723952
test_0022842,noisy,nonstationary,-0.6501450929208268,0.6567372432605129,0.7285025438914142,0.07176530063090136
test_0022843,clean,nonstationary,60.0,0.9999999999999996,0.9926980142426192,-0.0073019857573803915
test_0022845,clean,ambient,60.0,0.9999999999999997,0.9996473330659252,-0.0003526669340744304
test_0022846,noisy,impulsive,17.062874715136534,0.9365920643608784,0.9613869742802204,0.024794909919341968
test_0022847,noisy,stationary,18.71806896028486,0.94747130605113,0.9576303042235799,0.010158998172449918
test_0022848,noisy,nonstationary,12.797919356297484,0.9188422042617848,0.9381846701179111,0.019342465856126312
test_0022849,noisy,impulsive,12.098216662458736,0.8866079812282872,0.9308226575315599,0.04421467630327269
test_0022850,near_clean,nonstationary,39.78241779867986,0.9947181799817534,0.9936012370555226,-0.0011169429262307684
test_0022851,noisy,ambient,-0.0994951311260408,0.7405365701831991,0.7645293545303864,0.023992784347187324
test_0022852,clean,impulsive,60.0,0.9999999999999998,0.9974301737246837,-0.0025698262753161005
test_0022853,noisy,stationary,0.0894937724861613,0.6949893475139397,0.7108601281868605,0.015870780672920803
test_0022854,noisy,ambient,19.67841772513646,0.9890557463774191,0.9923644546297831,0.0033087082523639566
test_0022855,clean,nonstationary,60.0,1.0,0.974511616307411,-0.02548838369258899
test_0022856,noisy,ambient,8.508961669284494,0.9315359889297284,0.960141426669596,0.028605437739867567
test_0022857,noisy,stationary,16.341101327212584,0.9876531401695418,0.9597175880033044,-0.027935552166237332
test_0022859,clean,impulsive,60.0,0.9999999999999987,0.9988814831095681,-0.001118516890430521
test_0022861,noisy,stationary,16.02473976998104,0.9225761185376137,0.9465546254238572,0.023978506886243478
test_0022862,noisy,ambient,5.673802025534174,0.8287275589080076,0.8748046971215737,0.04607713821356607
test_0022863,near_clean,stationary,34.846463840451634,0.9997855137131237,0.9987812008661482,-0.0010043128469755525
test_0022864,noisy,stationary,17.881832801568226,0.9968549738139642,0.9957550636342652,-0.0010999101796989041
test_0022865,near_clean,nonstationary,31.764022979383988,0.987243736824412,0.9822877432505415,-0.004955993573870554
test_0022867,noisy,impulsive,-1.8829137771607618,0.6164807566668081,0.7866881741260386,0.17020741745923051
test_0022868,noisy,nonstationary,-2.9026079516209013,0.6154940165074223,0.6695146562492456,0.05402063974182325
test_0022869,noisy,nonstationary,10.646911109061973,0.9200155274688016,0.9452594341146532,0.025243906645851633
test_0022870,noisy,nonstationary,6.317951956064826,0.9792712296055163,0.9835197480296373,0.004248518424120995
test_0022871,noisy,ambient,4.595172331086999,0.6098847570822024,0.7562958806734763,0.14641112359127395
test_0022872,noisy,nonstationary,-3.421503174007446,0.917123192964954,0.9625881179715926,0.04546492500663857
test_0022873,noisy,impulsive,1.5166454233774038,0.8877513497468231,0.9318747980186369,0.0441234482718138
test_0022874,near_clean,impulsive,33.152933139417975,0.9799193257341281,0.9894386882755797,0.009519362541451581
test_0022875,clean,ambient,60.0,0.9999999999999984,0.9986724867264136,-0.0013275132735848238
test_0022876,noisy,ambient,-0.5325739704853181,0.7398377685469649,0.7824209414257105,0.04258317287874558
test_0022877,near_clean,impulsive,38.1327939779933,0.9994109353917588,0.9976617429638532,-0.0017491924279056104
test_0022878,noisy,stationary,1.9811706980742798,0.6330351354781776,0.7329432980779657,0.09990816259978808
test_0022879,near_clean,impulsive,28.899072630262246,0.9915424113121961,0.9968336457096999,0.005291234397503786
test_0022881,noisy,stationary,16.089571066594168,0.953606067560831,0.9737013774782727,0.020095309917441684
test_0022882,noisy,ambient,15.92691353166035,0.9834295924582729,0.9862493503415426,0.0028197578832697134
test_0022883,noisy,impulsive,8.956266098302642,0.8013917382923513,0.8851083013953752,0.08371656310302389
test_0022884,noisy,impulsive,4.375122770520752,0.8881468241598226,0.925082480601484,0.03693565644166141
test_0022885,near_clean,nonstationary,33.670045488500406,0.98485349679216,0.9961581497682409,0.011304652976080853
test_0022886,noisy,stationary,7.0549062070178845,0.9771008491286929,0.9806571911937072,0.0035563420650143174
test_0022887,noisy,impulsive,0.307207247352272,0.7321521062955373,0.8745636493212118,0.1424115430256745
test_0022889,noisy,nonstationary,-4.120962793400483,0.6231393723654776,0.6550659510151998,0.03192657864972226
test_0022890,noisy,impulsive,19.371107380382355,0.9822692662133448,0.9762056112733298,-0.006063654940014929
test_0022891,noisy,nonstationary,18.75850378405885,0.8870585153079628,0.9161614355830132,0.02910292027505046
test_0022892,near_clean,impulsive,32.42834436734831,0.9948352504485314,0.996816346296881,0.001981095848349601
test_0022893,noisy,stationary,-2.9720653057615993,0.7391976105494829,0.8176715707532161,0.0784739602037332
test_0022894,noisy,nonstationary,14.843904452968058,0.9106709876101637,0.9429190286229975,0.03224804101283374
test_0022895,noisy,nonstationary,19.85416477562955,0.9557985876280338,0.949613339392464,-0.0061852482355698735
test_0022896,noisy,impulsive,11.90439655263896,0.7540023456167109,0.8202696905421999,0.06626734492548902
test_0022897,near_clean,ambient,36.04009947131152,0.9992925086613393,0.9973698029556617,-0.001922705705677652
test_0022898,noisy,nonstationary,19.230053140893236,0.9683263337227297,0.940622211215446,-0.027704122507283713
test_0022899,near_clean,nonstationary,26.921280240488798,0.999104075691146,0.9974465753783527,-0.0016575003127933252
test_0022901,noisy,nonstationary,16.8164946960578,0.9348536002637516,0.9484077118381823,0.01355411157443065
test_0022902,near_clean,ambient,28.858984702069932,0.9955087871247541,0.9965608801787164,0.0010520930539622553
test_0022903,noisy,ambient,3.820878083014291,0.8144543568895191,0.8767226846034765,0.062268327713957405
test_0022904,clean,stationary,60.0,0.9999999999999997,0.9986768414736393,-0.0013231585263603352
test_0022905,noisy,impulsive,-0.16763706941179546,0.8131957256642428,0.9085693523466787,0.09537362668243587
test_0022906,noisy,impulsive,-4.076093017952199,0.4392036514388232,0.6488064323204077,0.20960278088158452
test_0022908,near_clean,impulsive,27.37016057193731,0.979157445571369,0.9855560268910135,0.006398581319644547
test_0022909,clean,stationary,60.0,1.0,0.9977326801237392,-0.0022673198762608315
test_0022910,near_clean,impulsive,35.2617596886144,0.9925757067007078,0.9816635780921606,-0.010912128608547178
test_0022911,noisy,impulsive,14.418508515127751,0.8783171147154172,0.9187644654574312,0.040447350742014
test_0022912,noisy,ambient,1.5794623895144708,0.8239892333929241,0.8906907090421974,0.06670147564927331
test_0022913,near_clean,nonstationary,21.61198515624596,0.9918479332293287,0.9904158047966545,-0.0014321284326742623
test_0022914,noisy,nonstationary,2.721881469342301,0.7287683707574558,0.7980864867430508,0.06931811598559501
test_0022915,noisy,stationary,-0.333137783598362,0.8705909637626976,0.9101281046493268,0.039537140886629185
test_0022916,noisy,stationary,-3.5860706964560296,0.6997129350117077,0.74164218556765,0.04192925055594232
test_0022917,noisy,impulsive,13.623489863849628,0.9034196820132229,0.9353817730138647,0.031962091000641846
test_0022918,noisy,ambient,19.773538787217714,0.9823245715759165,0.9942559648081406,0.011931393232224141
test_0022919,noisy,impulsive,11.995975481852621,0.9612504667847257,0.9650189758118086,0.0037685090270829225
test_0022921,clean,ambient,60.0,0.9999999999999987,0.9879223102875391,-0.012077689712459594
test_0022922,noisy,impulsive,0.3726645511027824,0.6981842911203128,0.7916772486524596,0.09349295753214681
test_0022923,near_clean,ambient,28.590130073141474,0.9994181259084532,0.9987667784524291,-0.0006513474560241317
test_0022924,near_clean,ambient,27.004240195882296,0.9890386160752873,0.9736189454753726,-0.01541967059991467
test_0022925,clean,nonstationary,60.0,0.9999999999999997,0.994067549068878,-0.005932450931121713
test_0022927,noisy,ambient,3.8704361311901394,0.9324145014796063,0.9593001675728651,0.02688566609325882
test_0022928,near_clean,ambient,35.94221554270323,0.99600086531169,0.9989280123619433,0.0029271470502533203
test_0022929,noisy,stationary,12.25981708129257,0.9110679531527109,0.9336841184663374,0.022616165313626424
test_0022931,noisy,impulsive,6.421102415798789,0.8837712642493207,0.9468841367038031,0.06311287245448238
test_0022932,noisy,ambient,-3.893797828245522,0.8482598098355759,0.8596190279110825,0.01135921807550655
test_0022933,noisy,stationary,18.264013483531066,0.9920688448043739,0.9922696220295611,0.00020077722518729857
test_0022934,noisy,nonstationary,19.58974992610502,0.9815208823626239,0.9830892220836213,0.001568339720997347
test_0022935,near_clean,impulsive,34.016160706943076,0.99999105087593,0.9979306920990013,-0.0020603587769286724
test_0022936,near_clean,ambient,36.976991333159035,0.9955721602761429,0.997283748538717,0.0017115882625741152
test_0022937,near_clean,stationary,26.674058740235004,0.9937806836751976,0.9956374314129117,0.0018567477377141595
test_0022938,noisy,ambient,5.093924010392014,0.8993056885328976,0.9237205194123702,0.024414830879472604
test_0022939,noisy,ambient,15.30957723307143,0.918178550680883,0.9291842885101631,0.011005737829280049
test_0022940,noisy,nonstationary,11.360809851007154,0.851869495556437,0.9362280682015308,0.08435857264509383
test_0022942,clean,impulsive,60.0,1.0,0.9997228106886568,-0.00027718931134324
test_0022943,noisy,ambient,9.535203045013253,0.9190339618295178,0.946057892451441,0.02702393062192321
test_0022944,noisy,nonstationary,5.669505498722289,0.8309786892767668,0.864402790020139,0.03342410074337221
test_0022945,near_clean,ambient,30.215281507897007,0.9998341086526736,0.9807207003486534,-0.019113408304020196
test_0022946,near_clean,impulsive,25.905661785444572,0.9945262057068888,0.9955509258559935,0.0010247201491047075
test_0022947,clean,impulsive,60.0,0.9999999999999997,0.999076967860739,-0.0009230321392607044
test_0022948,near_clean,nonstationary,31.274585873688814,0.9813931442271921,0.9846655462055925,0.0032724019784003966
test_0022949,noisy,ambient,17.096146033665,0.9151235965735677,0.9402286893968724,0.025105092823304753
test_0022950,noisy,nonstationary,9.12820614947875,0.9715232847727536,0.9819025683916185,0.010379283618864865
test_0022951,clean,impulsive,60.0,0.9999999999999996,0.9992848671820036,-0.000715132817995956
test_0022952,noisy,ambient,14.88189225327277,0.9304096578727783,0.9780128997903889,0.04760324191761056
test_0022954,noisy,nonstationary,8.235634105940575,0.8179699984101447,0.8558597019629265,0.03788970355278176
test_0022955,clean,nonstationary,60.0,0.9999999999999988,0.992864570281394,-0.007135429718604813
test_0022956,near_clean,stationary,23.98503107755405,0.9926505403921275,0.9941920789843669,0.0015415385922393776
test_0022957,clean,nonstationary,60.0,0.9999999999999998,0.9960287978264737,-0.003971202173526089
test_0022958,noisy,stationary,-1.8814557731546069,0.8847781251046514,0.9099492396242675,0.025171114519616178
test_0022959,noisy,nonstationary,0.06583313796606394,0.5996251495422263,0.6688898709011223,0.06926472135889594
test_0022960,noisy,nonstationary,-2.5083211427963144,0.6026836739593475,0.7338453588378164,0.1311616848784689
test_0022961,noisy,ambient,10.162168230044587,0.9207441312970764,0.9406542979439999,0.019910166646923466
test_0022962,near_clean,nonstationary,20.647373260803203,0.9797603049479974,0.9875205649430278,0.007760259995030383
test_0022963,noisy,nonstationary,14.368000185088462,0.8423331576453426,0.9013455897219326,0.059012432076590016
test_0022964,noisy,stationary,11.16661329291103,0.8833982297101662,0.9032882616789027,0.01989003196873651
test_0022965,near_clean,impulsive,25.421739089815304,0.9343095830290744,0.9211358536170795,-0.013173729411994906
test_0022966,near_clean,impulsive,39.77642474871941,0.9912296285223308,0.9780158099206898,-0.013213818601640948
test_0022967,noisy,stationary,6.4821102932197086,0.8863807122782571,0.9249050359148172,0.03852432363656011
test_0022968,near_clean,stationary,20.06499020629524,0.9262188348850053,0.9486592358110694,0.02244040092606403
test_0022970,near_clean,impulsive,30.269646615730714,0.9797394725310778,0.9623989008705475,-0.01734057166053038
test_0022972,clean,stationary,60.0,0.9999999999999969,0.9991617732093192,-0.0008382267906776875
test_0022973,noisy,nonstationary,13.743254173287877,0.8771285227015295,0.9200967258232978,0.0429682031217683
test_0022974,noisy,ambient,17.19086069216346,0.9014628654808646,0.92195589346627,0.02049302798540542
test_0022975,noisy,ambient,10.31606847622724,0.9476190710500059,0.9736304275139548,0.02601135646394892
test_0022976,noisy,stationary,4.167187427159748,0.826491840294998,0.8371035811636055,0.0106117408686075
test_0022977,noisy,impulsive,0.45965912194916214,0.7820944690888032,0.8325664704115753,0.050472001322772075
test_0022978,noisy,stationary,14.064567988723745,0.9738958840456352,0.9783112809126597,0.004415396867024524
test_0022979,near_clean,impulsive,21.95155363867415,0.988182114076983,0.9925115885592705,0.0043294744822874875
test_0022980,noisy,impulsive,11.494207639558404,0.769723904646238,0.8275328470598361,0.05780894241359813
test_0022981,clean,nonstationary,60.0,0.9999999999999988,0.9996912568021462,-0.0003087431978525679
test_0022982,noisy,ambient,6.40504387104837,0.8947626493220668,0.9160448448651456,0.021282195543078752
test_0022983,clean,impulsive,60.0,0.9999999999999987,0.9990680959498287,-0.0009319040501699627
test_0022984,clean,ambient,60.0,1.0,0.9958371600717638,-0.004162839928236184
test_0022985,noisy,nonstationary,-1.7766700960420416,0.5534178451739556,0.5783128766440879,0.02489503147013228
test_0022986,near_clean,impulsive,26.54628606299625,0.9766620573707678,0.9790208897645657,0.0023588323937978606
test_0022987,noisy,nonstationary,15.379961998987053,0.9109601830990631,0.9315270180299491,0.020566834930885958
test_0022988,noisy,impulsive,1.113776930345879,0.8088802528225539,0.8329207755104404,0.02404052268788648
test_0022989,near_clean,ambient,20.910318128000082,0.8886120377637976,0.9086681847844882,0.020056147020690585
test_0022990,noisy,nonstationary,17.186114105970216,0.9537890935170708,0.9517498257268943,-0.002039267790176491
test_0022991,near_clean,stationary,37.71651131318403,0.9995077019018924,0.9989056148132871,-0.0006020870886053187
test_0022992,noisy,nonstationary,17.750512199882447,0.9515218047821296,0.9592357924878543,0.007713987705724734
test_0022993,clean,impulsive,60.0,1.0,0.9857425879091055,-0.014257412090894483
test_0022994,noisy,impulsive,15.594386776255956,0.930420206428655,0.9568754937297291,0.02645528730107416
test_0022995,noisy,stationary,0.2976738459553365,0.8147534881376646,0.8492970585844928,0.03454357044682821
test_0022997,near_clean,nonstationary,24.998734318472742,0.9771775699319616,0.9818991035127606,0.0047215335807989645
test_0022998,noisy,nonstationary,-3.331181611075216,0.5561181051735367,0.6374306074570327,0.08131250228349607
test_0022999,noisy,stationary,17.28668159883736,0.936918582614078,0.9455559880869846,0.00863740547290659
test_0023000,noisy,impulsive,18.95088133834381,0.8776306582761818,0.9417446231865247,0.06411396491034294
test_0023001,noisy,nonstationary,18.811173290547927,0.9966511092827987,0.9966689109814733,1.780169867460213e-05
test_0023002,noisy,impulsive,7.138052897082668,0.9014327278783236,0.9317351679336381,0.03030244005531446
test_0023003,noisy,impulsive,16.252211804913603,0.9392768389954385,0.979448279746057,0.040171440750618514
test_0023004,near_clean,nonstationary,24.254164519943625,0.9980546650738683,0.9919193747495335,-0.006135290324334797
test_0023005,clean,nonstationary,60.0,0.9999999999999978,0.9959798784398691,-0.004020121560128653
test_0023006,noisy,nonstationary,1.858280487282534,0.7535164909116933,0.7915611289689248,0.03804463805723157
test_0023007,near_clean,nonstationary,26.709761484085345,0.9920459642033772,0.9926109872722547,0.0005650230688775126
test_0023008,clean,ambient,60.0,0.9999999999999988,0.9997365849997927,-0.000263415000206102
test_0023009,noisy,stationary,6.041757638075856,0.8912363685009399,0.9185847770492203,0.027348408548280356
test_0023010,noisy,impulsive,-3.806934294778226,0.48722569479683075,0.6478565860445844,0.16063089124775365
test_0023011,noisy,ambient,8.379391091294456,0.8786412890352477,0.8952106132873777,0.01656932425212998
test_0023012,noisy,impulsive,-4.881651539691029,0.41730251949701364,0.5893792948744517,0.1720767753774381
test_0023013,near_clean,impulsive,32.360289864721665,0.9983249668967015,0.9972823749800667,-0.0010425919166348052
test_0023014,near_clean,ambient,29.221921811568183,0.9984845095175748,0.9986760544316814,0.00019154491410655616
test_0023015,noisy,nonstationary,5.511455011245719,0.7745627974865119,0.8570370611197806,0.08247426363326871
test_0023016,near_clean,ambient,27.07864923323978,0.9960612150096606,0.9846718440003278,-0.011389371009332794
test_0023017,near_clean,nonstationary,22.213039994045726,0.9788005826657932,0.9848713161266418,0.006070733460848632
test_0023018,noisy,ambient,3.9999500206937597,0.8486151889159277,0.9005247771457257,0.051909588229797965
test_0023019,noisy,ambient,5.658023614809615,0.8467664481686865,0.8755319450651673,0.02876549689648078
test_0023020,noisy,nonstationary,6.550831096285814,0.9188064593367236,0.9072706600207412,-0.011535799315982365
test_0023021,noisy,stationary,17.108298658007143,0.9251720958742428,0.9411024270678109,0.015930331193568126
test_0023022,noisy,ambient,9.556525822383511,0.9276759068351683,0.951373909088398,0.02369800225322971
test_0023023,noisy,stationary,10.951501806222012,0.9839545003410771,0.990759223477747,0.00680472313666991
test_0023024,noisy,ambient,12.970384123550883,0.9642363574402892,0.9456266020461458,-0.018609755394143446
test_0023025,noisy,impulsive,17.240847102666244,0.8827016086612727,0.9281792113392237,0.04547760267795098
test_0023026,clean,nonstationary,60.0,0.9999999999999996,0.9993753176099706,-0.0006246823900289966
test_0023028,noisy,ambient,-3.1053489006625563,0.53057197230648,0.677675430349475,0.14710345804299496
test_0023029,noisy,nonstationary,18.62712835632069,0.9149487986879006,0.9453296789745991,0.030380880286698497
test_0023030,near_clean,nonstationary,26.178607294901482,0.938141384122965,0.9530413918894935,0.014900007766528556
test_0023031,noisy,ambient,10.107919821074391,0.8914792887424553,0.9182311825579189,0.026751893815463612
test_0023032,near_clean,stationary,26.80871392338871,0.9938654203127005,0.9923948609314021,-0.0014705593812984752
test_0023033,noisy,nonstationary,12.433037993837086,0.8956110288485075,0.9343224187094316,0.03871138986092404
test_0023034,noisy,stationary,1.8671648466540915,0.6461477116170347,0.7349543372934223,0.08880662567638764
test_0023035,near_clean,ambient,30.08161057428902,0.9825562556233005,0.9761273602527876,-0.006428895370512944
test_0023037,noisy,ambient,11.09023468582917,0.9939622130724158,0.9928265347147265,-0.0011356783576893514
test_0023038,noisy,impulsive,-3.4112749854141793,0.6771427855089156,0.7611910275258795,0.08404824201696393
test_0023039,clean,stationary,60.0,1.0,0.9960148140061721,-0.003985185993827911
test_0023040,noisy,nonstationary,5.819469247143697,0.8607737343529697,0.8699647012701167,0.009190966917147048
test_0023041,noisy,nonstationary,-0.4420158682955826,0.8822589381603632,0.9173008862826549,0.03504194812229178
test_0023043,noisy,impulsive,3.730923116487176,0.7931736520004382,0.9038455294358508,0.11067187743541262
test_0023044,noisy,ambient,0.48811099593846663,0.69800053095285,0.7887798814498367,0.09077935049698671
test_0023045,near_clean,nonstationary,29.5254130473648,0.9998586391431263,0.9980480828435974,-0.001810556299528976
test_0023046,noisy,nonstationary,9.888471882257326,0.7033573074346895,0.7627766960831344,0.05941938864844487
test_0023047,noisy,ambient,-0.4504150182001547,0.7352457637395202,0.7938187020892615,0.05857293834974131
test_0023049,near_clean,impulsive,32.19805437614694,0.999611935525184,0.9995042033958338,-0.00010773212935022425
test_0023051,clean,nonstationary,60.0,1.0,0.9981235179474353,-0.001876482052564743
test_0023052,near_clean,stationary,24.72316809604569,0.9972217598088831,0.98656886563561,-0.010652894173273086
test_0023053,near_clean,stationary,26.9646787189126,0.9776110589922365,0.978147041654204,0.0005359826619674157
test_0023054,noisy,impulsive,-0.11455958052670034,0.8645036987869006,0.8972965274796284,0.032792828692727816
test_0023055,noisy,stationary,4.314565727870935,0.7464215183441404,0.7978157391870007,0.05139422084286027
test_0023056,near_clean,impulsive,36.77745877359368,0.9997591112594815,0.9996232497150296,-0.00013586154445188736
test_0023057,near_clean,nonstationary,32.513788209014194,0.9888193227935851,0.9906901650769606,0.001870842283375529
test_0023058,noisy,stationary,-2.6822845204300876,0.6141516177064982,0.70503725505723,0.09088563735073185
test_0023059,clean,impulsive,60.0,0.9999999999999997,0.9997227018982062,-0.00027729810179344394
test_0023060,clean,nonstationary,60.0,0.9999999999999981,0.9933696719960691,-0.006630328003929042
test_0023061,clean,impulsive,60.0,0.9999999999999997,0.9994064384969586,-0.000593561503041018
test_0023062,noisy,stationary,8.161395519679347,0.8003615143044049,0.8455434546902671,0.04518194038586221
test_0023063,noisy,nonstationary,3.294146928202842,0.7080898347354053,0.798682649026913,0.09059281429150767
test_0023064,noisy,nonstationary,0.8153255735670708,0.7591468780817267,0.7951531023681565,0.036006224286429855
test_0023066,near_clean,impulsive,25.371360861314017,0.9930382436825793,0.9958238958454861,0.0027856521629068265
test_0023067,noisy,stationary,1.1248348157973007,0.5819883201016577,0.6493110711982808,0.06732275109662311
test_0023068,near_clean,nonstationary,36.32412620894223,0.9999827854854839,0.9719598351892557,-0.028022950296228255
test_0023069,near_clean,nonstationary,27.880854441922416,0.9916614986909664,0.9918236768714702,0.0001621781805037914
test_0023070,noisy,ambient,13.868430376748353,0.9324540051249921,0.9527793832976691,0.02032537817267699
test_0023071,near_clean,nonstationary,35.078510521498956,0.9991840470859108,0.9978287724274305,-0.0013552746584802877
test_0023072,noisy,ambient,2.0546186236579125,0.7767488184372,0.810090674472733,0.03334185603553297
test_0023073,noisy,ambient,-1.2814329413431036,0.7575962041389864,0.8220408038394138,0.06444459970042737
test_0023074,noisy,stationary,18.57984100713927,0.9335676197895557,0.926241380184856,-0.007326239604699691
test_0023075,noisy,ambient,9.253667090693432,0.9636688572856665,0.9858365612032565,0.02216770391758993
test_0023077,near_clean,impulsive,24.86714555137276,0.948792822516588,0.9688375373487657,0.020044714832177624
test_0023078,near_clean,ambient,20.554476500924498,0.9026859705559866,0.9092124086350444,0.006526438079057728
test_0023079,noisy,ambient,7.819965094597441,0.9257911371777441,0.9460870953397998,0.02029595816205576
test_0023080,near_clean,ambient,33.123065168499664,0.9999943201528393,0.9844008475347746,-0.015593472618064652
test_0023081,near_clean,nonstationary,21.28808033222963,0.9627226640857223,0.9811832878611931,0.018460623775470864
test_0023082,clean,impulsive,60.0,0.9999999999999986,0.9983806361086752,-0.0016193638913233332
test_0023083,noisy,ambient,-4.100102802405576,0.739503775440558,0.7699282658290028,0.030424490388444747
test_0023084,clean,ambient,60.0,0.9999999999999994,0.989570457989623,-0.010429542010376491
test_0023086,clean,impulsive,60.0,0.9999999999999997,0.9974772345158122,-0.002522765484187506
test_0023087,noisy,ambient,-0.18476722739353235,0.7609517102254554,0.7882963478507966,0.027344637625341228
test_0023088,near_clean,stationary,28.708851515257393,0.9736811933992058,0.9686607726580256,-0.005020420741180143
test_0023089,clean,stationary,60.0,0.9999999999999992,0.9996986189070272,-0.00030138109297206395
test_0023090,noisy,nonstationary,19.985127144298517,0.9462134941757466,0.9584519271600869,0.012238432984340242
test_0023091,clean,impulsive,60.0,0.9999999999999984,0.9990539510363858,-0.0009460489636126113
test_0023092,noisy,stationary,3.0099355578711844,0.7163541894055847,0.7932904341378134,0.07693624473222871
test_0023093,noisy,stationary,7.993308907579216,0.8745183597421831,0.9087737916707264,0.0342554319285433
test_0023095,noisy,ambient,10.292291541905925,0.9135086408189499,0.9408548446787942,0.02734620385984432
test_0023096,noisy,impulsive,-0.2302659147531676,0.5568046770618367,0.7016849152723296,0.1448802382104929
test_0023097,noisy,impulsive,16.822525429660107,0.983381681992565,0.9834954056508389,0.00011372365827388986
test_0023098,clean,impulsive,60.0,0.9999999999999991,0.9972517026524065,-0.002748297347592632
test_0023099,clean,impulsive,60.0,0.9999999999999976,0.9991027784933307,-0.0008972215066668232
test_0023100,clean,ambient,60.0,0.9999999999999996,0.9997116564584593,-0.0002883435415402813
test_0023102,near_clean,ambient,33.39330554630092,0.9952986736421766,0.9857066040766483,-0.009592069565528272
test_0023103,clean,ambient,60.0,0.9999999999999999,0.9861440204169365,-0.013855979583063394
test_0023106,near_clean,ambient,33.61263990467488,0.9996346321658288,0.9991270424998953,-0.000507589665933561
test_0023107,noisy,ambient,6.23415921675887,0.8489946375861305,0.7645345434982392,-0.08446009408789124
test_0023108,near_clean,ambient,28.00434119958302,0.9995280794316904,0.9988239833060084,-0.0007040961256820077
test_0023109,noisy,impulsive,-2.1244811828152392,0.7880529198195506,0.9087251780006083,0.12067225818105765
test_0023110,near_clean,impulsive,36.4193874123036,0.997305872260916,0.9944882281410368,-0.002817644119879281
test_0023111,noisy,stationary,-3.5194103412720428,0.7371406590246858,0.7744042964222453,0.037263637397559446
test_0023112,noisy,stationary,-1.0243352587970609,0.5945911122887484,0.7520109414925267,0.15741982920377828
test_0023113,noisy,impulsive,-2.590563480017914,0.7094237713989928,0.8379010881067064,0.12847731670771356
test_0023114,noisy,stationary,8.578010552348868,0.8712468558278361,0.888006198461041,0.016759342633204888
test_0023116,noisy,stationary,10.273822202071491,0.8749330941670814,0.8944453112777899,0.019512217110708496
test_0023117,noisy,ambient,3.8795516028327075,0.7866758893956759,0.8717653951054007,0.08508950570972484
test_0023118,near_clean,ambient,26.999346582446435,0.9902258051658323,0.9608816971560127,-0.02934410800981957
test_0023121,near_clean,impulsive,28.47127652555951,0.9982282403650261,0.9869660805992803,-0.01126215976574585
test_0023122,noisy,stationary,6.730207223690076,0.787263410894741,0.7885556839613759,0.0012922730666349302
test_0023123,noisy,impulsive,9.365273715346246,0.8676742956781311,0.88657245879527,0.018898163117138878
test_0023124,near_clean,nonstationary,26.0899865230092,0.9885658958030403,0.9906731785403249,0.002107282737284555
test_0023125,noisy,ambient,14.759192012103348,0.9750815278263737,0.9798670907250108,0.004785562898637075
test_0023126,noisy,stationary,0.6153527426847898,0.7285882514630508,0.7914885422169431,0.06290029075389225
test_0023127,noisy,nonstationary,7.905808268865313,0.7823650467780258,0.8427552353620984,0.060390188584072635
test_0023128,noisy,ambient,17.32870523400427,0.9269488361449234,0.9460754713427522,0.019126635197828756
test_0023129,noisy,stationary,6.1449357552334085,0.7846298225038558,0.7808867950925455,-0.0037430274113102735
test_0023130,clean,impulsive,60.0,1.0,0.9944235853602853,-0.0055764146397147
test_0023131,noisy,ambient,-4.5073800260225685,0.7058223830173302,0.7684843530692039,0.06266197005187368
test_0023132,noisy,ambient,-2.21990037482392,0.90107661701128,0.9461677118025503,0.04509109479127038
test_0023133,noisy,impulsive,18.185800194780406,0.9235182579103923,0.9353613731287842,0.011843115218391875
test_0023134,clean,nonstationary,60.0,0.9999999999999979,0.9972512866652736,-0.002748713334724262
test_0023135,noisy,stationary,8.569119571725038,0.9051491676857333,0.9134448062718626,0.008295638586129361
test_0023136,clean,stationary,60.0,0.9999999999999993,0.9995450482106186,-0.0004549517893807087
test_0023137,noisy,ambient,1.8453602774832865,0.7695811094470244,0.8708540389342778,0.10127292948725342
test_0023139,noisy,ambient,1.1297854289009885,0.8692022101567664,0.9390030256728513,0.06980081551608497
test_0023141,noisy,nonstationary,3.7262650526771175,0.842375334321908,0.8915395323811096,0.04916419805920158
test_0023142,noisy,stationary,-2.5326073124448216,0.915116495886987,0.9154578190901345,0.0003413232031475033
test_0023143,clean,stationary,60.0,0.9999999999999996,0.998698062891134,-0.001301937108865503
test_0023144,noisy,stationary,-4.8298043031261875,0.8795614960838485,0.8903098295996306,0.010748333515782083
test_0023145,noisy,ambient,19.26040572211701,0.9686806963148826,0.9748523400627903,0.006171643747907685
test_0023147,clean,impulsive,60.0,0.9999999999999978,0.9983100509888704,-0.0016899490111274007
test_0023148,noisy,nonstationary,1.3549952433611807,0.6903763307688039,0.7219669257157004,0.03159059494689653
test_0023149,noisy,impulsive,6.796156537090127,0.8543021692756124,0.8697428162030467,0.015440646927434298
test_0023150,noisy,ambient,1.1251471675400797,0.636076322656201,0.666102822752563,0.030026500096362096
test_0023151,clean,ambient,60.0,0.9999999999999999,0.9986127033242921,-0.0013872966757078053
test_0023152,noisy,stationary,2.783124708598751,0.9493533910590479,0.9698853106997473,0.020531919640699337
test_0023153,near_clean,ambient,26.191213936124733,0.9912654018806206,0.991500952320609,0.00023555043998835234
test_0023154,near_clean,ambient,33.39691230937542,0.9992778530748212,0.9932692043579717,-0.006008648716849474
test_0023155,noisy,nonstationary,-3.50385355597962,0.61729819804266,0.6575335374730509,0.040235339430390926
test_0023156,noisy,impulsive,-2.617881367111692,0.6163321698517996,0.8175339982062444,0.20120182835444478
test_0023157,noisy,impulsive,18.85148674215253,0.9926929306389517,0.9512326415515119,-0.04146028908743982
test_0023158,noisy,ambient,-1.8629289203338075,0.8474051188939158,0.9081518238525883,0.060746704958672515
test_0023159,clean,impulsive,60.0,1.0,0.9534923915618424,-0.0465076084381576
test_0023160,near_clean,impulsive,39.883746451998604,0.9998513792077858,0.9973892581438606,-0.0024621210639251823
test_0023161,noisy,ambient,19.57684601115475,0.9591155087164741,0.955958545230384,-0.0031569634860900697
test_0023162,noisy,ambient,0.9836754706698416,0.8100690393621951,0.8807327328504263,0.0706636934882312
test_0023164,noisy,impulsive,10.0859205285133,0.6929524432298474,0.8256323361419002,0.13267989291205284
test_0023166,clean,impulsive,60.0,0.9999999999999998,0.9594827333189647,-0.04051726668103506
test_0023167,noisy,impulsive,-2.300792270008868,0.6548993390249518,0.7982190305415288,0.14331969151657697
test_0023168,noisy,impulsive,-0.041322679532353135,0.9228226312111324,0.9641833377047613,0.041360706493628885
test_0023169,noisy,stationary,7.3500195483591035,0.7151572410341988,0.7936117461731824,0.07845450513898367
test_0023170,noisy,stationary,-4.809198863607055,0.4746538340564056,0.45476643302973013,-0.019887401026675466
test_0023171,noisy,nonstationary,7.6876502272566025,0.9766156127612394,0.9868737656261969,0.01025815286495746
test_0023172,noisy,impulsive,17.967512812452405,0.9678701391578364,0.9649562370107421,-0.002913902147094305
test_0023173,noisy,ambient,3.4448099276400423,0.8009568067408167,0.8746273685363187,0.07367056179550202
test_0023174,noisy,nonstationary,16.86172924050948,0.9587208590404971,0.956877478386402,-0.0018433806540950615
test_0023175,noisy,stationary,-0.36188601730750936,0.8410175479128872,0.797867238988263,-0.04315030892462424
test_0023176,near_clean,impulsive,39.886180297785735,0.998591312835325,0.9988226035925115,0.0002312907571865308
test_0023177,clean,impulsive,60.0,0.9999999999999997,0.9986282369711285,-0.001371763028871209
test_0023179,noisy,ambient,0.9243565325731193,0.8284379431288651,0.865014550223824,0.03657660709495891
test_0023180,noisy,ambient,-1.7028691156861964,0.7645562546887575,0.8191156352265908,0.05455938053783327
test_0023181,noisy,nonstationary,-3.3293344433748966,0.6271272111600334,0.6922704850171915,0.06514327385715801
test_0023182,near_clean,stationary,37.422336504926,0.9983016015202064,0.9984671714426084,0.00016556992240202018
test_0023183,noisy,nonstationary,18.01937755558351,0.9154838553350684,0.9420182291865963,0.026534373851527904
test_0023184,noisy,nonstationary,-1.0943201249318757,0.34530884320810123,0.39663468253960454,0.05132583933150331
test_0023185,clean,impulsive,60.0,0.9999999999999987,0.9992134894717067,-0.0007865105282919282
test_0023186,noisy,stationary,3.9199106391769973,0.987451345891467,0.9845958433421992,-0.0028555025492678077
test_0023187,noisy,ambient,3.9045207707718674,0.8635096527853081,0.9244863357390865,0.06097668295377834
test_0023188,noisy,stationary,18.339150797003093,0.9349577111017453,0.9282806242589137,-0.0066770868428316366
test_0023190,noisy,nonstationary,-1.2356486778688511,0.8334874680991177,0.8839666737703714,0.050479205671253746
test_0023191,noisy,stationary,12.353441907230998,0.9704180676902503,0.9763366948659145,0.0059186271756641595
test_0023192,near_clean,nonstationary,37.0698850055056,0.9827468308032975,0.9827015995065126,-4.523129678490889e-05
test_0023193,near_clean,stationary,37.459835974555446,0.9914603507335792,0.9929687430335689,0.0015083922999896693
test_0023194,near_clean,stationary,39.393932572222496,0.9996386393732705,0.9982675277901086,-0.0013711115831618326
test_0023195,clean,stationary,60.0,0.9999999999999994,0.9996131432900041,-0.0003868567099953868
test_0023196,noisy,impulsive,8.384157054244126,0.932218971318664,0.964599813621356,0.032380842302692
test_0023197,clean,ambient,60.0,1.0,0.9995751393891323,-0.00042486061086766114
test_0023198,near_clean,ambient,39.63871855357493,0.9999264192227025,0.9956045524500681,-0.004321866772634464
test_0023199,near_clean,ambient,30.436285841717208,0.9964515682551062,0.9968105357029661,0.00035896744785990364
test_0023200,noisy,nonstationary,9.61456237893833,0.7982851604156638,0.8260000116992017,0.0277148512835379
test_0023201,noisy,nonstationary,2.318941300144174,0.7010913561096651,0.705440241832325,0.004348885722659901
test_0023202,noisy,nonstationary,-3.104940052688244,0.7238800224751915,0.7573029363486705,0.033422913873479065
test_0023203,noisy,nonstationary,11.152981449250653,0.98661812808385,0.9898055245514418,0.0031873964675918076
test_0023204,near_clean,ambient,31.93417187199089,0.9822710163260395,0.9734387273119164,-0.00883228901412314
test_0023205,noisy,stationary,-3.8415794378771198,0.48383168189691766,0.5196687534159475,0.03583707151902987
test_0023206,near_clean,impulsive,24.449223714094963,0.9874959833325819,0.9705862104108027,-0.016909772921779198
test_0023207,clean,nonstationary,60.0,0.9999999999999999,0.9978562873029395,-0.0021437126970603737
test_0023208,noisy,nonstationary,-2.329352806337577,0.5053783792122436,0.5048635942068656,-0.0005147850053780489
test_0023209,noisy,stationary,16.923309229314487,0.9419588744748132,0.9544259027047923,0.012467028229979138
test_0023210,noisy,nonstationary,-1.5928151768379402,0.8321366643543008,0.8917392868061076,0.05960262245180681
test_0023211,clean,nonstationary,60.0,0.9999999999999993,0.9978274627332061,-0.0021725372667932286
test_0023212,near_clean,ambient,31.729769481057644,0.9717713553686899,0.9657964553687508,-0.005974899999939054
test_0023213,noisy,nonstationary,12.70425785916143,0.9287478335419715,0.9622804706360735,0.033532637094101925
test_0023214,near_clean,stationary,24.482519419744374,0.9788879575399697,0.9864951856998321,0.007607228159862367
test_0023215,near_clean,stationary,22.938699713849847,0.9892110581861681,0.9910229235486625,0.001811865362494447
test_0023216,noisy,ambient,5.259090874642554,0.9401668683099239,0.9595185698351419,0.019351701525218035
test_0023217,noisy,impulsive,18.763226957156668,0.9886444293286688,0.9896911009216286,0.0010466715929597914
test_0023218,noisy,ambient,-0.26454364792305807,0.6249440354236376,0.6603384485911717,0.03539441316753411
test_0023219,noisy,ambient,10.801115390532486,0.9072415180420157,0.9506248624270243,0.04338334438500857
test_0023220,noisy,nonstationary,11.15180162882492,0.8877666666291708,0.9333400284866372,0.04557336185746641
test_0023221,noisy,impulsive,8.1844465714858,0.803629470950627,0.8489562154138897,0.04532674446326268
test_0023222,near_clean,nonstationary,34.0414136639072,0.9979611299176607,0.9978383350774132,-0.00012279484024757537
test_0023223,noisy,impulsive,17.534145255704765,0.9687907961578276,0.9837063585118878,0.014915562354060219
test_0023224,clean,impulsive,60.0,0.9999999999999976,0.9859223188308368,-0.01407768116916075
test_0023225,clean,nonstationary,60.0,1.0,0.9563466864149806,-0.04365331358501945
test_0023226,noisy,nonstationary,-2.8216092586829706,0.575546108440937,0.6721180405072569,0.09657193206631987
test_0023227,noisy,nonstationary,-2.926596211645636,0.5562365174543378,0.6836493594923736,0.12741284203803582
test_0023228,noisy,impulsive,8.209572907775888,0.8667413262724363,0.9519428583041378,0.08520153203170155
test_0023229,clean,impulsive,60.0,0.9999999999999993,0.9981919444429272,-0.0018080555570720858
test_0023230,noisy,impulsive,14.476861202409925,0.8083777208524149,0.9131105057544971,0.10473278490208227
test_0023231,clean,nonstationary,60.0,0.9999999999999991,0.9997744862280957,-0.00022551377190338506
test_0023232,noisy,ambient,1.2318338312545132,0.7066979168461229,0.8494487021069156,0.14275078526079266
test_0023233,noisy,stationary,17.999568811347295,0.936759717412601,0.9585257583604685,0.021766040947867493
test_0023235,noisy,stationary,15.018895042946731,0.936392622878069,0.9487402137145033,0.01234759083643433
test_0023236,clean,nonstationary,60.0,0.9999999999999997,0.9996219904608903,-0.00037800953910938073
test_0023237,noisy,stationary,-3.363487692157256,0.5918133028756216,0.6944762395192761,0.10266293664365445
test_0023238,noisy,impulsive,13.69661740339615,0.9050930273425665,0.9120235592670157,0.006930531924449257
test_0023239,near_clean,nonstationary,30.497223537793445,0.976983710976954,0.9854190307440105,0.00843531976705647
test_0023240,noisy,ambient,7.33475080516498,0.9331857566072445,0.967529191411187,0.03434343480394253
test_0023242,noisy,impulsive,17.93099242948015,0.9905085645387514,0.9939954174636475,0.0034868529248961444
test_0023243,noisy,impulsive,9.66332217751999,0.9156677191113389,0.9271564268238425,0.011488707712503543
test_0023244,near_clean,impulsive,22.55163702190489,0.9893664050113178,0.9927507828361847,0.003384377824866891
test_0023245,noisy,stationary,9.02679757389025,0.8218648990637655,0.8518677709706306,0.030002871906865125
test_0023246,noisy,nonstationary,7.918489376976295,0.8766022590525319,0.8666934573894837,-0.009908801663048195
test_0023248,noisy,ambient,16.853363297875568,0.9617949693068834,0.9885000094817246,0.02670504017484121
test_0023249,noisy,nonstationary,12.91445236876082,0.823864792031211,0.9030387748220384,0.07917398279082744
test_0023250,near_clean,nonstationary,26.277137949200366,0.9921133472990759,0.9895678379669388,-0.0025455093321370414
test_0023251,noisy,impulsive,10.8875445813191,0.9765189512270575,0.9814515733671084,0.0049326221400509684
test_0023253,near_clean,nonstationary,28.392077104236936,0.996477249210165,0.9941281700831928,-0.002349079126972242
test_0023254,near_clean,impulsive,21.20726551280278,0.9674813048403222,0.9733611310870597,0.005879826246737441
test_0023256,clean,ambient,60.0,0.999999999999997,0.9963718482318911,-0.003628151768105936
test_0023258,noisy,stationary,1.566492940557592,0.9401835000477731,0.9523809385039275,0.012197438456154397
test_0023259,noisy,nonstationary,17.147532533985867,0.9490289517868457,0.975480423769069,0.026451471982223307
test_0023260,noisy,stationary,5.733532522644545,0.99879141818468,0.9975085148551532,-0.0012829033295267411
test_0023261,noisy,impulsive,4.830725565900277,0.914960173060792,0.9452124897021894,0.03025231664139738
test_0023262,clean,ambient,60.0,0.9999999999999996,0.9983731883061662,-0.0016268116938333854
test_0023263,noisy,nonstationary,-0.921795274401461,0.5951525149308742,0.6842421008589855,0.08908958592811134
test_0023265,near_clean,ambient,24.08926482267058,0.9959581988781485,0.9965009477252851,0.0005427488471365649
test_0023266,noisy,impulsive,3.0557928416749913,0.8246613528075788,0.8458919412152331,0.02123058840765435
test_0023267,clean,stationary,60.0,0.9999999999999997,0.9996516832514317,-0.00034831674856794503
test_0023268,noisy,nonstationary,1.3531765568271057,0.7348153983152222,0.7775038397492418,0.04268844143401951
test_0023269,noisy,ambient,12.34711574987033,0.9655194637800364,0.9789323197230241,0.01341285594298769
test_0023270,noisy,stationary,-1.2296498015627195,0.8337356944843586,0.8904727427831982,0.05673704829883963
test_0023271,noisy,nonstationary,15.264465641024138,0.9221496526837583,0.9448927584377583,0.02274310575400007
test_0023272,near_clean,nonstationary,32.82590868322463,0.998749437950556,0.9991229971028072,0.0003735591522511239
test_0023273,noisy,impulsive,3.671515394449383,0.8165037020218076,0.8957962478498545,0.0792925458280469
test_0023274,noisy,stationary,-3.9890676368349625,0.7325567404678124,0.8066713000562816,0.07411455958846924
test_0023275,noisy,stationary,18.117320920035095,0.9798396918637021,0.9829143993546006,0.003074707490898443
test_0023276,noisy,impulsive,-0.06126780330382786,0.4017989313252365,0.5871968673721418,0.18539793604690535
test_0023277,noisy,ambient,16.40353180043565,0.9608439335402148,0.9599930036171597,-0.0008509299230551326
test_0023278,noisy,impulsive,19.320474956376845,0.9121973310771505,0.9286931454809907,0.01649581440384018
test_0023279,noisy,nonstationary,7.171934621084098,0.989503457021011,0.9910139456043356,0.0015104885833246984
test_0023281,clean,ambient,60.0,0.9999999999999991,0.9961267109834276,-0.0038732890165714684
test_0023282,noisy,nonstationary,14.860791638161736,0.9907209354185598,0.9947706614084307,0.004049725989870967
test_0023283,noisy,nonstationary,-2.8072657828682193,0.7889423191967383,0.8730442939287008,0.08410197473196246
test_0023284,noisy,impulsive,9.733237807830523,0.9054716860050821,0.9554813391847786,0.05000965317969652
test_0023285,noisy,impulsive,11.874595351201577,0.9183575012495757,0.9422135402215525,0.023856038971976745
test_0023286,near_clean,nonstationary,23.459118758542445,0.997854851585408,0.9974300549764279,-0.00042479660898009364
test_0023288,noisy,ambient,16.42291664820395,0.9788463642726768,0.9862145588952466,0.007368194622569768
test_0023289,noisy,nonstationary,7.020246704955268,0.8614300568120138,0.846419623967519,-0.01501043284449477
test_0023290,noisy,ambient,10.679457173710048,0.8373125574849465,0.8287328677410993,-0.008579689743847152
test_0023291,noisy,nonstationary,0.815929577544912,0.6753324259118093,0.688139893065132,0.012807467153322705
test_0023292,noisy,impulsive,2.8689627807399525,0.9173092429067367,0.9449692280675954,0.02765998516085877
test_0023293,noisy,ambient,11.738248558670186,0.9245864848058153,0.9474624950618701,0.02287601025605479
test_0023294,clean,ambient,60.0,0.9999999999999998,0.9991292008059984,-0.0008707991940013482
test_0023295,noisy,stationary,-3.9337781436870816,0.529750503727719,0.5025400286537925,-0.027210475073926488
test_0023296,noisy,ambient,15.864930744841299,0.9507014694648198,0.9632933174028099,0.012591847937990064
test_0023297,noisy,stationary,-1.3231091636781889,0.7446306689002304,0.8169081765864675,0.07227750768623709
test_0023298,clean,ambient,60.0,0.9999999999999988,0.9989908552847004,-0.001009144715298338
test_0023299,clean,ambient,60.0,1.0,0.997874383305243,-0.002125616694756971
test_0023300,noisy,nonstationary,-3.2011805768144423,0.578212015095039,0.6316432689714604,0.05343125387642145
test_0023301,noisy,ambient,-2.7844078021340044,0.6597218873634936,0.7983539980864918,0.1386321107229982
test_0023302,noisy,stationary,3.4115723627701833,0.6929566439700686,0.7494345111175325,0.056477867147463834
test_0023303,noisy,impulsive,0.9987802701943895,0.7826880233602773,0.8889131955862417,0.10622517222596439
test_0023304,noisy,stationary,14.175734557950026,0.9609973760920694,0.9627767665222431,0.0017793904301737218
test_0023305,noisy,impulsive,-2.407188302760958,0.7119405068253021,0.8260876980181802,0.11414719119287808
test_0023306,noisy,stationary,1.532812608650934,0.82556159873047,0.8677384840351895,0.042176885304719525
test_0023307,noisy,stationary,11.134162178646559,0.8443415558982375,0.8430868869602148,-0.0012546689380226184
test_0023308,near_clean,nonstationary,28.608631311131205,0.9789773407807617,0.9729801320833831,-0.005997208697378631
test_0023309,noisy,stationary,7.0955342681705265,0.8489563246529652,0.84709930642722,-0.0018570182257452439
test_0023310,clean,stationary,60.0,0.9999999999999993,0.9990675663180452,-0.0009324336819541701
test_0023312,noisy,ambient,11.482196219897595,0.8593484222193135,0.8829605357272409,0.023612113507927357
test_0023313,noisy,nonstationary,13.643046451427548,0.9527693406829708,0.9626591826625315,0.009889841979560665
test_0023314,noisy,stationary,5.069170060076635,0.5369522529445707,0.6293982409954465,0.09244598805087578
test_0023315,noisy,nonstationary,3.2132149554323295,0.741028066374528,0.831135894448254,0.09010782807372597
test_0023316,clean,stationary,60.0,0.9999999999999968,0.9975070580425248,-0.0024929419574719613
test_0023317,near_clean,impulsive,30.36553280551057,0.9961406705793097,0.9897594383526035,-0.006381232226706168
test_0023319,noisy,stationary,2.579258286089063,0.7091632413464202,0.7280454532498295,0.01888221190340933
test_0023320,noisy,nonstationary,9.319072933188709,0.8920731604192647,0.9096573650603137,0.01758420464104904
test_0023321,noisy,ambient,13.518046243431606,0.9746696136810697,0.9804749299635317,0.0058053162824619475
test_0023322,near_clean,nonstationary,20.69774651376685,0.9795801503084614,0.9722110529989701,-0.0073690973094912016
test_0023323,near_clean,ambient,24.972798212971295,0.9863334404014631,0.9939559939079654,0.0076225535065023164
test_0023324,noisy,nonstationary,14.211212462216537,0.9255358313127271,0.9512346726542535,0.025698841341526446
test_0023325,noisy,ambient,13.646524227219246,0.9698341720645829,0.9678636136467749,-0.0019705584178080215
test_0023326,noisy,nonstationary,11.873638320781655,0.9350096769722753,0.9103382990450037,-0.024671377927271587
test_0023328,noisy,nonstationary,16.76277699995225,0.9654035972067022,0.9755766552966318,0.010173058089929632
test_0023329,near_clean,nonstationary,32.264217394573436,0.9995700016743891,0.9987951592962956,-0.0007748423780935543
test_0023330,noisy,ambient,18.118778996176438,0.9557024738762371,0.9638562530086464,0.008153779132409333
test_0023331,near_clean,ambient,35.739375548941744,0.9895205721478347,0.9796184183654113,-0.009902153782423428
test_0023332,noisy,nonstationary,3.0971353126212957,0.8582726447862353,0.8877747221520144,0.029502077365779034
test_0023333,clean,stationary,60.0,0.9999999999999998,0.9983842586626616,-0.0016157413373382168
test_0023334,noisy,stationary,4.63970104876144,0.808849069172791,0.8439729632734498,0.03512389410065886
test_0023335,noisy,ambient,19.45350099049158,0.954503147176841,0.9776162919018033,0.023113144724962287
test_0023336,near_clean,nonstationary,37.43482891767228,0.9990853040994548,0.9789936363227577,-0.02009166777669713
test_0023337,noisy,stationary,0.12474421283707393,0.9538198037438677,0.9638312822707654,0.010011478526897766
test_0023338,noisy,nonstationary,8.399954700933158,0.9847977534667516,0.9949456092685378,0.010147855801786232
test_0023339,clean,nonstationary,60.0,0.9999999999999991,0.9739098618041242,-0.026090138195874912
test_0023340,noisy,nonstationary,6.2784997500816,0.9532850880288061,0.9733885118458535,0.02010342381704744
test_0023341,noisy,stationary,-1.1891081909914765,0.9468371759504003,0.9710395222081637,0.024202346257763407
test_0023342,clean,stationary,60.0,0.9999999999999986,0.9986134084523755,-0.001386591547623106
test_0023343,near_clean,stationary,39.77723848539105,0.9961864882862868,0.9937186110183197,-0.0024678772679670447
test_0023344,near_clean,impulsive,20.959930162108083,0.9940762413069194,0.9946001870257801,0.0005239457188607188
test_0023346,noisy,impulsive,19.583785746747118,0.9059689917365294,0.9569612681966844,0.05099227646015492
test_0023347,clean,ambient,60.0,0.9999999999999993,0.9951322293858177,-0.0048677706141816435
test_0023348,noisy,nonstationary,1.4543364384839155,0.6682990990572835,0.7259357458706115,0.05763664681332803
test_0023349,near_clean,nonstationary,34.83734263524405,0.985002525720051,0.9889003350951889,0.0038978093751379506
test_0023350,near_clean,impulsive,21.94102564044471,0.9882838005814766,0.9793547308371529,-0.008929069744323725
test_0023351,noisy,nonstationary,17.17607567770388,0.897896255045301,0.917417444223661,0.019521189178359988
test_0023352,noisy,nonstationary,19.385486508078145,0.9814420770737732,0.9844342779401105,0.0029922008663373356
test_0023353,noisy,impulsive,-0.591590597079831,0.7804738777902827,0.9439496179044528,0.1634757401141701
test_0023355,noisy,ambient,3.505460285120437,0.7341587368392427,0.831821901708126,0.09766316486888327
test_0023356,noisy,stationary,4.116191221426973,0.7599208751301083,0.8174925627033754,0.05757168757326714
test_0023357,near_clean,stationary,33.5395040196641,0.9999764279028766,0.999763562492201,-0.00021286541067555564
test_0023358,noisy,ambient,-1.9736111993299676,0.6753135611420845,0.7086632587422119,0.033349697600127404
test_0023359,near_clean,nonstationary,26.13350549961975,0.9538009389216898,0.9467023225115315,-0.007098616410158298
test_0023360,noisy,stationary,6.175489782952951,0.7812325891864675,0.7966419803422659,0.015409391155798313
test_0023361,clean,impulsive,60.0,0.9999999999999996,0.9801154749266098,-0.01988452507338978
test_0023363,near_clean,stationary,34.684655643754716,0.999892267524064,0.9995027044266578,-0.0003895630974062314
test_0023364,noisy,stationary,17.35307128175932,0.9928004112690788,0.9942036245129275,0.0014032132438487332
test_0023365,noisy,ambient,-2.972196201374337,0.5100311678151189,0.562729420359467,0.05269825254434812
test_0023366,near_clean,stationary,32.227164426946985,0.9997960853025908,0.9889100982844333,-0.010885987018157461
test_0023367,near_clean,nonstationary,37.78457760219521,0.9873388523812049,0.9869917682454461,-0.0003470841357587906
test_0023368,noisy,ambient,6.955491211119865,0.9337860627337248,0.9462063064512114,0.012420243717486623
test_0023369,noisy,impulsive,7.774744509940488,0.7616005069347621,0.8400417061912265,0.07844119925646442
test_0023370,noisy,ambient,13.446705199059497,0.9454528226681645,0.9744890622443089,0.029036239576144318
test_0023371,noisy,ambient,9.548244704192639,0.961838383110399,0.9792895083960801,0.017451125285681046
test_0023372,near_clean,impulsive,20.111583796968983,0.9393375651245818,0.9523142798480712,0.01297671472348938
test_0023373,noisy,ambient,-2.1522694090419634,0.8958184117248903,0.9074022034668431,0.011583791741952787
test_0023374,noisy,nonstationary,6.2809862203618305,0.8749534400067281,0.9052261528125938,0.03027271280586563
test_0023376,noisy,stationary,7.229533541984189,0.8812944796148866,0.9171751104876316,0.035880630872744956
test_0023377,near_clean,nonstationary,38.55870224138883,0.9991311209828561,0.9603520689366575,-0.03877905204619858
test_0023378,near_clean,impulsive,31.58863694202469,0.9732384205136873,0.9768020910704753,0.003563670556788079
test_0023379,noisy,impulsive,12.201050764623048,0.9984174922633692,0.9985708109637262,0.00015331870035706352
test_0023380,noisy,ambient,-2.3602351691970016,0.714782606920354,0.7875960045873125,0.07281339766695849
test_0023381,noisy,impulsive,-4.797077822905189,0.7535968832675894,0.833395841225324,0.0797989579577345
test_0023382,noisy,stationary,9.262504065110605,0.9181329298178535,0.9391764936266673,0.02104356380881378
test_0023383,clean,ambient,60.0,0.9999999999999984,0.9994403420069816,-0.0005596579930168266
test_0023384,noisy,ambient,5.98603188762333,0.876418464825391,0.9084792277659002,0.03206076294050919
test_0023385,noisy,nonstationary,3.9861150247610624,0.6869796167001797,0.676159076739543,-0.0108205399606367
test_0023386,noisy,nonstationary,16.60066260689839,0.8944265717908098,0.9068831636916186,0.012456591900808833
test_0023387,noisy,nonstationary,7.637044638331735,0.8368578885713714,0.879315744956591,0.042457856385219594
test_0023388,clean,stationary,60.0,0.9999999999999994,0.994651667219415,-0.005348332780584442
test_0023389,clean,impulsive,60.0,1.0,0.9536284291985588,-0.046371570801441164
test_0023390,noisy,stationary,0.09008179354934498,0.8910624546316374,0.9281074320356335,0.03704497740399615
test_0023391,noisy,stationary,13.35782192170755,0.9440501931201547,0.9582299038542029,0.014179710734048223
test_0023392,noisy,impulsive,15.615156140316543,0.947863748711097,0.9662040660331551,0.018340317322058097
test_0023393,noisy,ambient,-3.948164092285118,0.5684891185540624,0.6377194903868431,0.06923037183278069
test_0023394,noisy,stationary,4.736328292989786,0.9845546579815988,0.9827335926003629,-0.0018210653812359423
test_0023395,clean,stationary,60.0,0.9999999999999997,0.9957211763509799,-0.0042788236490197695
test_0023396,noisy,stationary,18.57017503513657,0.9500129638588274,0.9560547620780734,0.006041798219245997
test_0023397,noisy,nonstationary,6.864810148470321,0.8183203940642229,0.8350145113301646,0.01669411726594172
test_0023398,noisy,ambient,7.814125731016421,0.8726466902265085,0.9439842574354148,0.07133756720890627
test_0023399,noisy,ambient,14.096396571085098,0.8465641504884606,0.8857458238178212,0.03918167332936062
test_0023400,clean,ambient,60.0,0.9999999999999999,0.9826583863122901,-0.01734161368770981
test_0023401,noisy,nonstationary,2.5137532533676197,0.8427642410662352,0.8880874200853837,0.04532317901914851
test_0023402,noisy,nonstationary,-0.743101265533773,0.810227007700852,0.8907660302310768,0.08053902253022482
test_0023403,noisy,ambient,12.957020406607512,0.9888790088343506,0.9926367886815106,0.00375777984715997
test_0023404,noisy,nonstationary,1.8651095127621655,0.6633981898831183,0.7805744481154481,0.1171762582323298
test_0023405,noisy,ambient,5.324348519421919,0.7841460223377713,0.8297499186143433,0.04560389627657202
test_0023406,near_clean,ambient,37.17760601588117,0.9991192066608275,0.998895274119895,-0.00022393254093255877
test_0023407,near_clean,impulsive,39.76786504491456,0.9989654045408718,0.9975852752671936,-0.0013801292736781434
test_0023408,clean,nonstationary,60.0,1.0,0.998422550486772,-0.0015774495132280242
test_0023409,clean,stationary,60.0,0.9999999999999993,0.9778625534927798,-0.022137446507219494
test_0023410,noisy,impulsive,-1.2934159078233294,0.9578910930790845,0.9664722323772713,0.008581139298186824
test_0023411,near_clean,nonstationary,37.10319598035973,0.9999341329376988,0.9990499570446773,-0.0008841758930215882
test_0023412,clean,nonstationary,60.0,0.9999999999999998,0.996318687262925,-0.0036813127370747267
test_0023413,noisy,impulsive,15.557047815411504,0.8988761089601899,0.9445776246152656,0.04570151565507574
test_0023414,noisy,stationary,11.84520419438811,0.8843508044031031,0.9179042932270225,0.0335534888239194
test_0023416,noisy,stationary,5.17893140138467,0.8357629218731174,0.8471652007844308,0.011402278911313402
test_0023417,noisy,nonstationary,-3.480983038394285,0.6532439866522215,0.6513857575755804,-0.001858229076641127
test_0023418,near_clean,stationary,27.012196260783906,0.9989620634232048,0.9556667850906555,-0.043295278332549314
test_0023419,noisy,stationary,0.46351755739624423,0.9236318018856191,0.9596127086288894,0.03598090674327026
test_0023420,near_clean,impulsive,39.506844476044265,0.997592782700406,0.9711262720298638,-0.026466510670542176
test_0023421,noisy,impulsive,12.017655990438993,0.9328358690092691,0.9415069055353926,0.008671036526123554
test_0023422,noisy,ambient,-1.4459700594050338,0.698444521804536,0.8092731279200639,0.11082860611552792
test_0023423,near_clean,stationary,36.44377018040442,0.9684606220651899,0.9674455461396811,-0.0010150759255087571
test_0023424,noisy,nonstationary,-1.8829228925469632,0.7113763572781033,0.8276674570433528,0.11629109976524943
test_0023425,noisy,stationary,3.118807987714291,0.8613267444952382,0.9102967647104393,0.04897002021520114
test_0023426,noisy,impulsive,-3.8695526264808553,0.8607086900371407,0.9135167737604167,0.052808083723276056
test_0023427,noisy,impulsive,14.696783361651736,0.9417993093868812,0.9564909677378848,0.014691658351003611
test_0023429,noisy,nonstationary,19.392608043280063,0.9944500976781881,0.9838641873081984,-0.010585910369989793
test_0023430,noisy,ambient,1.8385878319421058,0.759212347363624,0.838402279384,0.07918993202037605
test_0023431,noisy,impulsive,-3.242328418347527,0.87965159205553,0.9240898073196845,0.04443821526415448
test_0023432,noisy,impulsive,-4.033458290285209,0.9368308321084428,0.9376042007044142,0.0007733685959714354
test_0023433,noisy,impulsive,1.3235001896757073,0.7611073657288834,0.8659544819243584,0.10484711619547504
test_0023434,noisy,nonstationary,12.56633682591384,0.9092839665905628,0.9385893037296557,0.02930533713909289
test_0023435,noisy,nonstationary,14.341608243214893,0.9734363099945769,0.9794375504257485,0.006001240431171673
test_0023436,noisy,impulsive,7.501926356486969,0.841384640799387,0.8449458761547733,0.0035612353553863274
test_0023437,noisy,ambient,14.409638583341255,0.934193504040266,0.9523064795037081,0.018112975463442038
test_0023438,noisy,stationary,16.730932226859505,0.8883818307891374,0.9321955531371757,0.043813722348038375
test_0023439,clean,impulsive,60.0,0.9999999999999993,0.9997827769138451,-0.00021722308615423902
test_0023440,noisy,impulsive,17.949588741163467,0.9182502009617982,0.9484726490451124,0.030222448083314202
test_0023441,clean,impulsive,60.0,0.9999999999999992,0.9988188731625124,-0.0011811268374868344
test_0023442,clean,ambient,60.0,0.9999999999999991,0.9990998537455554,-0.0009001462544436789
test_0023443,noisy,ambient,-1.976990842710448,0.7278464267597833,0.7804488124072844,0.05260238564750108
test_0023444,noisy,ambient,-1.9760776356689282,0.7682053454042094,0.8354355018799287,0.06723015647571928
test_0023445,clean,impulsive,60.0,0.9999999999999987,0.9992201036074222,-0.0007798963925764735
test_0023447,noisy,stationary,14.576113071767573,0.8943864389879408,0.9180229823473115,0.02363654335937071
test_0023448,near_clean,ambient,28.602305844169766,0.9776086009428637,0.9907042755531514,0.01309567461028771
test_0023449,near_clean,stationary,29.381234654978908,0.9997139278268632,0.9989981290598248,-0.0007157987670384225
test_0023450,noisy,stationary,14.377888657294921,0.9752310921323537,0.9785399784289441,0.0033088862965904298
test_0023451,noisy,ambient,2.414322666472817,0.7513529425503425,0.8489460960313429,0.0975931534810004
test_0023452,near_clean,nonstationary,22.359899413585403,0.9820380804676195,0.9847926363698896,0.0027545559022700283
test_0023453,noisy,impulsive,4.215416821830836,0.8311724518708212,0.868523486869084,0.037351034998262755
test_0023454,noisy,impulsive,7.320777413752012,0.878500270187288,0.9161335738085603,0.03763330362127226
test_0023455,clean,stationary,60.0,0.9999999999999997,0.9954376855399628,-0.004562314460036854
test_0023456,clean,stationary,60.0,0.9999999999999991,0.9996097725226827,-0.00039022747731642937
test_0023457,noisy,impulsive,16.537307576512273,0.954760561550841,0.9553719389758804,0.0006113774250393611
test_0023459,clean,ambient,60.0,0.9999999999999996,0.9993989643164729,-0.0006010356835266517
test_0023460,clean,nonstationary,60.0,0.9999999999999988,0.9817914749982913,-0.018208525001707443
test_0023461,near_clean,impulsive,28.84358436893187,0.993602261572168,0.992145367643137,-0.0014568939290310334
test_0023462,noisy,ambient,9.684771465399338,0.960249191638327,0.9669836589892543,0.006734467350927309
test_0023463,noisy,ambient,0.567418601383439,0.8931406147607656,0.9238815504371662,0.030740935676400682
test_0023464,noisy,impulsive,10.048135298696286,0.8227866512270593,0.8893669531962303,0.06658030196917097
test_0023465,near_clean,impulsive,30.497961872236807,0.999152327265241,0.9979960793803834,-0.0011562478848575752
test_0023466,noisy,stationary,17.937108056714514,0.9929506612237596,0.9942772065260573,0.0013265453022976992
test_0023467,near_clean,impulsive,39.65484901154468,0.9996806866893186,0.9975812100141394,-0.0020994766751792904
test_0023468,clean,ambient,60.0,1.0,0.9993429500313648,-0.0006570499686352482
test_0023469,noisy,nonstationary,-1.6700999536511203,0.6657569844509821,0.6372505065062681,-0.028506477944713948
test_0023470,near_clean,ambient,34.32659468656254,0.9979761773860014,0.9978767645923191,-9.941279368230749e-05
test_0023472,noisy,ambient,5.94598906008958,0.8221507405619249,0.8793071121591636,0.05715637159723863
test_0023474,noisy,impulsive,19.71985261910422,0.9641891559297773,0.9741290088194619,0.009939852889684575
test_0023476,noisy,stationary,11.857511933873557,0.8777982304893545,0.9208232004672371,0.04302496997788263
test_0023477,near_clean,nonstationary,25.435877953181286,0.9956227308743653,0.9954887222002352,-0.00013400867413004836
test_0023478,noisy,ambient,-0.8494503923147807,0.7532957997362586,0.789702472746672,0.03640667301041345
test_0023480,noisy,nonstationary,6.069014320470455,0.8137167630271682,0.848113078538732,0.034396315511563746
test_0023481,clean,nonstationary,60.0,0.9999999999999964,0.985424920934179,-0.014575079065817453
test_0023482,noisy,ambient,8.424426559413213,0.84197850600821,0.8885543370872094,0.04657583107899943
test_0023483,noisy,ambient,6.123198970594316,0.9078361666071866,0.9260747603026994,0.01823859369551284
test_0023484,noisy,nonstationary,-0.15545480263934675,0.6872191213431909,0.7989862801027631,0.11176715875957222
test_0023485,near_clean,impulsive,24.806875407719765,0.9521417628723194,0.9528542164254767,0.0007124535531572995
test_0023486,noisy,stationary,2.296109468126449,0.8738502120401386,0.8999032123977557,0.02605300035761715
test_0023487,near_clean,stationary,24.071328855921724,0.9409142158690104,0.9491947888254751,0.008280572956464782
test_0023488,noisy,nonstationary,2.8335267207216317,0.7840188906277228,0.8192637449855743,0.03524485435785152
test_0023489,noisy,stationary,2.363251848263891,0.8956295951388461,0.9302590271812416,0.03462943204239555
test_0023490,noisy,stationary,7.566714996130884,0.8642023011116332,0.9020373513338519,0.03783505022221867
test_0023491,clean,stationary,60.0,0.9999999999999999,0.9993661181658685,-0.0006338818341313779
test_0023492,noisy,stationary,-4.202956334035175,0.7172379267850636,0.7537979219225537,0.03655999513749009
test_0023494,noisy,ambient,3.302453117648234,0.7761744297478922,0.9054968458122142,0.12932241606432204
test_0023495,clean,ambient,60.0,0.9999999999999994,0.9914260521977402,-0.008573947802259285
test_0023496,near_clean,nonstationary,22.295984052615935,0.968486855719052,0.9793376362023002,0.010850780483248168
test_0023497,clean,ambient,60.0,0.9999999999999997,0.9994156440895019,-0.0005843559104977691
test_0023498,noisy,nonstationary,2.7935957428562377,0.952496674584939,0.965850975294826,0.013354300709886968
test_0023499,noisy,ambient,-2.510041812852716,0.7077632096447669,0.7760885536116767,0.06832534396690981
test_0023500,near_clean,nonstationary,39.545298414210045,0.9986342562502184,0.9985938486043778,-4.0407645840567774e-05
test_0023501,clean,stationary,60.0,0.9999999999999992,0.9987718410963421,-0.0012281589036571283
test_0023502,near_clean,stationary,39.51893931633478,0.9991630710767117,0.9944332561698146,-0.004729814906897056
test_0023503,clean,ambient,60.0,0.9999999999999996,0.9846361208597623,-0.015363879140237291
test_0023504,clean,ambient,60.0,0.9999999999999997,0.9996130351295882,-0.0003869648704114548
test_0023505,near_clean,nonstationary,33.37850771151999,0.9991892364482332,0.995052679851556,-0.004136556596677221
test_0023506,noisy,stationary,-4.782535441765857,0.6192292349964411,0.7467337221389309,0.12750448714248974
test_0023507,near_clean,nonstationary,27.72469326758459,0.9846739988443479,0.9873608974459314,0.002686898601583443
test_0023508,noisy,stationary,-0.08136217396064271,0.7978352419264929,0.7640095445058308,-0.033825697420662104
test_0023509,near_clean,impulsive,22.731337813771376,0.9398691124807196,0.9339525405873262,-0.005916571893393341
test_0023510,clean,impulsive,60.0,0.9999999999999997,0.9963322877223484,-0.0036677122776512805
test_0023511,clean,impulsive,60.0,1.0,0.9884715086332435,-0.011528491366756488
test_0023512,noisy,stationary,5.7903516801246955,0.8402009470029803,0.8586015206314432,0.018400573628462924
test_0023514,noisy,stationary,5.5141881528653,0.852472475669914,0.8697459417215044,0.017273466051590414
test_0023515,near_clean,ambient,25.04776957862311,0.994454925041481,0.9735954419425056,-0.02085948309897545
test_0023516,noisy,ambient,16.750029193864613,0.929105452722545,0.9570589415990067,0.027953488876461763
test_0023517,near_clean,ambient,36.30255500204855,0.9994779956471754,0.992722889949609,-0.0067551056975664325
test_0023518,noisy,stationary,12.946780674692942,0.9303346526905601,0.9405875919458809,0.010252939255320781
test_0023519,noisy,impulsive,12.145102738865152,0.858845952814695,0.9131387389025075,0.05429278608781252
test_0023520,noisy,stationary,13.702168850935745,0.9595536592665973,0.9577852924658184,-0.0017683668007788533
test_0023521,near_clean,nonstationary,29.59644501396347,0.9998496000193944,0.9958029136605928,-0.004046686358801566
test_0023523,noisy,stationary,14.190402835696123,0.9930634928618121,0.9946549719257199,0.0015914790639078857
test_0023524,noisy,impulsive,0.10604617526184157,0.7045753016209092,0.8169839522383743,0.11240865061746508
test_0023526,clean,impulsive,60.0,0.9999999999999998,0.9988231740837883,-0.001176825916211488
test_0023527,noisy,ambient,3.8910658543970396,0.858853844512821,0.8840115828931698,0.02515773838034885
test_0023528,clean,nonstationary,60.0,0.9999999999999979,0.9979179770753196,-0.002082022924678295
test_0023529,near_clean,stationary,32.209418841659314,0.992857959159752,0.9787464439465033,-0.014111515213248604
test_0023530,noisy,nonstationary,0.4325259959985246,0.8622590087048272,0.886970686274662,0.024711677569834833
test_0023531,noisy,stationary,14.027189545809449,0.9995386941299222,0.9990247777911723,-0.0005139163387499757
test_0023532,noisy,impulsive,11.899486945858953,0.9621979478833854,0.9575448855009105,-0.004653062382474871
test_0023533,clean,stationary,60.0,1.0,0.9709156169151286,-0.02908438308487138
test_0023534,near_clean,stationary,38.80934711189465,0.9998889592058612,0.9979916672873058,-0.001897291918555366
test_0023535,clean,impulsive,60.0,0.9999999999999998,0.9934314287736231,-0.006568571226376663
test_0023536,noisy,stationary,9.707165107098005,0.8560231549861049,0.8560282367847499,5.081798645001356e-06
test_0023538,noisy,stationary,-0.9669409670727225,0.47619457267161186,0.5306449879737962,0.05445041530218436
test_0023539,near_clean,ambient,22.13242872377804,0.991427783936055,0.98819539421793,-0.003232389718125006
test_0023540,near_clean,ambient,32.488619506486685,0.9990224625752363,0.9993865271179673,0.00036406454273096855
test_0023541,noisy,impulsive,8.444142457795785,0.9081029813243934,0.9221964069106484,0.014093425586255037
test_0023542,near_clean,ambient,24.966697675717356,0.9964206440399613,0.9929709180756007,-0.0034497259643606615
test_0023543,near_clean,stationary,26.232175350437956,0.9415618835466045,0.9284193855485596,-0.0131424979980449
test_0023544,clean,impulsive,60.0,1.0,0.9582908533098857,-0.041709146690114274
test_0023546,near_clean,ambient,39.435779996025374,0.9998841028451902,0.9889639064435742,-0.010920196401616011
test_0023547,noisy,nonstationary,-1.1436640970154857,0.8297742928684506,0.8368450150594458,0.007070722190995138
test_0023548,noisy,stationary,3.936674276957815,0.8520376056685746,0.8897810168500365,0.03774341118146196
test_0023549,noisy,stationary,8.398987761354578,0.8360660818872754,0.8508813730493527,0.01481529116207736
test_0023550,noisy,stationary,11.059838406194235,0.803187718020867,0.8449972547459634,0.04180953672509646
test_0023551,noisy,ambient,13.319046131519034,0.9217256763693545,0.9501539507537804,0.028428274384425856
test_0023552,noisy,nonstationary,8.7639422782907,0.9079211653855856,0.9262016912661184,0.01828052588053275
test_0023553,near_clean,ambient,30.074156074808165,0.998492408905237,0.9977027604796362,-0.0007896484256008085
test_0023554,near_clean,nonstationary,39.95540063950824,0.9989137698305234,0.9659998063805105,-0.03291396345001285
test_0023555,noisy,nonstationary,10.223487805356994,0.6918103554339344,0.757884625200475,0.06607426976654052
test_0023556,noisy,nonstationary,-3.7099167718966717,0.459864421333734,0.5243099979273566,0.06444557659362254
test_0023557,noisy,impulsive,-1.300009268022635,0.6037001180807675,0.7721103356188085,0.16841021753804097
test_0023558,noisy,ambient,17.29419326902013,0.9965251586910767,0.9944055891817795,-0.002119569509297259
test_0023559,noisy,nonstationary,18.235792603432273,0.90797801532103,0.9228734547428731,0.014895439421843126
test_0023560,noisy,stationary,7.315261261470614,0.9848715547491352,0.9879133250994684,0.0030417703503331506
test_0023561,noisy,ambient,9.750848915408895,0.9674992773894195,0.9756588238102564,0.008159546420836827
test_0023562,noisy,ambient,10.97698234069666,0.965543425871696,0.9757180246254676,0.010174598753771691
test_0023563,noisy,nonstationary,10.125140293319866,0.931519372945039,0.9472637344643786,0.015744361519339667
test_0023564,noisy,ambient,16.396936271692706,0.9457609481356294,0.9634123052991365,0.017651357163507075
test_0023565,clean,ambient,60.0,0.9999999999999999,0.9996313383901034,-0.000368661609896459
test_0023566,noisy,stationary,2.1068597348218603,0.956454312013793,0.9553118582596986,-0.0011424537540944968
test_0023567,noisy,nonstationary,19.37826468650075,0.9369783375961221,0.9438494461370729,0.006871108540950743
test_0023568,noisy,nonstationary,5.421675248084258,0.8945912327195942,0.9546812879322358,0.06009005521264166
test_0023570,noisy,impulsive,-1.0521439462967086,0.9203245254292851,0.9378902402939073,0.017565714864622217
test_0023571,noisy,impulsive,14.625200900487364,0.9245168715103527,0.9221702400300007,-0.0023466314803519683
test_0023572,noisy,ambient,3.234446848136292,0.9042214493497661,0.9455508745542279,0.04132942520446181
test_0023573,noisy,stationary,5.506833976413343,0.8232457634065583,0.8456607229623745,0.022414959555816183
test_0023574,near_clean,ambient,26.43679361059221,0.9949729744902883,0.9935540908581094,-0.0014188836321789022
test_0023575,noisy,nonstationary,7.505328497001065,0.504760784279691,0.5727134818180499,0.06795269753835897
test_0023576,noisy,nonstationary,16.49865552459017,0.9753958036028353,0.9799861100338949,0.004590306431059621
test_0023578,noisy,impulsive,9.525946954792147,0.9704250633222321,0.9670503380970815,-0.0033747252251505877
test_0023579,clean,impulsive,60.0,0.9999999999999999,0.9769918982959138,-0.02300810170408607
test_0023580,clean,ambient,60.0,1.0,0.9995189385247748,-0.0004810614752251974
test_0023581,noisy,stationary,10.694275401371726,0.9617467645342773,0.9484870708327472,-0.013259693701530129
test_0023582,noisy,ambient,-2.317016732283884,0.7485642153719599,0.7636562888684388,0.015092073496478897
test_0023585,noisy,stationary,9.293004349199103,0.9382317034895582,0.946629375914586,0.008397672425027758
test_0023586,noisy,ambient,12.114859885314289,0.9579870924355409,0.9690479688404262,0.01106087640488529
test_0023587,noisy,ambient,19.094765162824462,0.8946444896896325,0.9036644210917804,0.009019931402147852
test_0023588,noisy,nonstationary,11.476064888338382,0.8340677725136746,0.8609025110998657,0.02683473858619112
test_0023589,clean,nonstationary,60.0,1.0,0.999032900940899,-0.0009670990591009732
test_0023590,noisy,impulsive,0.5026008341396899,0.7806020948286271,0.8146917909617485,0.034089696133121405
test_0023591,noisy,nonstationary,11.982226036177778,0.9684665937449686,0.9731572039235137,0.004690610178545107
test_0023592,near_clean,stationary,31.382298301696387,0.9882261125646469,0.9929033216140181,0.004677209049371189
test_0023593,noisy,ambient,-2.1605574870104958,0.7037205538309282,0.8310962726258825,0.12737571879495424
test_0023594,near_clean,nonstationary,28.65435194217526,0.9005486651815584,0.9274209476505121,0.02687228246895368
test_0023595,noisy,stationary,-3.5910596427971244,0.5569410799573156,0.6207639062740403,0.06382282631672476
test_0023596,noisy,stationary,11.56317117986606,0.8272913850475674,0.8359863145898626,0.008694929542295227
test_0023597,noisy,stationary,15.886029159649595,0.9859991632424031,0.9863504189316222,0.000351255689219121
test_0023598,near_clean,ambient,29.817048528525724,0.9860569407953579,0.9871711358725735,0.0011141950772156628
test_0023599,noisy,ambient,6.027589251980164,0.8959632355178071,0.9208598106096177,0.024896575091810647
test_0023600,noisy,stationary,2.162915916431639,0.8370552225133844,0.8809487519081206,0.04389352939473623
test_0023601,noisy,impulsive,6.535192559932339,0.8948391556836917,0.9644345919683137,0.06959543628462206
test_0023602,noisy,nonstationary,12.560460096338879,0.8281014009555934,0.8650695257472544,0.036968124791661006
test_0023603,noisy,nonstationary,6.629917633276394,0.7604613649509978,0.8381208104762615,0.07765944552526372
test_0023604,noisy,nonstationary,18.619595877464576,0.9530754643257151,0.9701499482453747,0.0170744839196596
test_0023606,near_clean,nonstationary,23.023212479923668,0.9995905910123181,0.9988517193427406,-0.0007388716695774233
test_0023607,noisy,ambient,12.262317717508488,0.9257553815547401,0.9522844132283466,0.02652903167360643
test_0023608,clean,stationary,60.0,0.9999999999999993,0.9991098626826129,-0.000890137317386408
test_0023609,noisy,ambient,3.5466250300584274,0.9663910184559678,0.9769889798809842,0.010597961425016456
test_0023610,noisy,impulsive,1.3817210091630576,0.9643195569331123,0.961996897678533,-0.0023226592545793068
test_0023611,noisy,impulsive,2.959355074708369,0.8612842135773106,0.8710543075165066,0.009770093939196034
test_0023612,near_clean,ambient,29.99932869024657,0.9916325618656602,0.9957856233248181,0.004153061459157947
test_0023613,noisy,ambient,9.030272435756663,0.8850950145168255,0.8951363157197186,0.01004130120289315
test_0023614,noisy,ambient,5.099089362012354,0.8867995288511095,0.9212330537535643,0.03443352490245488
test_0023615,noisy,nonstationary,16.5917699481218,0.9696688882978933,0.9852005507074733,0.015531662409579927
test_0023616,noisy,nonstationary,13.524409379763725,0.9879827026331172,0.9924790995564468,0.004496396923329593
test_0023618,noisy,nonstationary,18.25373145595318,0.9565328423446571,0.9616114237458431,0.005078581401186
test_0023619,noisy,impulsive,-0.9511111358511304,0.7646527674146388,0.8154555628857839,0.05080279547114508
test_0023620,noisy,impulsive,4.16880072622927,0.8938883432834794,0.9126392767251664,0.01875093344168699
test_0023621,noisy,nonstationary,14.32183905758668,0.9757945836023474,0.9839034274051275,0.008108843802780097
test_0023622,clean,stationary,60.0,0.9999999999999997,0.9979298255553011,-0.0020701744446985915
test_0023623,clean,ambient,60.0,0.9999999999999968,0.998292795511545,-0.0017072044884517412
test_0023624,noisy,ambient,15.356443978999504,0.9325107960649103,0.9253531388721373,-0.007157657192772948
test_0023625,clean,ambient,60.0,0.999999999999999,0.999657367160452,-0.00034263283954705237
test_0023626,near_clean,nonstationary,21.769131443317292,0.9672154984705981,0.9764316664006636,0.009216167930065522
test_0023627,noisy,nonstationary,18.941395960893004,0.9650779247674335,0.959173664568172,-0.005904260199261491
test_0023628,noisy,nonstationary,13.337252226965244,0.8823007267505434,0.8885602945016707,0.006259567751127348
test_0023629,noisy,nonstationary,-3.0873784613229938,0.9999896840636691,0.9990160861128154,-0.0009735979508536108
test_0023630,noisy,nonstationary,15.679154820575086,0.836716775433559,0.9139057246960377,0.07718894926247866
test_0023631,noisy,ambient,2.171886170146516,0.830705938640999,0.9068728085164152,0.07616686987541621
test_0023632,noisy,stationary,4.993022974342306,0.938241657044936,0.9579202782738593,0.019678621228923276
test_0023633,near_clean,nonstationary,37.13783809913855,0.99844744624009,0.9986278949515481,0.00018044871145816987
test_0023634,noisy,stationary,-0.7153491223939747,0.6838560173621961,0.7590488045297245,0.07519278716752831
test_0023635,clean,nonstationary,60.0,0.9999999999999987,0.9985099155973546,-0.0014900844026440874
test_0023636,noisy,impulsive,2.4239644610399695,0.8096910292704723,0.8555325270544152,0.045841497783942864
test_0023637,near_clean,stationary,37.94296569147073,0.9952509270450087,0.9917325098824344,-0.0035184171625742833
test_0023638,noisy,impulsive,18.003182306856086,0.9314963922194206,0.9821432485315098,0.050646856312089206
test_0023639,noisy,stationary,0.5563716499046292,0.7262567693917259,0.7659157825470747,0.03965901315534881
test_0023640,near_clean,stationary,38.740101491053224,0.9983775476679612,0.9975104804530553,-0.0008670672149058145
test_0023641,near_clean,stationary,29.90404577838175,0.9985334684510174,0.9905515414370638,-0.007981927013953616
test_0023643,noisy,nonstationary,19.272039267271115,0.8854204246967029,0.9161874931238687,0.03076706842716581
test_0023644,near_clean,ambient,25.052375917243737,0.9699036094995872,0.9849046926308921,0.015001083131304882
test_0023645,noisy,ambient,-4.250637837376929,0.9088212327446062,0.9191259168427056,0.01030468409809937
test_0023646,near_clean,stationary,32.98786221393,0.9575226618493327,0.9635155290539801,0.005992867204647423
test_0023647,noisy,nonstationary,4.818860334150303,0.7192255895610008,0.7700953907761793,0.05086980121517848
test_0023648,clean,impulsive,60.0,1.0,0.9990959587747025,-0.000904041225297525
test_0023649,noisy,stationary,1.9620444328449853,0.7025057849049748,0.7528824914372115,0.05037670653223669
test_0023650,noisy,impulsive,-4.987108162263641,0.9178202955231679,0.9300589032923307,0.012238607769162746
test_0023651,noisy,impulsive,5.44065934233295,0.8938493149770284,0.9231465503219104,0.029297235344882044
test_0023652,noisy,nonstationary,9.910603871458925,0.868949395701059,0.9078254671057221,0.03887607140466309
test_0023653,noisy,stationary,-3.153422414632291,0.5662117047296471,0.6328497966831239,0.06663809195347681
test_0023654,noisy,ambient,7.935688424969754,0.7786048278136432,0.833853628803567,0.055248800989923796
test_0023656,noisy,stationary,3.1076244233574872,0.9857424427931032,0.9853549004590934,-0.0003875423340098383
test_0023657,noisy,stationary,5.266237918268953,0.8658579179933235,0.8885358695157424,0.022677951522418915
test_0023658,clean,nonstationary,60.0,0.9999999999999993,0.9979578870443154,-0.0020421129556839057
test_0023659,noisy,nonstationary,7.57339515846769,0.8092754966847542,0.8898882823694075,0.08061278568465335
test_0023660,noisy,impulsive,2.37008976544414,0.7350889609291588,0.8646320595183975,0.12954309858923874
test_0023661,near_clean,impulsive,33.84963138046299,0.9998832967960395,0.9757658739824269,-0.02411742281361262
test_0023662,noisy,nonstationary,0.39648028156939663,0.6210796055621974,0.6930314625264908,0.0719518569642934
test_0023663,noisy,impulsive,15.732430380342247,0.9862838400005229,0.989105857477648,0.0028220174771250717
test_0023665,clean,impulsive,60.0,0.9999999999999988,0.9995355377469546,-0.00046446225304419553
test_0023666,near_clean,impulsive,33.25753831686603,0.999471720806803,0.9993276455719702,-0.00014407523483284113
test_0023667,near_clean,impulsive,37.65640945890905,0.986447685749215,0.9842500029469478,-0.0021976828022672867
test_0023668,clean,impulsive,60.0,0.9999999999999993,0.9995000193614234,-0.0004999806385759253
test_0023669,noisy,impulsive,17.152917744950987,0.873268237040296,0.9099786454542821,0.036710408413986095
test_0023670,noisy,nonstationary,-4.705109438016367,0.5574133301283299,0.604799830451551,0.047386500323221004
test_0023671,noisy,stationary,1.9428049476602585,0.9268089457852572,0.9327588180085757,0.005949872223318553
test_0023672,noisy,impulsive,16.1813461294712,0.9974725074865456,0.985235342652373,-0.012237164834172587
test_0023673,clean,impulsive,60.0,0.9999999999999989,0.9998688574292647,-0.00013114257073421065
test_0023674,noisy,impulsive,18.589060587360354,0.9634160654932711,0.9719091561935788,0.008493090700307682
test_0023675,near_clean,nonstationary,34.36437675465278,0.9974602311457399,0.9933346132214945,-0.004125617924245373
test_0023676,noisy,stationary,16.799149054627122,0.8954477484055811,0.9177777398639342,0.022329991458353127
test_0023677,clean,ambient,60.0,0.9999999999999991,0.996706284196641,-0.0032937158033581326
test_0023678,near_clean,nonstationary,31.640523142137212,0.9850565234930233,0.9807112988623897,-0.004345224630633582
test_0023679,noisy,impulsive,7.628760871611528,0.8452261466216584,0.8594594220298173,0.014233275408158885
test_0023680,noisy,ambient,11.067385559991358,0.8148828510734968,0.8584040112947788,0.04352116022128205
test_0023681,noisy,ambient,19.18910331122533,0.9964839881971059,0.9487897864389786,-0.04769420175812733
test_0023682,clean,ambient,60.0,0.9999999999999999,0.9994581706005446,-0.0005418293994552403
test_0023683,noisy,ambient,13.425557607966844,0.9223951254148718,0.94712507512252,0.02472994970764819
test_0023684,noisy,stationary,18.09964522248458,0.9381543595056921,0.9711364978045,0.032982138298807806
test_0023685,noisy,nonstationary,3.215588578130598,0.8206421394387641,0.8675859995419564,0.04694386010319229
test_0023686,noisy,ambient,12.953381448925903,0.8881537211307567,0.9303289467541216,0.04217522562336484
test_0023687,noisy,ambient,16.5318423664921,0.952401660114505,0.9579987689807556,0.005597108866250644
test_0023688,noisy,impulsive,8.456677569416497,0.8442140766208953,0.8683805575437786,0.024166480922883316
test_0023689,noisy,impulsive,10.751169953679145,0.7801227000650934,0.8174137114709925,0.03729101140589908
test_0023690,noisy,stationary,9.922534647993732,0.9297435301790988,0.9311642533989978,0.001420723219898945
test_0023691,noisy,nonstationary,0.3230451286990661,0.8353876407610612,0.8570845913015239,0.021696950540462723
test_0023692,noisy,ambient,19.32407352118504,0.9799672214461193,0.9809342194768507,0.0009669980307314141
test_0023693,noisy,nonstationary,-2.3030415150534207,0.8380875480025342,0.8738457660168636,0.035758218014329435
test_0023694,near_clean,ambient,31.8007241943393,0.9896020166522191,0.9921746311760578,0.0025726145238386122
test_0023695,near_clean,stationary,30.215326029047368,0.949696315535613,0.9482748018265863,-0.001421513709026656
test_0023696,near_clean,stationary,37.66657081006663,0.9994998995357197,0.9350439220641975,-0.06445597747152221
test_0023698,noisy,nonstationary,17.834366229755247,0.967799552683043,0.9765336724034439,0.008734119720400946
test_0023699,near_clean,nonstationary,21.356162787735727,0.9236029362857809,0.9434684815673237,0.019865545281542718
test_0023700,clean,ambient,60.0,0.9999999999999997,0.9995580368729706,-0.0004419631270290436
test_0023701,noisy,impulsive,9.781244770184877,0.8261551687194559,0.9354558750749058,0.10930070635544986
test_0023702,noisy,ambient,0.5461160838829819,0.8501348200513795,0.8927215892926301,0.0425867692412506
test_0023703,near_clean,stationary,22.730692246774883,0.9814369666244155,0.9852041376628038,0.003767171038388306
test_0023704,noisy,nonstationary,-1.9981223241116712,0.5911825861707906,0.620828113052234,0.029645526881443396
test_0023705,clean,stationary,60.0,0.999999999999999,0.9998049546250922,-0.0001950453749067771
test_0023706,near_clean,ambient,34.890676404823175,0.998017930578809,0.9968384252292113,-0.0011795053495977648
test_0023707,noisy,nonstationary,14.087896620901653,0.8861135028394973,0.9216393485142498,0.035525845674752476
test_0023708,near_clean,impulsive,27.771022488096996,0.9943600511571958,0.9965500941135549,0.0021900429563590507
test_0023709,near_clean,nonstationary,28.358539845044493,0.9952777040343603,0.9950980952686869,-0.00017960876567346684
test_0023711,noisy,stationary,14.384940100960897,0.8959569031157625,0.9314262184370409,0.035469315321278394
test_0023712,noisy,ambient,19.216462600433925,0.9628605342740093,0.9782129398224477,0.01535240554843842
test_0023713,clean,impulsive,60.0,0.999999999999999,0.9997687677733152,-0.00023123222668375298
test_0023715,noisy,impulsive,13.162630447683785,0.9431916877946767,0.9801504406322868,0.03695875283761019
test_0023716,noisy,stationary,3.330668905290759,0.7100474510503986,0.811890170279531,0.10184271922913246
test_0023717,clean,nonstationary,60.0,0.999999999999999,0.9994428641943077,-0.0005571358056912779
test_0023718,clean,impulsive,60.0,0.9999999999999997,0.9989215111305395,-0.001078488869460159
test_0023719,noisy,ambient,7.3180645711932595,0.8061406690740904,0.8851133529129562,0.0789726838388658
test_0023720,noisy,impulsive,18.063000735182793,0.9223253873745435,0.9630716438442173,0.04074625646967378
test_0023721,noisy,ambient,8.965858492795885,0.7118665185983409,0.7875034670967666,0.07563694849842562
test_0023722,clean,nonstationary,60.0,1.0,0.998697541935032,-0.0013024580649679818
test_0023723,near_clean,impulsive,36.35810297768806,0.9971135068791019,0.9965820140812292,-0.0005314927978727901
test_0023724,noisy,stationary,-1.1083687407202873,0.38833880417074534,0.42116933818426605,0.03283053401352071
test_0023725,noisy,ambient,17.17721219740542,0.9584555345369542,0.9654720241097925,0.0070164895728382914
test_0023726,noisy,nonstationary,4.711654481444249,0.7235850332786375,0.7820982534455786,0.05851322016694105
test_0023727,noisy,nonstationary,-0.7826218835749783,0.6322461041142526,0.736873422156689,0.10462731804243641
test_0023728,noisy,nonstationary,0.6954114937859845,0.7649708453448627,0.8262380519743275,0.06126720662946483
test_0023729,noisy,nonstationary,10.25603343667914,0.823445160589801,0.8616386014609265,0.03819344087112553
test_0023730,noisy,impulsive,-2.7686994506115874,0.9090170431506535,0.9358115396072361,0.026794496456582606
test_0023731,noisy,nonstationary,-3.316220861719153,0.5797018838268599,0.6195100963764497,0.03980821254958977
test_0023732,near_clean,stationary,38.82342270872023,0.9999000548134882,0.9859045231306612,-0.013995531682826967
test_0023733,noisy,nonstationary,-3.197354067951606,0.6856370577875883,0.7187137334570404,0.03307667566945205
test_0023734,noisy,impulsive,6.360663670243104,0.908567910792734,0.9467870745349017,0.03821916374216772
test_0023735,noisy,ambient,11.999025167779749,0.9452423769928949,0.9904711100545591,0.045228733061664195
test_0023736,noisy,nonstationary,15.827125285885362,0.9310915843074755,0.9496895860272248,0.018598001719749235
test_0023737,near_clean,ambient,23.416678175053917,0.9978241648033466,0.9981072971836815,0.0002831323803349495
test_0023738,noisy,impulsive,13.181584051712846,0.8813192196533824,0.9161211915324438,0.03480197187906131
test_0023739,clean,stationary,60.0,1.0,0.9995754250807466,-0.0004245749192534065
test_0023740,noisy,ambient,10.772131460802296,0.8834904231180455,0.9150151715324497,0.031524748414404224
test_0023741,near_clean,impulsive,35.52909195975513,0.9988074903073113,0.9985808171326118,-0.00022667317469948767
test_0023742,noisy,stationary,12.049302781084538,0.9069250061216869,0.9462464568700364,0.039321450748349474
test_0023743,noisy,impulsive,-0.8977323150877883,0.8416636384699293,0.8454611323941201,0.00379749392419082
test_0023745,noisy,ambient,6.149875926383848,0.7897978313774457,0.9014313908324479,0.1116335594550022
test_0023746,clean,nonstationary,60.0,0.9999999999999981,0.9981661149455652,-0.0018338850544329377
test_0023747,near_clean,ambient,23.933007255885492,0.9873799245846876,0.989628563041235,0.002248638456547436
test_0023749,noisy,nonstationary,11.015385520346111,0.9452585190426819,0.9671054070297381,0.02184688798705625
test_0023750,noisy,stationary,1.594074886201212,0.9394785670545104,0.958737585068974,0.019259018014463614
test_0023751,noisy,impulsive,2.988282524926193,0.8381802993756183,0.9208270933019872,0.08264679392636887
test_0023752,noisy,impulsive,11.515177422256183,0.7752912524011668,0.7101119302285802,-0.0651793221725866
test_0023753,noisy,stationary,-2.7406610078123377,0.6377050384308631,0.7139477539151652,0.07624271548430206
test_0023754,near_clean,impulsive,31.85181303168781,0.9852729872384483,0.9918260760695957,0.006553088831147469
test_0023755,near_clean,impulsive,29.052034711135015,0.9965780654528558,0.9962670927445256,-0.00031097270833013724
test_0023756,clean,stationary,60.0,0.999999999999999,0.9993240517860703,-0.0006759482139286899
test_0023758,noisy,nonstationary,8.971261413837604,0.8565647530704106,0.8809364566830334,0.024371703612622864
test_0023759,noisy,impulsive,1.3272603547657766,0.9004652858946823,0.9283714721496682,0.027906186254985865
test_0023760,noisy,nonstationary,1.121524154492672,0.9249118222839307,0.9509510900841089,0.02603926780017829
test_0023761,noisy,impulsive,3.8799600751218257,0.6545849026765495,0.7785056934015495,0.12392079072500006
test_0023762,near_clean,ambient,29.794390071895478,0.9981253110737418,0.9977870319888583,-0.000338279084883486
test_0023763,near_clean,stationary,28.51101769740211,0.9510542449362819,0.9626059969472764,0.011551752010994565
test_0023764,noisy,impulsive,3.0613560671273543,0.8465154163898173,0.8931204561871556,0.04660503979733832
test_0023765,noisy,impulsive,17.072194132182034,0.9650890537508203,0.9786136035168104,0.013524549765990046
test_0023766,clean,ambient,60.0,0.9999999999999991,0.9978492845329506,-0.0021507154670484807
test_0023767,clean,nonstationary,60.0,0.9999999999999992,0.9989637872265186,-0.0010362127734806492
test_0023768,noisy,nonstationary,-2.289920512762637,0.7563850247359062,0.874449384087068,0.11806435935116177
test_0023769,near_clean,impulsive,36.85186792133298,0.9995068514140755,0.9942244856006422,-0.005282365813433221
test_0023770,near_clean,nonstationary,23.609601545262606,0.9996002476210678,0.9989721058121901,-0.0006281418088777135
test_0023771,near_clean,nonstationary,29.87047776880093,0.98360068376363,0.985057210692126,0.0014565269284960713
test_0023772,near_clean,stationary,23.798268367542217,0.9982429428284433,0.9928612438639652,-0.005381698964478043
test_0023773,noisy,nonstationary,16.992315445479793,0.8694159499977852,0.8763153438960366,0.006899393898251449
test_0023774,clean,ambient,60.0,0.9999999999999983,0.9934334147791486,-0.006566585220849741
test_0023775,noisy,impulsive,10.753050385353326,0.9742739739885417,0.976566804642376,0.0022928306538343435
test_0023776,clean,stationary,60.0,1.0,0.9888672749260033,-0.011132725073996652
test_0023777,noisy,nonstationary,9.99775194660776,0.8389858792608955,0.8684447906125301,0.029458911351634587
test_0023778,noisy,impulsive,11.535459750650013,0.9679151982168286,0.9781926944905216,0.01027749627369301
test_0023779,noisy,impulsive,14.687497879040237,0.8533299302208778,0.8585392295201426,0.005209299299264836
test_0023780,clean,impulsive,60.0,0.999999999999999,0.9997606645371793,-0.00023933546281973417
test_0023781,clean,ambient,60.0,0.9999999999999999,0.9984294089968313,-0.0015705910031685866
test_0023782,near_clean,nonstationary,23.15857706468845,0.9938595860530749,0.9553113048236892,-0.038548281229385695
test_0023783,near_clean,stationary,26.953047120264994,0.9197575096341395,0.9349237617738207,0.015166252139681258
test_0023784,near_clean,ambient,24.545659461082213,0.993179888363056,0.9936934636595758,0.0005135752965197415
test_0023786,noisy,nonstationary,7.2965057870770895,0.8552153104642897,0.8532220644532499,-0.0019932460110397843
test_0023787,clean,ambient,60.0,0.9999999999999994,0.9996753874141708,-0.00032461258582860975
test_0023788,clean,ambient,60.0,1.0,0.99617118118479,-0.003828818815210022
test_0023789,noisy,stationary,7.790088437643563,0.9285062446711224,0.9568466167288544,0.02834037205773199
test_0023790,noisy,stationary,-0.053577404205885415,0.6140770463579229,0.6219887632957587,0.007911716937835767
test_0023792,noisy,stationary,6.351293570291595,0.8677555367216903,0.9037160072254136,0.03596047050372331
test_0023793,clean,ambient,60.0,0.9999999999999997,0.9979785658837811,-0.002021434116218579
test_0023794,clean,impulsive,60.0,0.9999999999999982,0.9997522476290159,-0.0002477523709822904
test_0023795,noisy,ambient,-4.232237771063037,0.7993956470411762,0.8676529802660146,0.0682573332248384
test_0023796,near_clean,impulsive,23.499960119263662,0.9787499196791772,0.9920573560290288,0.013307436349851542
test_0023797,noisy,stationary,10.675768929886205,0.800890253832454,0.8527809437132655,0.05189068988081147
test_0023799,noisy,ambient,12.672803497711275,0.9196166741958374,0.9330114471380433,0.013394772942205924
test_0023800,noisy,ambient,19.677680125201505,0.9812324203206634,0.9833657334637849,0.0021333131431214847
test_0023801,noisy,ambient,-0.2331077181475223,0.8510372432019236,0.8946890749139896,0.04365183171206599
test_0023802,near_clean,stationary,36.40047972487177,0.9704811019213196,0.9599911587361063,-0.010489943185213346
test_0023803,noisy,stationary,-2.83628898118103,0.5690889858789968,0.604053544917097,0.03496455903810014
test_0023804,noisy,ambient,11.745323102393897,0.88716405213793,0.9289901877092894,0.04182613557135939
test_0023805,noisy,ambient,11.434719523701347,0.893570732909074,0.9312573989158637,0.037686666006789715
test_0023807,noisy,ambient,8.381616713780037,0.7422683367967913,0.7741149657469379,0.03184662895014667
test_0023810,noisy,nonstationary,-0.7432758447205545,0.8584439943521909,0.8900761340090997,0.03163213965690881
test_0023811,near_clean,stationary,38.70593072852284,0.998787546722333,0.9981729418713073,-0.0006146048510257129
test_0023812,near_clean,nonstationary,26.999829949172174,0.9995028169385186,0.9989030824597298,-0.0005997344787888048
test_0023815,clean,ambient,60.0,0.999999999999998,0.9938184014972767,-0.006181598502721264
test_0023816,near_clean,ambient,36.52808571471555,0.9989750746436677,0.9958130677861999,-0.003162006857467814
test_0023817,noisy,nonstationary,-4.370131294928416,0.7544708136599779,0.8119156834514911,0.0574448697915132
test_0023818,noisy,impulsive,4.268644520054911,0.8171320877775502,0.8462888095802286,0.029156721802678365
test_0023819,clean,stationary,60.0,1.0,0.9096335138658167,-0.0903664861341833
test_0023821,noisy,nonstationary,7.809503662294302,0.9448460920158199,0.9400025567787282,-0.0048435352370916895
test_0023822,noisy,ambient,-3.3384669416718706,0.687196608621964,0.6949426012111495,0.007745992589185513
test_0023823,clean,stationary,60.0,0.9999999999999997,0.9997926602241499,-0.0002073397758497464
test_0023824,noisy,nonstationary,-2.4383283305600587,0.769019179707531,0.8103945046920492,0.041375324984518236
test_0023825,noisy,ambient,11.740273298517995,0.891118596695335,0.9308480120123117,0.03972941531697671
test_0023826,noisy,nonstationary,-3.6904481998729155,0.5946555394487713,0.6500514834601913,0.055395944011420006
test_0023827,noisy,nonstationary,4.010934085518057,0.8684016228983291,0.9320452742325562,0.06364365133422711
test_0023828,near_clean,impulsive,28.20490697592815,0.9988960311178512,0.9985304849211186,-0.00036554619673256905
test_0023829,noisy,ambient,7.457975077865674,0.8784301729206696,0.9193522842829729,0.04092211136230328
test_0023830,noisy,impulsive,7.989733717576774,0.8900062781750445,0.9382855143026896,0.048279236127645064
test_0023832,near_clean,ambient,23.840353674952574,0.995385080181789,0.9848927688850592,-0.010492311296729784
test_0023833,noisy,impulsive,19.2195503490942,0.9961213388329436,0.9861570456391697,-0.009964293193773899
test_0023834,near_clean,impulsive,35.409354279701205,0.9951500251537589,0.994786667811421,-0.00036335734233794437
test_0023835,near_clean,stationary,27.61121721465301,0.9358267801672386,0.9590514841410658,0.023224703973827143
test_0023837,noisy,ambient,-4.899834326125597,0.565181647505101,0.7293761918418827,0.1641945443367817
test_0023838,noisy,ambient,-1.0076263997777817,0.8566566540152005,0.8927303588576487,0.036073704842448207
test_0023840,near_clean,impulsive,33.75322303501061,0.9998817821718677,0.9987985221593702,-0.0010832600124975889
test_0023841,clean,impulsive,60.0,0.9999999999999997,0.9997875782681456,-0.00021242173185409552
test_0023843,noisy,ambient,-3.664316962023038,0.6223848985824614,0.6992207135656707,0.07683581498320935
test_0023845,clean,ambient,60.0,1.0,0.9980985734269926,-0.0019014265730074031
test_0023846,noisy,nonstationary,3.453131121554879,0.789407253023005,0.8645097049056061,0.07510245188260112
test_0023847,noisy,nonstationary,-2.65817028739911,0.5925049995743761,0.6523655270567422,0.059860527482366144
test_0023848,near_clean,impulsive,30.75366746175817,0.9990152534674471,0.9988237256068315,-0.00019152786061560345
test_0023849,noisy,nonstationary,17.283191393776246,0.9255558728928169,0.938241854431865,0.012685981539048097
test_0023850,clean,ambient,60.0,0.9999999999999996,0.9992789499402225,-0.000721050059777073
test_0023851,noisy,nonstationary,16.652494496018047,0.9435144102847253,0.9665290265814703,0.02301461629674506
test_0023852,clean,stationary,60.0,0.9999999999999987,0.998734831359176,-0.0012651686408227114
test_0023853,noisy,ambient,19.77034366005217,0.9390340293718799,0.9682046009536563,0.029170571581776494
test_0023854,noisy,impulsive,12.105361135219201,0.9495727808354373,0.9653387820194806,0.015766001184043366
test_0023855,noisy,impulsive,-4.968200244688388,0.9124286030203477,0.9328442438574568,0.020415640837109117
test_0023856,noisy,ambient,18.424023039783286,0.9921005784563631,0.99198775059501,-0.00011282786135313749
test_0023857,noisy,ambient,-3.136195189249986,0.8685910856013277,0.9018787075832184,0.033287621981890725
test_0023859,noisy,nonstationary,6.234632048864196,0.8145883031138944,0.8047789247404586,-0.009809378373435762
test_0023861,clean,impulsive,60.0,0.9999999999999948,0.9951565284840311,-0.004843471515963649
test_0023862,noisy,nonstationary,-4.225412145124528,0.7585390796502155,0.7765786590471078,0.01803957939689227
test_0023863,noisy,nonstationary,5.576184152127768,0.922275172492951,0.9731054220572565,0.050830249564305485
test_0023864,near_clean,nonstationary,22.44937341015508,0.9585011827392071,0.978042224336118,0.019541041596910835
test_0023865,clean,impulsive,60.0,1.0,0.9990311851020426,-0.0009688148979574152
test_0023866,clean,stationary,60.0,0.9999999999999993,0.9996208435080637,-0.0003791564919356505
test_0023867,noisy,stationary,0.49786829529664534,0.5842301663807785,0.5961856009909909,0.011955434610212423
test_0023868,noisy,impulsive,8.598838738456276,0.9820934664878808,0.987795765535659,0.005702299047778192
test_0023869,noisy,impulsive,3.569543287714348,0.9034182730632532,0.9236072459664946,0.020188972903241398
test_0023870,noisy,ambient,7.219418031034143,0.9935404367223932,0.9807418864770623,-0.012798550245330942
test_0023871,noisy,ambient,15.841895851815924,0.9582502400576234,0.9542407718456469,-0.004009468211976452
test_0023872,noisy,stationary,18.842913421095542,0.8245151450387459,0.8458735114957963,0.02135836645705036
test_0023873,noisy,ambient,-3.1342132561645126,0.7591255121956711,0.8182358403111073,0.05911032811543615
test_0023874,noisy,impulsive,0.384707295869509,0.7576701289942605,0.7974446046015737,0.03977447560731329
test_0023875,noisy,ambient,0.8461213271786434,0.8760691474927692,0.9109317947180917,0.03486264722532251
test_0023876,noisy,impulsive,4.973792134630807,0.7021181237216826,0.7486797255463933,0.0465616018247107
test_0023877,noisy,stationary,-3.5290341028800807,0.7754661664938791,0.8076433554483796,0.0321771889545005
test_0023878,near_clean,impulsive,31.317282450434202,0.9820339520092608,0.9757888797282306,-0.006245072281030217
test_0023879,noisy,ambient,18.814871848841076,0.8919739937100564,0.9301288008083239,0.038154807098267574
test_0023880,noisy,impulsive,1.969550371739869,0.9005276566184413,0.9218755350776782,0.021347878459236913
test_0023883,noisy,impulsive,-3.0834272439332135,0.48278712486845066,0.5414202813148954,0.058633156446444734
test_0023884,noisy,nonstationary,14.642255345453261,0.8988891760957615,0.9326461942346672,0.03375701813890575
test_0023886,noisy,nonstationary,-1.8574506069281913,0.7711865863297998,0.7995467660290446,0.02836017969924487
test_0023887,noisy,nonstationary,0.4423222910066569,0.7510545157500467,0.8146398706525538,0.06358535490250716
test_0023888,noisy,impulsive,17.430063667934235,0.8769585979388984,0.9089883888003635,0.03202979086146507
test_0023889,near_clean,ambient,30.762286620703566,0.9923386771879443,0.9974572100500068,0.00511853286206243
test_0023890,noisy,stationary,18.831204338633608,0.9776017075707193,0.9716503015781961,-0.0059514059925231955
test_0023891,noisy,stationary,9.955242961393322,0.8568093047307992,0.8746058989248703,0.01779659419407109
test_0023892,noisy,nonstationary,-3.5545590774685705,0.6603370330618521,0.6796195590814815,0.01928252601962943
test_0023893,noisy,ambient,2.127077938439294,0.7410903125349094,0.7883415967845647,0.0472512842496553
test_0023894,noisy,nonstationary,19.47330750713693,0.9819582199494606,0.9878638684051193,0.005905648455658663
test_0023896,noisy,nonstationary,8.384909687272433,0.9273930828631182,0.9533916765355538,0.02599859367243562
test_0023897,noisy,stationary,17.68853030861939,0.9801608280815666,0.9772659284595108,-0.002894899622055802
test_0023898,noisy,ambient,19.251490629602692,0.9151876443582906,0.9646683178930496,0.049480673534759045
test_0023899,noisy,nonstationary,9.135257583646357,0.8573434944022048,0.9026671255200625,0.04532363111785764
test_0023900,noisy,impulsive,1.056730968633187,0.9074420653957943,0.9468584095750435,0.03941634417924922
test_0023901,noisy,stationary,16.067274543677744,0.9484540833711874,0.9553468573571816,0.006892773985994194
test_0023902,noisy,impulsive,-3.9662137563592976,0.8246745709299378,0.8844249203275694,0.059750349397631575
test_0023903,noisy,stationary,19.581497585281497,0.9607330689809778,0.9645394302510105,0.0038063612700327543
test_0023904,clean,stationary,60.0,0.9999999999999996,0.9988628615583584,-0.0011371384416412056
test_0023905,clean,impulsive,60.0,0.9999999999999996,0.9993853278855324,-0.0006146721144671963
test_0023906,noisy,nonstationary,15.534481747082324,0.9703615228889896,0.9662217474849687,-0.0041397754040208845
test_0023907,noisy,ambient,-3.9386687658605686,0.5567426888454927,0.5982501246744997,0.041507435829006956
test_0023908,noisy,stationary,1.9069819777887425,0.7700521699306784,0.8788602690873002,0.10880809915662182
test_0023909,noisy,ambient,2.5250926409232672,0.6657415350829862,0.7074286763537576,0.041687141270771444
test_0023910,noisy,ambient,-0.6638084666613597,0.8672589488205349,0.9042139686219368,0.03695501980140192
test_0023911,clean,stationary,60.0,0.9999999999999999,0.9781150230740074,-0.02188497692599245
test_0023912,noisy,nonstationary,16.873315077505335,0.9272197493055861,0.9478958488229251,0.020676099517338953
test_0023914,noisy,impulsive,1.9047947416765263,0.6640858900849135,0.7447356747536944,0.08064978466878092
test_0023915,clean,stationary,60.0,0.9999999999999976,0.9943076268186469,-0.0056923731813506295
test_0023916,noisy,ambient,-4.3551930138996315,0.6185188883234387,0.6260574582796021,0.007538569956163421
test_0023917,near_clean,ambient,23.496456815498114,0.9936901557451991,0.994703530349783,0.0010133746045838388
test_0023918,noisy,nonstationary,9.536929087175873,0.9442045764843825,0.9540228038449231,0.00981822736054061
test_0023919,noisy,impulsive,11.973066255539209,0.9863121844052298,0.9867461875026323,0.0004340030974024911
test_0023920,noisy,ambient,8.523580662716997,0.9177675556111908,0.9478426777788651,0.030075122167674273
test_0023922,noisy,nonstationary,12.426415085085814,0.9134596765686765,0.9261929756038499,0.012733299035173395
test_0023924,noisy,ambient,3.1402523921375476,0.8413541222106182,0.8728891689144046,0.031535046703786374
test_0023925,noisy,stationary,19.452658491804968,0.9625930562851212,0.974853819933967,0.012260763648845874
test_0023927,near_clean,nonstationary,36.684436251255434,0.999482128352878,0.997765213489506,-0.0017169148633719988
test_0023928,noisy,ambient,-3.4975238385775302,0.65134680217362,0.761531622060328,0.11018481988670803
test_0023929,noisy,stationary,12.914637455196079,0.8826066182817214,0.9395008953307415,0.05689427704902017
test_0023930,noisy,nonstationary,16.750630575191565,0.9611052103665626,0.9703900512002038,0.009284840833641228
test_0023933,near_clean,nonstationary,32.000600760483316,0.9969716499831681,0.995420186226771,-0.0015514637563971423
test_0023934,clean,nonstationary,60.0,1.0,0.9872356298773666,-0.012764370122633428
test_0023935,noisy,nonstationary,14.19016997385815,0.8599840377592939,0.8923103258023852,0.032326288043091345
test_0023936,near_clean,ambient,22.614635005971966,0.9897262199358953,0.9944982871887308,0.004772067252835521
test_0023937,near_clean,impulsive,31.388252434404563,0.9992382522789487,0.9982732848419339,-0.0009649674370147965
test_0023938,noisy,nonstationary,13.281243483349908,0.9580507698251755,0.9750865530276953,0.01703578320251986
test_0023939,noisy,ambient,18.188866055124173,0.9800184640642491,0.9914600164787984,0.01144155241454936
test_0023940,clean,ambient,60.0,0.9999999999999999,0.9997662642603248,-0.00023373573967511163
test_0023941,noisy,nonstationary,15.047655016812037,0.8717237347440263,0.8955942379142172,0.023870503170190904
test_0023942,noisy,impulsive,9.441767529582444,0.8746651525488974,0.9285179196345976,0.05385276708570019
test_0023943,noisy,nonstationary,-1.737315469080143,0.7773030605335138,0.828849056474718,0.051545995941204126
test_0023944,noisy,nonstationary,-3.6894448638101913,0.6203305747914407,0.705116376933935,0.08478580214249432
test_0023945,clean,ambient,60.0,0.9999999999999996,0.9532167751488824,-0.04678322485111719
test_0023946,near_clean,impulsive,35.235702827769146,0.999871399533485,0.998979952849145,-0.000891446684340047
test_0023947,noisy,nonstationary,2.7813004922461095,0.9109600001208509,0.9377060283704536,0.026746028249602705
test_0023948,near_clean,stationary,21.751828685467686,0.9645008941236258,0.9638505038305271,-0.0006503902930987682
test_0023949,noisy,stationary,-4.101091256286717,0.7659884397725396,0.8314700742104022,0.06548163443786259
test_0023950,noisy,nonstationary,3.8623018870158727,0.6816090575670809,0.7649974532957842,0.08338839572870327
test_0023951,near_clean,impulsive,24.46801234455155,0.9985928453388624,0.9980134308672745,-0.0005794144715879357
test_0023952,noisy,impulsive,16.795907921389272,0.9474387459380794,0.9517159613939163,0.004277215455836925
test_0023953,noisy,impulsive,7.988682192259986,0.8142437235493802,0.8743338989796069,0.060090175430226656
test_0023954,noisy,ambient,12.405925458627934,0.9969110025264326,0.9864341851065,-0.01047681741993256
test_0023955,clean,nonstationary,60.0,0.9999999999999989,0.9995460022828878,-0.0004539977171110765
test_0023956,clean,ambient,60.0,0.9999999999999997,0.999051740151441,-0.0009482598485586191
test_0023960,near_clean,impulsive,36.71136828652093,0.9987051607205231,0.9955098258145431,-0.0031953349059800074
test_0023961,near_clean,impulsive,26.750021565620465,0.9934127227613155,0.9886730981958541,-0.004739624565461398
test_0023962,noisy,ambient,-4.685515706901856,0.4324855401375159,0.4895350259963726,0.05704948585885672
test_0023963,noisy,impulsive,5.140133748365326,0.9654998048758454,0.9787705107721938,0.013270705896348378
test_0023964,noisy,ambient,2.093311536721142,0.7503317373895817,0.8127840639506009,0.06245232656101918
test_0023965,near_clean,impulsive,35.20796247474596,0.9998201450857278,0.9805983224204363,-0.019221822665291488
test_0023966,noisy,stationary,2.660593037108818,0.8749079570858079,0.9056206453045874,0.030712688218779483
test_0023968,clean,ambient,60.0,0.9999999999999992,0.9986956479403325,-0.0013043520596667246
test_0023969,near_clean,ambient,29.081173877232153,0.9997796413049419,0.9988611418578848,-0.0009184994470571306
test_0023970,near_clean,impulsive,37.32474195983595,0.9998459895058356,0.9997497565154905,-9.623299034511312e-05
test_0023971,clean,ambient,60.0,1.0,0.958472704172212,-0.041527295827788024
test_0023972,near_clean,nonstationary,36.11776597635524,0.9987207255189859,0.9983477861167925,-0.00037293940219340627
test_0023974,noisy,stationary,1.5775174557569924,0.7879893169713431,0.8736788643116331,0.08568954734029
test_0023975,clean,ambient,60.0,0.9999999999999981,0.9933566919339895,-0.006643308066008657
test_0023976,noisy,stationary,11.427156699662149,0.8678757570608547,0.8860221523541872,0.018146395293332507
test_0023977,near_clean,impulsive,38.55066239889645,0.9974108283029427,0.9974746862577025,6.385795475982725e-05
test_0023978,noisy,nonstationary,12.497115576747756,0.8807657103307337,0.9018507118060293,0.021085001475295573
test_0023980,near_clean,stationary,23.26233254015884,0.9297856303999207,0.9396316373569474,0.009846006957026754
test_0023981,noisy,impulsive,15.43580844664869,0.9935268121362678,0.9930652801616786,-0.00046153197458920214
test_0023982,noisy,stationary,8.404990932212726,0.7683276052794287,0.8130840934972375,0.044756488217808865
test_0023983,noisy,nonstationary,9.960457677974487,0.8844958885277573,0.891645417646155,0.007149529118397724
test_0023984,near_clean,nonstationary,37.27093176687886,0.9937085807409942,0.9940276399866841,0.00031905924568986777
test_0023985,noisy,impulsive,13.267531642478012,0.9083814003935303,0.9313716787369074,0.02299027834337708
test_0023986,noisy,nonstationary,0.6378394916020511,0.6534009826278693,0.705057893478395,0.051656910850525706
test_0023988,noisy,ambient,2.4064363040626606,0.7827752866245795,0.8310737816052204,0.04829849498064087
test_0023989,noisy,nonstationary,1.6980039653748324,0.6206423601985059,0.7042616144927001,0.08361925429419415
test_0023990,clean,ambient,60.0,0.9999999999999993,0.9994885546010568,-0.0005114453989425449
test_0023991,clean,stationary,60.0,0.9999999999999997,0.99083939114943,-0.009160608850569685
test_0023992,noisy,ambient,1.2080296378355078,0.9459644873013344,0.9716427252287952,0.025678237927460823
test_0023993,noisy,impulsive,17.707613696304122,0.9925502238398757,0.9920516424797846,-0.000498581360091066
test_0023994,near_clean,impulsive,20.584965572296905,0.9427748944289411,0.9483027572008657,0.005527862771924519
test_0023996,noisy,nonstationary,3.1106338898446104,0.754027084757042,0.896705183538316,0.1426780987812739
test_0023997,noisy,impulsive,19.33730015178938,0.9977007010470831,0.9978012027876833,0.00010050174060016737
test_0023998,near_clean,stationary,29.370841921540958,0.9943805820588906,0.9960158902891476,0.0016353082302570376
test_0023999,noisy,nonstationary,14.123683700658589,0.8988341238438623,0.9419232874501539,0.04308916360629156
test_0024000,clean,stationary,60.0,1.0,0.9817350680854231,-0.0182649319145769
test_0024001,noisy,impulsive,4.128719006899342,0.9416380052844303,0.9445298191140359,0.0028918138296055718
test_0024002,noisy,ambient,5.073714154171167,0.8707366323306832,0.9096745565232002,0.03893792419251696
test_0024003,noisy,ambient,4.520009123527309,0.7226740880092387,0.8439257252113462,0.12125163720210752
test_0024004,noisy,stationary,16.84766373045217,0.964061141109869,0.9747502745947512,0.010689133484882207
test_0024005,near_clean,nonstationary,34.31543767083382,0.9947230216075752,0.9869366973983537,-0.00778632420922154
test_0024006,near_clean,stationary,37.09912657956731,0.974389263035932,0.9731665936894803,-0.0012226693464516547
test_0024007,noisy,ambient,11.191919284692482,0.7807207186963502,0.8614690013551782,0.08074828265882805
test_0024008,near_clean,stationary,20.063665855306702,0.996853537000657,0.9818455659825124,-0.015007971018144661
test_0024010,clean,stationary,60.0,0.9999999999999998,0.9335742498991507,-0.06642575010084906
test_0024011,noisy,impulsive,17.074138708679268,0.9941163911989234,0.9979975881962576,0.0038811969973342464
test_0024012,noisy,stationary,18.747765966696395,0.9794394607262809,0.9781290278116195,-0.0013104329146613747
test_0024013,noisy,ambient,12.67929530683708,0.9193895379367535,0.9473316402153187,0.027942102278565195
test_0024014,noisy,stationary,3.2787431435078584,0.6625634554293514,0.7975095333514676,0.13494607792211621
test_0024015,near_clean,impulsive,33.975789550645096,0.9983475250466554,0.9987713315858923,0.0004238065392369039
test_0024016,clean,stationary,60.0,0.9999999999999983,0.9979061809097105,-0.0020938190902878295
test_0024017,near_clean,ambient,34.77203179239854,0.9998375899271996,0.9993260914863443,-0.0005114984408552958
test_0024018,clean,impulsive,60.0,0.9999999999999987,0.9982427143073165,-0.0017572856926821867
test_0024019,near_clean,stationary,26.939064138431522,0.9429897543636762,0.9547209899445958,0.011731235580919597
test_0024020,noisy,stationary,3.182137405212428,0.9803882936218299,0.9824537888956592,0.0020654952738292653
test_0024021,noisy,nonstationary,-2.7186396963764414,0.5763843911327495,0.6261755852098233,0.049791194077073775
test_0024022,noisy,stationary,6.308400649167716,0.8388567328774263,0.8567811436283137,0.017924410750887354
test_0024023,noisy,ambient,4.629145990937252,0.9348845756684953,0.9665210089327484,0.03163643326425314
test_0024024,noisy,nonstationary,15.851647212245233,0.9333542110493941,0.9505909919183775,0.017236780868983392
test_0024025,noisy,impulsive,8.599039313014071,0.9930342695733415,0.9974733017577565,0.004439032184414993
test_0024026,noisy,stationary,3.153784479177231,0.7015332591767204,0.7617763855128082,0.06024312633608786
test_0024027,near_clean,impulsive,20.19937434536512,0.9095758210252589,0.9530574914480692,0.04348167042281026
test_0024028,clean,stationary,60.0,0.9999999999999994,0.999764084638832,-0.00023591536116740475
test_0024029,noisy,nonstationary,8.578917884587794,0.9387113847418834,0.9588627657632864,0.020151381021403014
test_0024030,near_clean,nonstationary,29.761659139671806,0.9998145147657267,0.9985864213607187,-0.0012280934050079573
test_0024031,noisy,ambient,0.14138649251373003,0.7141563222327957,0.7993614593972759,0.0852051371644802
test_0024032,near_clean,impulsive,33.844477798049546,0.9973971962062869,0.998569335495794,0.0011721392895071014
test_0024033,noisy,stationary,9.438468483306766,0.9374228416451875,0.9434315804026778,0.006008738757490306
test_0024034,noisy,ambient,-2.433333703508368,0.6335416720751167,0.6832114636724332,0.04966979159731655
test_0024036,noisy,nonstationary,5.580268376843774,0.7419648487251281,0.8354777268285029,0.09351287810337472
test_0024037,noisy,stationary,5.904376528963708,0.7923081210367433,0.835948286708383,0.04364016567163964
test_0024038,near_clean,ambient,37.92396226807752,0.9883249893127819,0.9766724523686554,-0.01165253694412649
test_0024039,noisy,ambient,5.565202837514983,0.833859025828663,0.8649049215534604,0.031045895724797434
test_0024042,near_clean,ambient,30.452630985103006,0.9968949697436601,0.9969356296280847,4.065988442458757e-05
test_0024044,clean,nonstationary,60.0,0.9999999999999991,0.9993040812154966,-0.0006959187845024806
test_0024045,noisy,stationary,4.714004815042616,0.9462409077385746,0.9569058539101606,0.010664946171585976
test_0024046,clean,ambient,60.0,0.9999999999999996,0.999797332872986,-0.00020266712701355605
test_0024047,near_clean,stationary,39.501728006438405,0.9997757128560574,0.9995904850530121,-0.00018522780304530695
test_0024048,noisy,stationary,11.864438110325057,0.9463817467717768,0.9791833245399331,0.03280157776815629
test_0024049,noisy,ambient,5.258923566604839,0.6964500984327199,0.784344170847112,0.08789407241439218
test_0024050,near_clean,impulsive,39.82576160191772,0.9999888029279852,0.9986822012960392,-0.0013066016319459584
test_0024051,noisy,ambient,4.908246675275862,0.8850869889408532,0.928536642868108,0.04344965392725475
test_0024052,noisy,impulsive,6.0285015380880225,0.6932604522470827,0.7883555805091902,0.09509512826210753
test_0024053,noisy,impulsive,1.889807624412489,0.7776593503810796,0.839441677616654,0.06178232723557442
test_0024054,noisy,impulsive,12.828571096552874,0.9842982415174161,0.9881530568061518,0.003854815288735769
test_0024055,near_clean,stationary,20.299898224502016,0.9746615649547989,0.980615471311369,0.0059539063565700046
test_0024058,clean,impulsive,60.0,0.9999999999999988,0.9994305489448704,-0.0005694510551284004
test_0024059,near_clean,impulsive,24.342895458281117,0.9988361791562579,0.9983137347965191,-0.0005224443597388051
test_0024060,clean,impulsive,60.0,0.9999999999999994,0.9765043425986589,-0.02349565740134052
test_0024061,noisy,stationary,13.586895035760264,0.9553556086581629,0.9721696532646504,0.0168140446064875
test_0024062,noisy,ambient,0.48607858399954296,0.7660239856259733,0.8017622307409337,0.035738245114960376
test_0024063,noisy,nonstationary,-4.5758310486698,0.6403459640633596,0.6673383192583768,0.026992355195017192
test_0024064,near_clean,impulsive,34.39992046826963,0.9994795966119531,0.9918328510213031,-0.007646745590649928
test_0024065,noisy,impulsive,8.56705822457883,0.8641211397212312,0.8971431668536968,0.0330220271324656
test_0024066,noisy,stationary,12.60567976686701,0.9167457586048705,0.9366102114709006,0.019864452866030113
test_0024067,near_clean,ambient,30.468414468807197,0.99930638924453,0.9983312135970817,-0.000975175647448312
test_0024069,clean,impulsive,60.0,0.9999999999999994,0.9960240248232414,-0.003975975176758073
test_0024070,noisy,nonstationary,4.116564147453577,0.929421873355778,0.9459221448911487,0.016500271535370703
test_0024072,near_clean,impulsive,26.54691872003152,0.9915394779541363,0.9947725675581008,0.003233089603964512
test_0024073,near_clean,impulsive,34.738731073771895,0.998915920799858,0.996712605605517,-0.0022033151943410267
test_0024074,noisy,nonstationary,5.183679835319584,0.8000872191965518,0.8512087209032473,0.051121501706695494
test_0024075,noisy,stationary,7.268551832085958,0.7777831010382049,0.8280651926582904,0.050282091620085456
test_0024076,clean,nonstationary,60.0,0.9999999999999998,0.9989688264283128,-0.0010311735716870274
test_0024077,noisy,ambient,-0.7385771994466923,0.787771663309732,0.8440051494744152,0.056233486164683155
test_0024078,noisy,ambient,2.6449119763350666,0.8102275581983004,0.9171577279105269,0.10693016971222646
test_0024079,noisy,ambient,0.027403563299234435,0.891030001677641,0.9253953238490112,0.03436532217137023
test_0024080,noisy,impulsive,0.8953879805716234,0.8320255129834162,0.8554956454442711,0.023470132460854942
test_0024081,noisy,impulsive,-1.0897218977764975,0.7382830883436098,0.7944207628604633,0.056137674516853475
test_0024082,noisy,impulsive,11.698546328579859,0.7940602445928234,0.8978388878784591,0.10377864328563569
test_0024083,noisy,ambient,-4.045179299234832,0.7278518471065253,0.8073652514754934,0.07951340436896814
test_0024084,clean,stationary,60.0,0.9999999999999971,0.9966198440173398,-0.0033801559826572847
test_0024085,noisy,stationary,-0.36967104295338515,0.7528600454500274,0.7376916476526556,-0.01516839779737178
test_0024086,near_clean,ambient,36.163688105882414,0.9995044186875832,0.9970360453122691,-0.002468373375314137
test_0024087,noisy,stationary,9.147320138935973,0.9263417540239913,0.9479059762870055,0.021564222263014132
test_0024089,clean,ambient,60.0,1.0,0.9995661764258497,-0.00043382357415033823
test_0024090,near_clean,nonstationary,29.931350588125042,0.9984262001647864,0.9983768011930146,-4.9398971771807965e-05
test_0024092,near_clean,impulsive,25.573133664710525,0.8988985410876394,0.9145837293244798,0.015685188236840397
test_0024093,noisy,ambient,14.247840369869955,0.9072528426699886,0.895703895983708,-0.011548946686280592
test_0024094,noisy,stationary,0.16636657159236812,0.7966070974401518,0.8325371803797442,0.035930082939592434
test_0024095,near_clean,nonstationary,22.365410058071213,0.999979434752527,0.9987170378108267,-0.0012623969417003833
test_0024096,noisy,stationary,5.487021725291335,0.9897206332049725,0.9903767679855163,0.0006561347805438267
test_0024097,noisy,impulsive,-2.926843694972826,0.5759312642180564,0.7091834487608579,0.13325218454280152
test_0024098,noisy,stationary,13.701458256879285,0.8599482017622356,0.8819963967084664,0.02204819494623078
test_0024099,near_clean,impulsive,38.13680077201828,0.9997533164197934,0.9976883613733714,-0.0020649550464220123
test_0024100,near_clean,ambient,39.16695312543274,0.9743033096906668,0.9784875539092732,0.004184244218606414
test_0024101,noisy,nonstationary,6.370886889625329,0.7291932861759932,0.7879728602439967,0.05877957406800349
test_0024102,noisy,stationary,8.294991372036357,0.9392416665202297,0.9443926406231621,0.005150974102932415
test_0024103,near_clean,stationary,33.15116189977733,0.9845126979685004,0.9850556537909667,0.0005429558224663289
test_0024105,near_clean,nonstationary,32.15044858446761,0.9944794616489394,0.995793183960128,0.0013137223111885366
test_0024106,noisy,stationary,2.591857925458009,0.7541168825959251,0.7745843766416511,0.02046749404572601
test_0024107,noisy,ambient,5.766607851409338,0.8899087370394346,0.9419343289447414,0.052025591905306756
test_0024108,clean,ambient,60.0,0.9999999999999998,0.9964101654609939,-0.003589834539005854
test_0024109,clean,ambient,60.0,0.9999999999999976,0.9990519654887527,-0.0009480345112448108
test_0024110,noisy,ambient,13.054578541171761,0.9084478524099655,0.9396511154750307,0.031203263065065157
test_0024111,noisy,nonstationary,18.528141621494033,0.92814162401693,0.9555424241200976,0.02740080010316759
test_0024112,noisy,stationary,12.794263031294747,0.9446236941484027,0.9545674215035087,0.009943727355105958
test_0024113,clean,nonstationary,60.0,1.0,0.99947629112119,-0.0005237088788100364
test_0024114,noisy,stationary,-4.520774471033666,0.604388624591996,0.6535675245934877,0.04917890000149161
test_0024115,near_clean,ambient,33.989249862873834,0.9971399825891255,0.993673146347943,-0.0034668362411824916
test_0024116,noisy,ambient,16.267627637274348,0.9745493101775614,0.9803418134171147,0.0057925032395532705
test_0024117,near_clean,nonstationary,29.47110205680492,0.9933523488637132,0.9882998197646704,-0.005052529099042746
test_0024118,noisy,nonstationary,-0.7938480678066808,0.9430214997722459,0.9601062836518336,0.017084783879587673
test_0024120,noisy,nonstationary,4.742654924967667,0.8240796872833636,0.8411820932641184,0.017102405980754853
test_0024121,noisy,ambient,-1.8857073323160263,0.8159462181730811,0.847436061874029,0.03148984370094787
test_0024122,noisy,stationary,11.021574351182334,0.7838405480266963,0.8036958733464665,0.01985532531977019
test_0024123,noisy,ambient,4.964630942364769,0.8602357400368105,0.8993576834026956,0.03912194336588515
test_0024125,noisy,ambient,-1.7032315928434025,0.7223987061337226,0.8361901346421831,0.11379142850846047
test_0024126,noisy,ambient,-0.3311225568620575,0.762041116016334,0.7942064010729649,0.032165285056630966
test_0024127,noisy,impulsive,16.448073523264576,0.95903828928439,0.9774392936592604,0.018401004374870356
test_0024128,noisy,impulsive,7.217925754001929,0.8391085776238808,0.9186379459864579,0.07952936836257707
test_0024129,clean,impulsive,60.0,0.9999999999999994,0.9958994062434656,-0.004100593756533821
test_0024130,noisy,ambient,11.471887803368539,0.96102334894244,0.9774392572173309,0.016415908274890922
test_0024131,near_clean,stationary,36.42126562690727,0.9994699933612281,0.9989857006411167,-0.0004842927201114122
test_0024132,noisy,impulsive,17.098428837990365,0.9514459069227298,0.9651017710220031,0.01365586409927333
test_0024133,noisy,impulsive,0.9557767715040564,0.8363788943962887,0.8709901401641693,0.03461124576788066
test_0024134,noisy,impulsive,12.689215895171401,0.9986011379321283,0.9982445343963589,-0.0003566035357694952
test_0024135,near_clean,stationary,20.026327246525973,0.980527143871161,0.9703961844757012,-0.010130959395459826
test_0024136,noisy,ambient,-3.4693259057183994,0.7119052527427832,0.7831642680105607,0.07125901526777756
test_0024137,noisy,ambient,17.389897883579376,0.9720358695542194,0.9947713090313574,0.022735439477137964
test_0024138,noisy,impulsive,8.800705083347781,0.9341878357149785,0.983180814361573,0.048992978646594465
test_0024139,noisy,impulsive,-0.757465618040241,0.9364776278040803,0.946164914708981,0.009687286904900727
test_0024140,noisy,nonstationary,4.36233012451469,0.725770043283396,0.8400657123098225,0.11429566902642652
test_0024142,noisy,impulsive,12.565350934078605,0.9593932556293584,0.9804912286860312,0.021097973056672825
test_0024143,noisy,nonstationary,-2.320369003160709,0.49353369445002854,0.5411433466606917,0.04760965221066321
test_0024144,clean,stationary,60.0,0.9999999999999996,0.9952697836006708,-0.0047302163993288016
test_0024145,noisy,ambient,19.960978285170874,0.957827366162875,0.9658293359548257,0.00800196979195067
test_0024146,noisy,stationary,9.88286804342384,0.8524808122465138,0.896869456832397,0.04438864458588321
test_0024147,clean,stationary,60.0,0.9999999999999987,0.9991790230040967,-0.0008209769959020008
test_0024148,near_clean,ambient,20.481748473788162,0.9962977101769854,0.9969740404005797,0.000676330223594257
test_0024149,clean,ambient,60.0,0.9999999999999991,0.9994688701532216,-0.0005311298467775005
test_0024150,clean,ambient,60.0,0.9999999999999938,0.9976094221792311,-0.002390577820762685
test_0024151,noisy,stationary,-1.0384130181310498,0.8169241473090508,0.8329556952586448,0.01603154794959394
test_0024152,noisy,nonstationary,5.5870229297025755,0.7200410343671441,0.8050062776435178,0.08496524327637378
test_0024153,noisy,stationary,12.648491397418944,0.8605261493506429,0.8987835979210774,0.03825744857043456
test_0024154,noisy,nonstationary,14.72326927914009,0.9741308481956715,0.9715014203596932,-0.002629427835978304
test_0024155,noisy,nonstationary,14.450327470325288,0.9226400648367487,0.9309835915885911,0.008343526751842467
test_0024156,noisy,nonstationary,12.958412304138093,0.898169153442108,0.9243695701712518,0.02620041672914375
test_0024157,near_clean,impulsive,32.96132165488871,0.9947882203072494,0.9952232104430146,0.00043499013576520085
test_0024158,near_clean,stationary,24.19299551382538,0.9901824523974042,0.9914176742472404,0.0012352218498361545
test_0024159,noisy,ambient,18.65989811529373,0.9743739358068966,0.9885749324325378,0.014200996625641227
test_0024160,near_clean,nonstationary,34.71291726815454,0.9949862611597345,0.9957047175916531,0.0007184564319185904
test_0024161,noisy,ambient,18.48210067614159,0.9771905437473499,0.9814421380593759,0.00425159431202593
test_0024162,near_clean,nonstationary,33.832181469331914,0.9784010368974965,0.9770588918679168,-0.0013421450295796333
test_0024163,noisy,stationary,0.6284275112274296,0.8713559266168093,0.895030912644404,0.02367498602759477
test_0024164,noisy,stationary,1.6736128053820485,0.717089644255088,0.7786856989176396,0.06159605466255158
test_0024165,clean,stationary,60.0,0.9999999999999984,0.9760623366631058,-0.023937663336892623
test_0024166,noisy,nonstationary,12.7089475882749,0.9280657329416329,0.9505911668473946,0.022525433905761783
test_0024167,near_clean,nonstationary,38.38647153072019,0.9969447144376554,0.9964892040082372,-0.000455510429418271
test_0024168,clean,ambient,60.0,1.0,0.9724829708748627,-0.027517029125137316
test_0024169,noisy,nonstationary,-4.324006181404881,0.5645047776775443,0.5613570889144355,-0.00314768876310878
test_0024170,noisy,nonstationary,9.004361890919578,0.8759665357780987,0.9065286437091014,0.03056210793100267
test_0024171,near_clean,stationary,27.117551107271456,0.9993316567243717,0.9990398418148363,-0.0002918149095354483
test_0024172,near_clean,impulsive,21.321354690054847,0.9333626752113753,0.9241104723369155,-0.009252202874459825
test_0024173,noisy,stationary,5.826193308403099,0.7948245505083402,0.8697817932771396,0.07495724276879934
test_0024175,noisy,stationary,-4.04698898332133,0.647048944072586,0.8125754078910152,0.16552646381842928
test_0024176,noisy,nonstationary,1.725852094581053,0.6418489056612803,0.7084367170135262,0.0665878113522459
test_0024177,noisy,impulsive,2.1752257755802242,0.7071353807786397,0.8007191320215585,0.09358375124291884
test_0024179,noisy,nonstationary,14.67644798213174,0.9254037604610701,0.9337629960626523,0.008359235601582249
test_0024180,near_clean,ambient,25.17182515607487,0.9936338031536136,0.9953707711997654,0.0017369680461517545
test_0024181,noisy,ambient,6.520732620473446,0.9104917139958048,0.9510541890849828,0.040562475089178096
test_0024182,clean,ambient,60.0,0.9999999999999996,0.9678522996445722,-0.032147700355427355
test_0024184,noisy,impulsive,9.415928572438338,0.9941098909076285,0.9952288795930879,0.0011189886854594544
test_0024185,noisy,impulsive,14.703523341666727,0.9771538783244952,0.9857332429292675,0.008579364604772266
test_0024186,near_clean,impulsive,22.87168105581887,0.9888497046500898,0.9112712985641357,-0.07757840608595412
test_0024187,clean,nonstationary,60.0,0.9999999999999992,0.9989673447185241,-0.0010326552814751144
test_0024188,noisy,ambient,2.203438791660524,0.902686854247807,0.9460438547124104,0.043357000464603335
test_0024189,near_clean,stationary,34.69197382801384,0.9994971557645536,0.9957220576331081,-0.003775098131445498
test_0024190,noisy,nonstationary,2.8330692010291276,0.9591593110610561,0.9628614607985346,0.0037021497374785106
test_0024191,noisy,stationary,10.791835398374804,0.9076914584019616,0.9143565468315192,0.006665088429557597
test_0024192,clean,nonstationary,60.0,0.9999999999999993,0.9967757088837649,-0.0032242911162344567
test_0024194,noisy,nonstationary,12.141032776012867,0.869339124955995,0.8873698513349813,0.018030726378986284
test_0024195,noisy,stationary,1.721616966623417,0.7985464833346059,0.8408005819034163,0.04225409856881046
test_0024196,noisy,ambient,0.8542212218843179,0.6467989605515336,0.6684880055042152,0.021689044952681535
test_0024197,clean,impulsive,60.0,0.9999999999999993,0.9969283859349201,-0.0030716140650792756
test_0024198,clean,stationary,60.0,0.9999999999999997,0.9990439449533726,-0.0009560550466271023
test_0024199,noisy,nonstationary,13.145608226600942,0.9043705657864721,0.922849641553588,0.018479075767115827
test_0024200,noisy,stationary,14.005353252351004,0.9122649353471246,0.9349442302955089,0.022679294948384277
test_0024201,near_clean,ambient,24.40297345054663,0.9435953964224284,0.9661004830605948,0.022505086638166416
test_0024203,noisy,nonstationary,15.741637318367655,0.8824394126294387,0.899466621656696,0.017027209027257295
test_0024204,near_clean,nonstationary,31.051933099721133,0.9562907980538419,0.9257226618527888,-0.03056813620105303
test_0024205,noisy,nonstationary,13.417554926951539,0.9656286720116413,0.9796400962622692,0.014011424250627957
test_0024206,noisy,ambient,7.594505652797878,0.8555589566647255,0.9137462531594759,0.05818729649475041
test_0024207,clean,stationary,60.0,0.9999999999999997,0.999760350491246,-0.00023964950875365876
test_0024208,noisy,nonstationary,-3.1151071409420013,0.8612887503897382,0.8963975808449197,0.03510883045518154
test_0024209,noisy,stationary,19.857131131230616,0.9579176085704796,0.9705484490329803,0.012630840462500736
test_0024210,near_clean,nonstationary,32.731469373176935,0.9960881928935286,0.9923290242031757,-0.0037591686903528654
test_0024211,near_clean,ambient,27.587458154577433,0.9928012423215604,0.9907728935497471,-0.0020283487718133486
test_0024212,noisy,impulsive,-0.25317776223887467,0.7328709359378944,0.7707853584362143,0.03791442249831989
test_0024213,noisy,impulsive,8.417009971398256,0.774410555293718,0.8536345019193008,0.07922394662558274
test_0024214,clean,nonstationary,60.0,0.9999999999999999,0.9752145347352574,-0.024785465264742457
test_0024215,clean,stationary,60.0,0.9999999999999992,0.9972592561936342,-0.0027407438063650202
test_0024217,noisy,ambient,8.610409129119363,0.8157043555072385,0.8173338833278148,0.0016295278205762376
test_0024218,noisy,impulsive,2.3291122178726216,0.6750696388542691,0.7499184076346282,0.07484876878035918
test_0024219,clean,nonstationary,60.0,0.9999999999999997,0.9978178167884272,-0.002182183211572486
test_0024220,noisy,nonstationary,-0.6473062775628877,0.8818593157562451,0.9212307151432133,0.03937139938696821
test_0024221,clean,stationary,60.0,0.9999999999999993,0.9962793523011858,-0.0037206476988135284
test_0024222,noisy,ambient,15.870240524461238,0.989976901659252,0.9916732957006354,0.0016963940413834422
test_0024223,clean,impulsive,60.0,0.9999999999999997,0.9991583050698097,-0.000841694930189929
test_0024224,noisy,nonstationary,16.949540964020937,0.9867758327494494,0.9858326068045379,-0.0009432259449114744
test_0024225,near_clean,impulsive,26.8966438142887,0.9974126530186846,0.9981638745127793,0.0007512214940946782
test_0024226,noisy,ambient,5.198135606295262,0.8665999618079926,0.9295968471520077,0.06299688534401515
test_0024227,near_clean,impulsive,23.791867740366346,0.9997274555872886,0.9888193579248661,-0.010908097662422511
test_0024228,noisy,ambient,17.414549864061208,0.9485888784311707,0.9545479432951178,0.00595906486394715
test_0024229,noisy,stationary,9.496749621303016,0.9580861292801491,0.968346708471231,0.01026057919108192
test_0024230,noisy,ambient,-4.320315528337611,0.7286907675176203,0.8619755136625968,0.13328474614497654
test_0024231,near_clean,ambient,25.102957541755618,0.9846234996510205,0.9872441369125627,0.002620637261542269
test_0024232,clean,stationary,60.0,0.9999999999999993,0.9993851521842968,-0.000614847815702535
test_0024234,noisy,impulsive,-3.012755286034117,0.9818468138768269,0.9846641710542604,0.002817357177433477
test_0024235,near_clean,stationary,20.749484751372233,0.9836725097450052,0.9884175949076118,0.004745085162606633
test_0024236,clean,impulsive,60.0,0.9999999999999997,0.9967824177903798,-0.0032175822096198736
test_0024238,noisy,stationary,-4.929969332984269,0.8027086133682444,0.867530387054814,0.0648217736865696
test_0024239,noisy,stationary,-4.439629101452431,0.8345918878625601,0.8474557586804053,0.012863870817845235
test_0024240,noisy,nonstationary,14.45816490692022,0.9221057312677717,0.9753501229424939,0.05324439167472217
test_0024241,noisy,stationary,7.899777436922818,0.6796157697154129,0.7674993503579655,0.08788358064255253
test_0024242,near_clean,nonstationary,22.101078411800444,0.9714627144297976,0.9813265930569423,0.009863878627144662
test_0024243,noisy,impulsive,1.0787498044509558,0.9997415138501663,0.9996770075249378,-6.450632522847499e-05
test_0024244,noisy,nonstationary,9.86433241128482,0.9618583320990342,0.9728268253506667,0.010968493251632516
test_0024245,near_clean,stationary,37.53367101933746,0.9994791116073523,0.9987100868346214,-0.0007690247727308863
test_0024246,clean,stationary,60.0,1.0,0.9998203899821451,-0.00017961001785493647
test_0024247,noisy,ambient,-0.1526055186811739,0.8506839753252214,0.9067179474172836,0.05603397209206218
test_0024248,near_clean,impulsive,25.399749200081413,0.9656549070334837,0.9617638901531592,-0.0038910168803244494
test_0024249,clean,nonstationary,60.0,0.9999999999999997,0.9969256186041897,-0.0030743813958099553
test_0024250,near_clean,nonstationary,28.21841996274054,0.9535154778050252,0.9698709681197374,0.016355490314712173
test_0024252,noisy,impulsive,2.395453555360265,0.6357469719115135,0.7428718191471422,0.10712484723562865
test_0024254,noisy,stationary,0.4355283029193098,0.7490774436046902,0.7815489860170896,0.03247154241239936
test_0024255,clean,stationary,60.0,0.999999999999998,0.9969029352649986,-0.0030970647349993774
test_0024257,noisy,impulsive,-2.329674140614503,0.3546922237514286,0.5283979082580975,0.1737056845066689
test_0024258,noisy,nonstationary,-1.9253722422887014,0.8323228967383189,0.8548376186311479,0.022514721892828993
test_0024259,noisy,stationary,-2.716933889968849,0.6850904472634901,0.7315687577402499,0.046478310476759765
test_0024260,noisy,ambient,8.775387664082627,0.9344142042992664,0.9661710804247702,0.03175687612550382
test_0024261,noisy,ambient,13.112032480369493,0.9336871317675991,0.9641122480517162,0.03042511628411715
test_0024262,clean,nonstationary,60.0,0.9999999999999993,0.9976049641336242,-0.002395035866375128
test_0024263,noisy,nonstationary,13.328664003247429,0.8745925824714974,0.9165878792674402,0.04199529679594283
test_0024264,noisy,stationary,10.817227219328625,0.9478559138863815,0.9634824679854426,0.015626554099061107
test_0024265,noisy,impulsive,9.77400945514371,0.9017253198114242,0.9547080859072814,0.05298276609585717
test_0024266,clean,stationary,60.0,0.9999999999999997,0.9980287776523961,-0.0019712223476036073
test_0024267,clean,impulsive,60.0,0.9999999999999987,0.9983554775241879,-0.0016445224758108168
test_0024268,noisy,stationary,-0.9698796808956587,0.7211544534791869,0.7550593851215248,0.03390493164233788
test_0024269,noisy,impulsive,12.69402155192839,0.8822294595370038,0.9519251615354273,0.06969570199842345
test_0024270,noisy,ambient,17.112424163365727,0.8963514509017115,0.9181661499136782,0.021814699011966643
test_0024271,noisy,ambient,11.325868897985316,0.9520954419693443,0.9698676218789958,0.01777217990965152
test_0024272,noisy,nonstationary,15.894892983150378,0.9508491113786394,0.9611182394014852,0.010269128022845853
test_0024273,near_clean,impulsive,22.882012931008855,0.9700729851319423,0.9755249260922257,0.005451940960283452
test_0024274,near_clean,ambient,26.403524072801048,0.9955093064113189,0.9962250467749529,0.0007157403636340876
test_0024275,noisy,impulsive,15.091571192624542,0.9492625842168451,0.9492147774477091,-4.7806769135960714e-05
test_0024276,noisy,nonstationary,7.260282288985779,0.8442385381708181,0.8884313490681612,0.04419281089734317
test_0024277,clean,impulsive,60.0,0.9999999999999997,0.9985085386384277,-0.0014914613615719663
test_0024278,noisy,impulsive,-2.9708442202883862,0.6693732278859807,0.718904700946126,0.04953147306014527
test_0024280,noisy,ambient,11.65166713942319,0.8304946282308986,0.8740364248806864,0.043541796649787856
test_0024281,noisy,stationary,19.7863976991924,0.9893085536322944,0.991730328730575,0.0024217750982805653
test_0024282,noisy,ambient,0.7631544246807049,0.9362079332118413,0.9328063060502895,-0.00340162716155179
test_0024284,noisy,stationary,0.5166770363968194,0.789900846259396,0.8037343865146347,0.013833540255238641
test_0024285,noisy,ambient,6.047294706156416,0.7965245046300081,0.8617544661856926,0.0652299615556845
test_0024286,noisy,ambient,-3.655344735986414,0.7383134109690834,0.8208714986451133,0.0825580876760299
test_0024287,clean,nonstationary,60.0,0.9999999999999969,0.9995924321251658,-0.000407567874831094
test_0024288,noisy,ambient,-3.1094588730095003,0.7491407658256788,0.8671161171458265,0.11797535132014769
test_0024289,near_clean,stationary,28.992279809257973,0.9987304743383557,0.9957022447121551,-0.0030282296262006403
test_0024290,noisy,stationary,6.926569981690113,0.7672078955612379,0.8055377741533165,0.03832987859207859
test_0024291,near_clean,stationary,31.856281520197154,0.9998484363903174,0.999095404841104,-0.0007530315492133566
test_0024292,near_clean,ambient,38.17489030286467,0.9997368548082236,0.9944633297862674,-0.005273525021956216
test_0024293,noisy,ambient,16.612683276349536,0.9398822318313742,0.9727691191261844,0.03288688729481015
test_0024294,near_clean,stationary,36.56934978489016,0.9981343655536893,0.9796760488145985,-0.01845831673909082
test_0024295,near_clean,nonstationary,34.42579930828968,0.9889195918774517,0.9871176790061442,-0.0018019128713074872
test_0024296,clean,stationary,60.0,0.9999999999999997,0.998935669312509,-0.0010643306874906777
test_0024297,near_clean,ambient,34.567684674939294,0.9907693304014805,0.9906719819383788,-9.734846310172074e-05
test_0024298,near_clean,ambient,36.45100268047735,0.9996508601901454,0.9930811468716377,-0.006569713318507642
test_0024299,noisy,ambient,12.55579698558445,0.96737840447148,0.9790924494315345,0.01171404496005446
test_0024300,clean,stationary,60.0,0.9999999999999984,0.9995232461112081,-0.00047675388879031555
test_0024301,clean,stationary,60.0,0.9999999999999988,0.9934210708001262,-0.006578929199872574
test_0024302,noisy,stationary,19.982504502476957,0.9789305084351732,0.9892146087472576,0.010284100312084488
test_0024303,noisy,stationary,-0.5004217314215778,0.79206945243404,0.8141414420503934,0.02207198961635337
test_0024304,noisy,ambient,13.207888798334945,0.9268761690556582,0.9709031146529876,0.04402694559732945
test_0024305,clean,nonstationary,60.0,1.0,0.9923731894627121,-0.007626810537287865
test_0024306,noisy,nonstationary,15.016472602257423,0.9276330520875566,0.9392875821407932,0.011654530053236578
test_0024307,noisy,impulsive,12.871036467161787,0.8703499980961559,0.9133998800011883,0.04304988190503245
test_0024308,noisy,stationary,18.8393059832099,0.9814713455105079,0.9813500382677709,-0.00012130724273695659
test_0024309,noisy,nonstationary,15.413456735335611,0.9263227308086197,0.9430105423954301,0.01668781158681043
test_0024310,noisy,ambient,1.7246780638282102,0.7850534766796528,0.8192573752140985,0.03420389853444572
test_0024311,clean,stationary,60.0,0.9999999999999988,0.9998364964054134,-0.0001635035945853902
test_0024312,near_clean,ambient,34.525619672844236,0.9991793919229235,0.9707696990846819,-0.028409692838241574
test_0024313,clean,nonstationary,60.0,0.9999999999999992,0.9991170970817719,-0.0008829029182273462
test_0024314,noisy,nonstationary,0.9794805608272767,0.5382623478978623,0.7170430880123666,0.1787807401145043
test_0024315,noisy,impulsive,14.822345324092609,0.9881541489003437,0.9841255984983666,-0.004028550401977138
test_0024316,clean,stationary,60.0,0.9999999999999998,0.9980100408573824,-0.001989959142617348
test_0024317,noisy,impulsive,17.67307438331197,0.960733359938873,0.9550711548942222,-0.005662205044650759
test_0024319,noisy,impulsive,-4.688760734598808,0.612205967326591,0.7134495124847664,0.10124354515817535
test_0024321,noisy,ambient,-1.324491146852159,0.7318171285900176,0.7976323221784243,0.0658151935884067
test_0024322,noisy,impulsive,4.020563455944986,0.9301024603263027,0.9553336467924942,0.02523118646619149
test_0024323,near_clean,nonstationary,35.548306443680616,0.9944464697836993,0.9952652075722936,0.0008187377885943148
test_0024324,noisy,ambient,9.802868617211606,0.955791351842657,0.9649185886444477,0.009127236801790728
test_0024325,near_clean,impulsive,37.427675039479155,0.9762439773715348,0.9788737146245301,0.0026297372529953122
test_0024326,noisy,impulsive,19.135113191649797,0.9884548331934225,0.9902106677183024,0.001755834524879818
test_0024327,near_clean,ambient,38.09532508385012,0.9960243925835908,0.9978328957735747,0.0018085031899839343
test_0024328,noisy,impulsive,2.568336880847956,0.5688843774214094,0.6617192737592497,0.09283489633784026
test_0024329,clean,impulsive,60.0,0.9999999999999996,0.9862188522252878,-0.013781147774711733
test_0024330,clean,impulsive,60.0,0.9999999999999998,0.997063825013894,-0.002936174986105766
test_0024331,near_clean,ambient,21.199854313241627,0.9915873730325874,0.9929313510820714,0.0013439780494840514
test_0024332,noisy,nonstationary,6.4572392675949395,0.9380821365127421,0.9579668649034256,0.01988472839068356
test_0024333,noisy,impulsive,12.532112808167412,0.9017782805206338,0.9374725206644012,0.03569424014376743
test_0024334,noisy,stationary,11.62835201773214,0.8760321052036889,0.905074425246133,0.029042320042444114
test_0024336,noisy,impulsive,14.025642839255976,0.9515949440999544,0.9785141936654775,0.026919249565523162
test_0024337,clean,ambient,60.0,0.9999999999999992,0.9982397325263285,-0.0017602674736707513
test_0024340,noisy,impulsive,-1.4509566150199587,0.9658607856270188,0.9751852356682816,0.00932445004126281
test_0024341,noisy,impulsive,1.2889394111754537,0.6602493270656588,0.77849465343529,0.11824532636963125
test_0024342,noisy,nonstationary,5.024280152871585,0.9667967105202993,0.9865454087587083,0.01974869823840908
test_0024343,clean,nonstationary,60.0,1.0,0.9981911095088469,-0.00180889049115307
test_0024344,clean,impulsive,60.0,0.9999999999999997,0.9987033238935288,-0.0012966761064708843
test_0024346,noisy,nonstationary,7.408325942187018,0.8146151237275544,0.9027101421851712,0.0880950184576168
test_0024347,noisy,stationary,6.429419469889515,0.9261963704518396,0.9582760095291839,0.032079639077344346
test_0024348,near_clean,ambient,20.48560129321779,0.9997588079830123,0.9992330211371108,-0.0005257868459015436
test_0024349,noisy,stationary,6.053568283244571,0.9095789282704198,0.9367589914989347,0.02718006322851496
test_0024350,noisy,impulsive,8.100034729164625,0.9573643526369555,0.9826654283556653,0.025301075718709765
test_0024351,clean,ambient,60.0,0.9999999999999978,0.9985806772984138,-0.0014193227015839582
test_0024352,near_clean,impulsive,35.28566952227888,0.9997572518030354,0.9991273617735529,-0.0006298900294825494
test_0024354,noisy,impulsive,15.948492307283768,0.9637735042515202,0.9869053182698577,0.023131814018337526
test_0024355,noisy,impulsive,1.0836685349132562,0.9158396439285089,0.9308642778600843,0.015024633931575382
test_0024357,clean,stationary,60.0,0.9999999999999989,0.9997415558682275,-0.0002584441317713404
test_0024358,noisy,stationary,-1.793815762109575,0.8119351368282997,0.8360740948932902,0.024138958064990557
test_0024359,noisy,impulsive,7.610853803971784,0.9204244538407679,0.9523422424862449,0.03191778864547701
test_0024361,near_clean,nonstationary,31.261541089875916,0.9942996794605267,0.9827941321754988,-0.01150554728502784
test_0024362,noisy,ambient,9.1979755077688,0.9401592413396906,0.9536620523840974,0.01350281104440676
test_0024363,near_clean,impulsive,29.54707353550414,0.9986554633618995,0.998575812050089,-7.965131181042473e-05
test_0024364,noisy,impulsive,3.9178897482675676,0.8036594785080295,0.8855596187950397,0.0819001402870102
test_0024365,noisy,stationary,4.353444435311884,0.7523603394492829,0.8073981805143802,0.05503784106509724
test_0024366,near_clean,ambient,22.322174965542224,0.9877902272089364,0.9872519730416668,-0.0005382541672696028
test_0024367,clean,stationary,60.0,0.9999999999999987,0.9996652875439915,-0.00033471245600713573
test_0024368,clean,nonstationary,60.0,0.9999999999999992,0.9997923488422819,-0.00020765115771737008
test_0024369,clean,nonstationary,60.0,0.9999999999999994,0.9988825040260196,-0.0011174959739798096
test_0024370,near_clean,impulsive,33.054288061449384,0.9823198402378777,0.9864782813639112,0.004158441126033585
test_0024371,clean,stationary,60.0,0.9999999999999997,0.9986676323925439,-0.0013323676074558088
test_0024372,noisy,nonstationary,-1.6620259722633213,0.8108447692883884,0.8457098529107738,0.034865083622385384
test_0024373,noisy,impulsive,18.608655310156564,0.9359147439691514,0.9673234241309551,0.03140868016180365
test_0024374,noisy,ambient,12.339220614662558,0.9736496033230564,0.9896467736868035,0.01599717036374715
test_0024375,noisy,impulsive,3.224033442347359,0.9346715679607448,0.9538927679541199,0.019221199993375127
test_0024376,clean,nonstationary,60.0,0.9999999999999998,0.9997448722355635,-0.0002551277644362582
test_0024378,near_clean,stationary,37.77289577318678,0.9994387125809104,0.9987148247463548,-0.000723887834555681
test_0024379,noisy,impulsive,5.78563440703371,0.9884926565310176,0.9887592941761764,0.00026663764515877375
test_0024380,noisy,ambient,-2.544452450114383,0.7053276851464052,0.7721096622772362,0.066781977130831
test_0024381,near_clean,ambient,29.868291338263187,0.9869786574842218,0.9866243409541736,-0.0003543165300481377
test_0024382,near_clean,ambient,28.790893008617957,0.9962033501545103,0.9956740341204222,-0.0005293160340881231
test_0024383,near_clean,ambient,30.667010318159505,0.9989789482777455,0.9979777478950106,-0.0010012003827348792
test_0024384,noisy,nonstationary,0.02666463437113631,0.7945458865637246,0.8226261830815266,0.028080296517801973
test_0024387,noisy,stationary,14.458864933279482,0.8991594115407822,0.9112992459629042,0.012139834422122076
test_0024389,noisy,ambient,11.645849185999566,0.9724588505005688,0.9849010711424573,0.01244222064188849
test_0024390,noisy,impulsive,16.984827656118107,0.9549330177472476,0.96364833037482,0.008715312627572414
test_0024391,noisy,stationary,13.413733616253346,0.8154890939777429,0.8621416040458438,0.046652510068100894
test_0024394,near_clean,nonstationary,34.304558969307976,0.9836738874772842,0.9617275595764093,-0.021946327900874918
test_0024395,near_clean,nonstationary,24.046947979091456,0.9515465770297543,0.9649868972428686,0.013440320213114254
test_0024396,noisy,nonstationary,2.211821646818425,0.7505795874918992,0.8122954318181198,0.06171584432622057
test_0024397,noisy,impulsive,9.942220018370604,0.995155393435989,0.9965053377782661,0.0013499443422770874
test_0024398,noisy,impulsive,10.350314676538817,0.7923069576100259,0.8609632396031985,0.06865628199317264
test_0024399,clean,impulsive,60.0,0.9999999999999986,0.9974641792373151,-0.0025358207626834384
test_0024400,clean,ambient,60.0,0.9999999999999981,0.9958798991932294,-0.004120100806768723
test_0024401,near_clean,impulsive,25.74820490775373,0.9856608066184673,0.9908868870124043,0.005226080393937016
test_0024402,clean,impulsive,60.0,0.9999999999999976,0.9995435589448599,-0.0004564410551376463
test_0024403,near_clean,nonstationary,31.84938833105587,0.994679666240712,0.9930716412492492,-0.001608024991462842
test_0024404,near_clean,nonstationary,24.6005994919177,0.9696857985366257,0.9888881638227276,0.019202365286101863
test_0024405,noisy,impulsive,-4.774637968348942,0.848086676784704,0.8771703248939589,0.0290836481092549
test_0024406,noisy,stationary,1.552504161374065,0.9280307921057367,0.937165910211332,0.009135118105595308
test_0024407,near_clean,ambient,34.550552832383644,0.9974075561796488,0.9966179225928866,-0.0007896335867622062
test_0024408,noisy,ambient,7.432757238264525,0.8448500794244457,0.8681140378445106,0.0232639584200649
test_0024409,near_clean,ambient,27.836863378243272,0.9864664691567417,0.9939029387545651,0.007436469597823403
test_0024410,clean,impulsive,60.0,0.9999999999999996,0.995368803989252,-0.004631196010747574
test_0024411,noisy,stationary,13.538634625073893,0.8525974635876363,0.8882903919444666,0.035692928356830245
test_0024412,noisy,ambient,2.6457907510995824,0.8024945976746142,0.9003565952051885,0.09786199753057434
test_0024413,noisy,stationary,16.589339213880173,0.9471567307601607,0.9349084977994403,-0.012248232960720418
test_0024414,noisy,ambient,-2.978879793996448,0.6427258138033755,0.6651726437650936,0.022446829961718096
test_0024415,noisy,nonstationary,14.593582073208829,0.8782755398097296,0.9113244987122231,0.033048958902493486
test_0024416,near_clean,ambient,29.48883130510199,0.9984752321244801,0.9704343595767482,-0.02804087254773191
test_0024417,clean,ambient,60.0,0.9999999999999969,0.9984123215866456,-0.001587678413351279
test_0024418,noisy,nonstationary,7.913477346948676,0.8839583120868088,0.8981132756720432,0.014154963585234492
test_0024419,noisy,impulsive,6.811389721375837,0.7549107448698594,0.8492033434867348,0.09429259861687533
test_0024420,noisy,ambient,2.5809523556356426,0.7864966576335942,0.8998891979539785,0.11339254032038426
test_0024421,noisy,nonstationary,19.976206724598818,0.9928832455099934,0.993477141221105,0.0005938957111115695
test_0024422,near_clean,ambient,36.23811455938469,0.9982162580093151,0.9962566516247991,-0.0019596063845159772
test_0024423,noisy,ambient,8.057943397585776,0.8501778137307701,0.8977929044532035,0.04761509072243342
test_0024424,clean,ambient,60.0,0.9999999999999994,0.9907067243101687,-0.009293275689830738
test_0024425,near_clean,nonstationary,28.370303973252938,0.9976779288530592,0.9815252453026796,-0.016152683550379576
test_0024426,noisy,stationary,-1.5662731346543959,0.4789067766419422,0.4819895064518254,0.0030827298098832223
test_0024427,near_clean,nonstationary,30.328602514956135,0.9998319147562901,0.9986864510589968,-0.001145463697293292
test_0024428,noisy,stationary,11.408200036403738,0.9949985881922784,0.9949725613149218,-2.6026877356533085e-05
test_0024429,near_clean,impulsive,37.92728176092221,0.9987318960579068,0.9737726875268854,-0.024959208531021404
test_0024430,near_clean,ambient,28.25063667092076,0.9651352246672324,0.984767017309568,0.0196317926423355
test_0024431,noisy,ambient,5.207895241807233,0.8526891114808214,0.8906647006068215,0.037975589126000076
test_0024432,near_clean,ambient,35.591933714514454,0.9970182001303765,0.9965080720381119,-0.0005101280922645834
test_0024433,clean,impulsive,60.0,0.9999999999999987,0.9983030722178454,-0.0016969277821532458
test_0024434,clean,impulsive,60.0,0.9999999999999998,0.9937128281694825,-0.006287171830517302
test_0024435,noisy,stationary,1.1896116313556044,0.7294180698323719,0.7470545820461956,0.017636512213823674
test_0024436,clean,nonstationary,60.0,0.9999999999999977,0.9971298905332449,-0.0028701094667528126
test_0024437,noisy,stationary,14.387536346193237,0.9779379296258535,0.9723061855608245,-0.005631744065028976
test_0024438,noisy,ambient,15.293754704317873,0.9764584817332251,0.989062259565371,0.012603777832145835
test_0024439,noisy,nonstationary,17.58270907091136,0.9341709479005106,0.9493023477759188,0.015131399875408236
test_0024440,noisy,ambient,-3.1046129862414187,0.8863619691220094,0.9073157309106064,0.02095376178859698
test_0024441,clean,impulsive,60.0,0.9999999999999998,0.9961056133923766,-0.0038943866076232014
test_0024442,noisy,ambient,0.10989789118213888,0.6948231829378617,0.8313793364602182,0.1365561535223565
test_0024443,noisy,nonstationary,1.41679814315094,0.8153932546809302,0.8518933584579175,0.036500103776987314
test_0024444,noisy,stationary,-2.8056389678107543,0.5343238709871089,0.6055494474012166,0.07122557641410776
test_0024445,clean,impulsive,60.0,0.999999999999999,0.9996555273704214,-0.00034447262957759683
test_0024446,noisy,stationary,5.442632672520494,0.8434772440105427,0.885279904094965,0.04180266008442235
test_0024447,noisy,ambient,18.683523687986565,0.8733087302901049,0.9244474326397422,0.051138702349637244
test_0024448,clean,impulsive,60.0,0.9999999999999992,0.9991722797896918,-0.0008277202103074144
test_0024449,near_clean,stationary,30.04970542624804,0.9846530935624527,0.9871854171901221,0.0025323236276694194
test_0024450,noisy,impulsive,3.857276023768792,0.7064649760113769,0.75624500236469,0.049780026353313134
test_0024451,noisy,ambient,2.986134582210039,0.8688177041170565,0.9140042086740802,0.045186504557023666
test_0024452,noisy,nonstationary,17.609985958169972,0.9523700412045938,0.9422938481171867,-0.010076193087407037
test_0024453,noisy,impulsive,13.33165990195905,0.8870405931732618,0.9527784963091611,0.06573790313589933
test_0024454,clean,impulsive,60.0,0.999999999999999,0.9974967627654491,-0.0025032372345499265
test_0024455,noisy,nonstationary,11.126598011126251,0.7030402692787533,0.81606578430248,0.11302551502372671
test_0024456,near_clean,stationary,35.21354692681955,0.9881870090492674,0.9900828479820332,0.001895838932765792
test_0024457,near_clean,stationary,20.750964926946462,0.95196297422763,0.9740429627539317,0.022079988526301664
test_0024458,noisy,impulsive,17.814649606541202,0.9419743338836841,0.9630978535188008,0.021123519635116716
test_0024459,noisy,stationary,4.649503221968903,0.7509196966718885,0.8111684741042905,0.06024877743240198
test_0024460,noisy,ambient,2.576249297423029,0.7407307543076421,0.8364613834539281,0.09573062914628594
test_0024461,noisy,stationary,-2.3466501129711754,0.5246214112268651,0.5832698796349896,0.05864846840812443
test_0024462,noisy,impulsive,3.8524664023146205,0.7564009966973974,0.8250051877293748,0.06860419103197746
test_0024463,noisy,stationary,10.473528707553102,0.8471173849727354,0.8794380392101686,0.032320654237433244
test_0024464,near_clean,stationary,35.97473859996083,0.9885476069166999,0.9883156654402442,-0.00023194147645566598
test_0024465,noisy,impulsive,-3.065920866344683,0.7716016315234692,0.813521635968586,0.04192000444511679
test_0024467,noisy,nonstationary,1.715165275107041,0.826664614813301,0.8760184058958577,0.049353791082556664
test_0024468,clean,stationary,60.0,0.9999999999999998,0.9937653676123329,-0.006234632387666861
test_0024469,noisy,ambient,-2.0851218308884323,0.971288278697608,0.9847524211592342,0.013464142461626194
test_0024470,near_clean,nonstationary,20.100370185294597,0.9514114172326189,0.9508374690937375,-0.0005739481388814527
test_0024471,noisy,impulsive,11.571940928113214,0.8345308097589978,0.8396773543043856,0.005146544545387766
test_0024472,noisy,ambient,2.6953295887186277,0.7432598233991151,0.786271809192562,0.043011985793446894
test_0024473,noisy,impulsive,6.055174726360683,0.7210622654101846,0.7894923056920138,0.0684300402818292
test_0024474,noisy,nonstationary,0.30615839738779194,0.7849375043169438,0.8447998245264371,0.059862320209493336
test_0024475,clean,stationary,60.0,0.9999999999999992,0.9863073573895066,-0.013692642610492634
test_0024476,clean,nonstationary,60.0,0.9999999999999979,0.9982517996761991,-0.0017482003237987431
test_0024477,noisy,stationary,11.598152000952211,0.975939616296571,0.9623767652643698,-0.013562851032201229
test_0024478,clean,ambient,60.0,0.9999999999999997,0.9997426631406164,-0.00025733685938322814
test_0024479,noisy,impulsive,14.930847784150384,0.9857236308091094,0.9804365058781107,-0.005287124930998699
test_0024480,noisy,impulsive,6.681243550715372,0.9240055093287741,0.9440713091676931,0.020065799838918985
test_0024481,noisy,nonstationary,2.6915665259328083,0.8411086451142101,0.8860346559076893,0.04492601079347913
test_0024482,clean,ambient,60.0,0.9999999999999922,0.9894518258985214,-0.010548174101470797
test_0024483,noisy,ambient,14.235450703500394,0.8807980635289948,0.9256457244216151,0.04484766089262027
test_0024484,near_clean,nonstationary,25.862212343835076,0.9923567644485471,0.9915085304569955,-0.0008482339915516501
test_0024485,clean,stationary,60.0,1.0,0.9876472135781911,-0.012352786421808926
test_0024486,noisy,impulsive,12.165182500419334,0.9548157823936755,0.9762535404153027,0.021437758021627173
test_0024487,clean,nonstationary,60.0,0.9999999999999981,0.9913951762352373,-0.008604823764760794
test_0024488,noisy,ambient,3.286209666278573,0.8054624916550297,0.928715394837185,0.12325290318215532
test_0024490,noisy,stationary,-0.9544346648851239,0.6728828891359173,0.7243620331134542,0.051479143977536834
test_0024491,noisy,stationary,0.6518529065125724,0.9623977275109499,0.9664737761711559,0.004076048660206055
test_0024492,near_clean,impulsive,24.415517953251914,0.9971018398061481,0.996143764514583,-0.0009580752915651081
test_0024493,noisy,ambient,9.371374643275702,0.9034892211024674,0.9322256677173498,0.028736446614882394
test_0024494,noisy,impulsive,9.031473933961443,0.9979032830236646,0.997438814592127,-0.0004644684315375791
test_0024496,noisy,nonstationary,0.5638860630649738,0.7447108467723452,0.819261074124312,0.07455022735196681
test_0024497,noisy,ambient,18.898297299509878,0.9351310776157349,0.9813876585339191,0.04625658091818419
test_0024498,noisy,ambient,3.6807762243285396,0.802309020368008,0.8148363985385341,0.012527378170526071
test_0024499,near_clean,stationary,30.281858337088757,0.9092248112675755,0.9168024531171379,0.007577641849562444
test_0024500,near_clean,ambient,21.748219015169287,0.9315997022814843,0.9563293451559082,0.02472964287442392
test_0024501,noisy,nonstationary,19.020652699933944,0.9237327103564007,0.9282620231870605,0.004529312830659826
test_0024502,noisy,stationary,3.8785935199466124,0.6851354789317958,0.8246290026727153,0.1394935237409195
test_0024503,noisy,ambient,10.46954080539829,0.9071439453733926,0.9526407668024132,0.04549682142902056
test_0024504,noisy,nonstationary,-0.026933713262545567,0.8189930689347181,0.858059506559377,0.03906643762465889
test_0024505,near_clean,stationary,31.712480183533916,0.9366834675682002,0.9151587153949187,-0.021524752173281536
test_0024506,noisy,impulsive,11.299029714537578,0.9643061518129933,0.9520197733496434,-0.0122863784633499
test_0024507,noisy,nonstationary,-4.241542115836692,0.7221559618997836,0.8090996027311033,0.08694364083131967
test_0024508,noisy,nonstationary,6.3713460658072645,0.7352761777977498,0.8123852121298943,0.07710903433214455
test_0024509,near_clean,ambient,21.587783958963417,0.997928869017245,0.9978541182962564,-7.475072098861446e-05
test_0024510,noisy,nonstationary,18.160094574718347,0.9654438327347671,0.9735408459137075,0.008097013178940404
test_0024511,noisy,impulsive,-0.42908584629576385,0.5974675670842209,0.7290524044556823,0.13158483737146143
test_0024512,clean,stationary,60.0,0.9999999999999997,0.9985182291688517,-0.0014817708311479771
test_0024513,noisy,impulsive,18.455251967756563,0.9332189687881542,0.9271695196004273,-0.006049449187726985
test_0024514,noisy,stationary,1.7212065223189903,0.7652939986997537,0.8386601269283223,0.07336612822856858
test_0024515,noisy,stationary,-0.9647376470857321,0.878664161779352,0.900258469387947,0.02159430760859493
test_0024516,noisy,stationary,12.67036820539077,0.9557925396628885,0.9575505798695089,0.0017580402066204037
test_0024517,noisy,stationary,5.390230755889727,0.7624990954966724,0.8183523959171057,0.05585330042043335
test_0024518,noisy,stationary,14.836955209748933,0.8831768338084971,0.8171261420434195,-0.06605069176507761
test_0024519,noisy,stationary,-2.6524012084403177,0.8565714042049036,0.9102486508680693,0.053677246663165645
test_0024521,noisy,nonstationary,0.7274331862365333,0.6231916138370625,0.7057812580424359,0.0825896442053734
test_0024522,noisy,stationary,4.989772944322455,0.8351503858179731,0.861861316297375,0.026710930479401873
test_0024523,noisy,impulsive,17.926618748363843,0.9506277082162069,0.959553234402908,0.00892552618670106
test_0024524,noisy,nonstationary,19.91757772653729,0.9415997599612279,0.9470214152090768,0.005421655247848878
test_0024526,noisy,stationary,12.391027422915712,0.917202981295305,0.9298282106045002,0.012625229309195185
test_0024527,clean,impulsive,60.0,0.9999999999999972,0.9807032732857027,-0.0192967267142945
test_0024528,noisy,ambient,14.808953417414209,0.9077336737301266,0.9362531910445534,0.028519517314426812
test_0024529,clean,nonstationary,60.0,0.9999999999999991,0.9996186443521463,-0.0003813556478527991
test_0024530,near_clean,impulsive,28.36283215643381,0.996683237897419,0.9911247051309068,-0.005558532766512192
test_0024531,clean,nonstationary,60.0,1.0,0.9975229728390119,-0.0024770271609880767
test_0024532,noisy,impulsive,3.919470492476316,0.8521175258965056,0.9019405244531842,0.0498229985566786
test_0024533,near_clean,nonstationary,29.221482274114845,0.9924899444104488,0.9738962295314311,-0.01859371487901773
test_0024534,noisy,nonstationary,-2.7841482080440585,0.7287424492376126,0.7933194749892278,0.06457702575161528
test_0024535,noisy,ambient,3.0571781272723193,0.7119553481934093,0.8433985264442153,0.13144317825080598
test_0024536,noisy,stationary,1.778202652639317,0.8043733261142616,0.8208074560521454,0.016434129937883846
test_0024537,near_clean,nonstationary,33.26470213106545,0.9953526074125857,0.9918629928399244,-0.0034896145726612815
test_0024538,near_clean,stationary,25.62920008005473,0.9393495222717904,0.9470735710858182,0.007724048814027884
test_0024539,noisy,stationary,7.537542846952826,0.840491371256642,0.8420228657771108,0.0015314945204688568
test_0024540,noisy,ambient,10.71106174930571,0.9223819384222852,0.9483543980182795,0.025972459595994257
test_0024541,noisy,nonstationary,4.379289658302509,0.9739446530710696,0.9813415021713584,0.007396849100288816
test_0024542,clean,stationary,60.0,0.9999999999999997,0.9987324303048088,-0.0012675696951908177
test_0024543,noisy,stationary,-3.143305906798184,0.6891213089849517,0.7367040989066329,0.04758278992168119
test_0024544,noisy,nonstationary,0.8228914041308197,0.6686706184569293,0.754618371039666,0.08594775258273668
test_0024545,noisy,stationary,8.150758490718529,0.947058106391346,0.9633295405861161,0.016271434194770062
test_0024546,noisy,nonstationary,11.757211090664509,0.9509363923083202,0.9525723140461638,0.0016359217378436597
test_0024547,noisy,stationary,15.111449015082211,0.976667380872139,0.9856391206925745,0.008971739820435531
test_0024548,noisy,ambient,19.685062004186626,0.885046283786655,0.9323147986565831,0.04726851486992811
test_0024549,noisy,ambient,9.819487384672566,0.9159947075566718,0.9550589372157202,0.03906422965904843
test_0024550,clean,nonstationary,60.0,0.9999999999999998,0.985016809915803,-0.014983190084196796
test_0024551,noisy,impulsive,-2.822426807165713,0.5485202780595734,0.6185113799150711,0.06999110185549773
test_0024552,noisy,impulsive,-2.423716934768825,0.709333042801508,0.7387199956498102,0.029386952848302172
test_0024553,noisy,nonstationary,2.155463873902537,0.6365563354737264,0.6727391749138877,0.03618283944016132
test_0024554,noisy,impulsive,13.998954455344077,0.8690950224712098,0.9168426303221137,0.04774760785090382
test_0024555,clean,ambient,60.0,0.9999999999999978,0.9981221005500259,-0.0018778994499718538
test_0024556,noisy,impulsive,4.8255359948982655,0.9554457383854942,0.9610283109307647,0.005582572545270503
test_0024557,noisy,nonstationary,12.87813138609896,0.8904829630424839,0.9380100203904926,0.04752705734800877
test_0024558,noisy,ambient,5.238916465821562,0.7706890153556023,0.8040374035262285,0.03334838817062624
test_0024559,clean,impulsive,60.0,0.9999999999999971,0.999217100834549,-0.0007828991654481587
test_0024560,noisy,nonstationary,14.743575086936513,0.8977344643196252,0.9165791618373563,0.0188446975177311
test_0024561,near_clean,nonstationary,21.44223937226733,0.9633756202630054,0.9700041877247881,0.006628567461782753
test_0024562,noisy,ambient,2.2163458944838696,0.9400528551245568,0.9652310230501875,0.025178167925630657
test_0024563,noisy,ambient,12.6609741573354,0.9591330554053749,0.9842259651106595,0.02509290970528466
test_0024564,noisy,ambient,2.584032145150765,0.7049850479692646,0.7926362258578239,0.08765117788855925
test_0024565,clean,impulsive,60.0,0.9999999999999984,0.9977496263339231,-0.0022503736660753892
test_0024566,near_clean,impulsive,39.05312976337528,0.9984755475067314,0.9946623765769608,-0.003813170929770626
test_0024567,noisy,impulsive,6.521193277763853,0.9423150965803835,0.9507690072265205,0.008453910646136986
test_0024568,near_clean,ambient,29.26490533882722,0.9988383901639298,0.9972456559198408,-0.0015927342440890113
test_0024569,noisy,stationary,15.854749361838866,0.9429750069233936,0.947191609057769,0.004216602134375358
test_0024570,noisy,impulsive,11.560804072355772,0.9245594747554291,0.9722849844659971,0.04772550971056799
test_0024571,noisy,stationary,9.561772586968843,0.9325835469476407,0.9430689030677093,0.010485356120068623
test_0024572,noisy,impulsive,-3.5876645651967145,0.9228018706666876,0.9507941127896197,0.027992242122932054
test_0024573,noisy,impulsive,-3.3317697311844348,0.6710378885908911,0.7844283700966491,0.11339048150575803
test_0024574,near_clean,nonstationary,34.70735037879801,0.9995051892386527,0.9992982329374757,-0.00020695630117706365
test_0024575,clean,ambient,60.0,1.0,0.9996807218376009,-0.0003192781623990726
test_0024576,noisy,stationary,-0.9618602050599154,0.5275970303006049,0.503179046399819,-0.024417983900785867
test_0024577,noisy,impulsive,0.9609877663061219,0.7392651135788851,0.8261312940899186,0.08686618051103345
test_0024578,near_clean,impulsive,32.22476987742628,0.999336202877276,0.9927436547465189,-0.006592548130757048
test_0024579,noisy,impulsive,18.067839277206197,0.90954965914457,0.9500355618773934,0.040485902732823376
test_0024580,noisy,stationary,18.99981523717599,0.9495994676376163,0.9720301118057951,0.02243064416817886
test_0024581,noisy,nonstationary,9.423099611822368,0.7851552811366785,0.8643724268982278,0.07921714576154926
test_0024582,near_clean,impulsive,34.3291309045643,0.9927354918436788,0.9893387518388823,-0.0033967400047965057
test_0024583,clean,nonstationary,60.0,1.0,0.9955203140518785,-0.004479685948121537
test_0024584,near_clean,impulsive,25.15430089980964,0.9915671234626976,0.9943374359921796,0.002770312529482011
test_0024585,noisy,stationary,-4.733954019868457,0.6513657923648498,0.6883927962192221,0.0370270038543723
test_0024586,noisy,nonstationary,8.87617025254505,0.8557673975835335,0.8787113905675541,0.02294399298402061
test_0024587,clean,ambient,60.0,0.9999999999999987,0.9997853199827046,-0.0002146800172940777
test_0024588,noisy,ambient,10.065943993266877,0.940901885310715,0.9454316128120869,0.004529727501371927
test_0024589,noisy,ambient,9.049915424165253,0.5906329768837933,0.6443577760519509,0.05372479916815753
test_0024590,noisy,ambient,-2.564434035451569,0.7955637357287333,0.8594014879961046,0.06383775226737132
test_0024591,noisy,nonstationary,4.497948371330859,0.7248654143869673,0.7454192984144183,0.020553884027451064
test_0024592,noisy,nonstationary,13.4838439221732,0.8875996306963512,0.8999869900509162,0.01238735935456503
test_0024593,clean,ambient,60.0,0.9999999999999987,0.9996784869900449,-0.00032151300995375554
test_0024594,near_clean,nonstationary,21.565784040105775,0.9843753613349335,0.9875714708887929,0.0031961095538594053
test_0024595,clean,ambient,60.0,0.9999999999999974,0.9982306860091897,-0.0017693139908077082
test_0024596,near_clean,ambient,22.36136713198291,0.9760282158920277,0.9799086281058658,0.003880412213838058
test_0024597,near_clean,impulsive,21.03670114041232,0.9901147858865984,0.9880638435867631,-0.0020509422998352678
test_0024598,clean,ambient,60.0,1.0,0.9883507879706228,-0.011649212029377187
test_0024599,noisy,stationary,0.5105698599310475,0.8085647464007446,0.8297896421494856,0.02122489574874098
test_0024600,noisy,stationary,8.016330955023486,0.847982354400973,0.8925128838188136,0.044530529417840525
test_0024601,noisy,ambient,11.352931395482077,0.7931502306145938,0.8306935005110337,0.03754326989643997
test_0024602,near_clean,stationary,36.29918483179431,0.9986410733278818,0.9978942480396107,-0.0007468252882710802
test_0024603,noisy,nonstationary,16.385239690621948,0.9441715717555947,0.9434144839428475,-0.0007570878127471925
test_0024604,noisy,nonstationary,16.14444425271659,0.956017123468362,0.9769547384584772,0.02093761499011526
test_0024605,noisy,nonstationary,13.68599337560341,0.9403862335589429,0.9594418462188863,0.019055612659943377
test_0024606,noisy,stationary,1.0805770532021377,0.8807764198613357,0.9172796943998978,0.03650327453856206
test_0024607,noisy,ambient,5.795068066224292,0.8279442355652142,0.8616840897369098,0.03373985417169556
test_0024608,near_clean,stationary,27.02844136395933,0.9994242407482211,0.998592473772261,-0.0008317669759601021
test_0024609,noisy,impulsive,5.630024675655314,0.9069974133625515,0.9454965405800115,0.03849912721746007
test_0024610,noisy,nonstationary,1.0094818634851475,0.9601114204834589,0.965452041440482,0.0053406209570231455
test_0024611,noisy,ambient,7.09047812542217,0.742474886227116,0.7637212362560358,0.021246350028919836
test_0024612,noisy,stationary,10.488651757356287,0.8832301965457905,0.9185213259419251,0.03529112939613466
test_0024613,noisy,nonstationary,12.390342956667958,0.9499159524766104,0.9663207480535138,0.01640479557690333
test_0024614,noisy,nonstationary,10.109021013043339,0.8926170094772418,0.9231553021839998,0.030538292706758008
test_0024615,noisy,nonstationary,11.138813329027546,0.9452486134247872,0.9434379288622425,-0.0018106845625446288
test_0024616,noisy,impulsive,17.10403510836119,0.9581252487174017,0.96399508032209,0.005869831604688347
test_0024617,noisy,nonstationary,10.607418821194507,0.8973662402142081,0.9255586215396041,0.028192381325396032
test_0024618,noisy,nonstationary,-4.719709094331291,0.5804594990371742,0.6530578733287056,0.07259837429153138
test_0024619,near_clean,nonstationary,37.33507866481952,0.9995265061707608,0.9989103498956243,-0.000616156275136448
test_0024620,clean,stationary,60.0,0.9999999999999992,0.9990466137977773,-0.0009533862022219619
test_0024622,noisy,ambient,3.312774137361645,0.7168488813097065,0.7672160112099728,0.05036712990026637
test_0024623,near_clean,impulsive,24.845967300576568,0.9796779240671855,0.9895348795240728,0.009856955456887362
test_0024625,noisy,stationary,-3.0782918798575905,0.709990910245437,0.7640951259044276,0.054104215658990595
test_0024626,clean,ambient,60.0,0.9999999999999991,0.9989468054400281,-0.0010531945599709935
test_0024627,clean,impulsive,60.0,1.0,0.971761196767018,-0.028238803232982
test_0024628,near_clean,impulsive,39.12857420285765,0.9999944225733836,0.9995515831487232,-0.0004428394246603906
test_0024629,noisy,nonstationary,-2.898491697261564,0.772955248480225,0.8175661278328026,0.04461087935257757
test_0024630,noisy,ambient,11.13493440682603,0.8677369375394275,0.9157891823840879,0.04805224484466042
test_0024633,noisy,impulsive,-2.314871513803131,0.7618142109925805,0.7997983678120768,0.037984156819496295
test_0024634,noisy,stationary,9.377415706780072,0.9685304952385383,0.9803665791489324,0.011836083910394146
test_0024635,noisy,stationary,2.3839435442195516,0.8435400402830849,0.860383516505944,0.01684347622285909
test_0024636,noisy,nonstationary,-1.9285795165288873,0.9881072803462874,0.9876883637409671,-0.0004189166053202298
test_0024637,noisy,ambient,2.8839523602332733,0.8543030242549648,0.8827469303139364,0.028443906058971513
test_0024638,noisy,nonstationary,13.754616006602632,0.8855585878234621,0.9023630378583062,0.0168044500348441
test_0024639,near_clean,nonstationary,29.884827699079068,0.998024655636246,0.9964243887546098,-0.0016002668816361698
test_0024640,noisy,nonstationary,-4.931492204725955,0.5151534607433793,0.5885095340020412,0.07335607325866189
test_0024641,noisy,stationary,16.412528996305575,0.907735551356331,0.9179562880716569,0.010220736715325862
test_0024642,clean,stationary,60.0,0.9999999999999989,0.975486165849777,-0.024513834150221903
test_0024643,near_clean,stationary,20.031968944036677,0.9741760654430728,0.9837609542968672,0.009584888853794382
test_0024644,noisy,stationary,8.224810967960728,0.6868542943629518,0.741274266444993,0.05441997208204119
test_0024645,noisy,stationary,12.433595419050526,0.9635068966243746,0.9720567651984053,0.008549868574030728
test_0024646,noisy,impulsive,17.45916919821464,0.972934983195847,0.9847483393632834,0.011813356167436395
test_0024647,clean,impulsive,60.0,0.9999999999999988,0.9928493217538616,-0.007150678246137132
test_0024648,noisy,impulsive,3.943556292186198,0.8159520984475865,0.8984118455312654,0.08245974708367887
test_0024649,noisy,stationary,2.317918900938281,0.7608028778708603,0.8101672509153968,0.04936437304453645
test_0024650,noisy,ambient,-2.99495117660576,0.8189153558155428,0.8675245680086374,0.048609212193094664
test_0024652,noisy,impulsive,-1.0401064677837257,0.6721143097384543,0.8173825775691107,0.14526826783065638
test_0024653,near_clean,stationary,28.89034875386219,0.9998764427679426,0.9977435667172527,-0.0021328760506899025
test_0024654,noisy,ambient,15.415964310293187,0.9093363306588809,0.933152654803482,0.02381632414460111
test_0024656,noisy,nonstationary,6.296052386904403,0.7301508131543011,0.8002264297684782,0.07007561661417716
test_0024657,clean,nonstationary,60.0,1.0,0.971709082468107,-0.028290917531892945
test_0024658,noisy,impulsive,16.312490816004733,0.9063512022274901,0.9417778358080623,0.03542663358057219
test_0024659,noisy,ambient,11.005760328794008,0.9594730362517098,0.9601843098959744,0.0007112736442645984
test_0024660,near_clean,ambient,27.049226371344588,0.995204953280747,0.9929255411477277,-0.0022794121330192985
test_0024661,noisy,stationary,1.8939645933956903,0.9468298951410038,0.9506805572762722,0.0038506621352684123
test_0024662,noisy,ambient,6.916210517300177,0.9208402305530423,0.9518762146511747,0.031035984098132352
test_0024663,clean,ambient,60.0,1.0,0.976329279171883,-0.023670720828117053
test_0024664,near_clean,nonstationary,21.513648731788905,0.9534325499274455,0.9663673911936623,0.012934841266216801
test_0024666,noisy,ambient,17.984664538442065,0.9778856091381117,0.971139771333677,-0.006745837804434718
test_0024668,near_clean,ambient,31.13351880214834,0.9883570356237584,0.9911675619094289,0.002810526285670467
test_0024669,noisy,ambient,1.9523160608505528,0.8381169224834125,0.9277797875766421,0.08966286509322963
test_0024670,clean,ambient,60.0,0.9999999999999993,0.9967781994104826,-0.00322180058951671
test_0024671,clean,ambient,60.0,0.9999999999999991,0.9851840424015696,-0.014815957598429463
test_0024672,near_clean,stationary,22.470838685461874,0.9992494652973466,0.9889619708922753,-0.010287494405071262
test_0024673,noisy,ambient,15.059675557316638,0.9694501258833799,0.9830586573523498,0.013608531468969898
test_0024674,clean,impulsive,60.0,0.9999999999999997,0.9990145000956292,-0.0009854999043704682
test_0024675,noisy,stationary,-3.654531426007272,0.5673833720220736,0.6281223304809049,0.06073895845883137
test_0024676,clean,ambient,60.0,0.9999999999999997,0.9981356823269414,-0.00186431767305828
test_0024678,noisy,nonstationary,8.621543943506357,0.760063105216137,0.8087974904163333,0.04873438520019635
test_0024679,near_clean,ambient,27.917763419403254,0.995958276475249,0.9966821208101304,0.0007238443348813739
test_0024680,clean,ambient,60.0,0.9999999999999982,0.9869308438078147,-0.013069156192183518
test_0024681,near_clean,nonstationary,20.928820326908298,0.9996952908658399,0.9987439295176803,-0.0009513613481595407
test_0024682,noisy,stationary,-4.2500261123635426,0.5834085636550811,0.6047392383967966,0.02133067474171546
test_0024683,noisy,impulsive,1.334791435775963,0.8093935872976009,0.785101802476666,-0.02429178482093486
test_0024684,clean,nonstationary,60.0,0.9999999999999994,0.9703821750480527,-0.02961782495194676
test_0024685,near_clean,ambient,30.639511647772235,0.9992213002738934,0.998556340781748,-0.0006649594921454005
test_0024686,noisy,impulsive,10.619280815092514,0.9004889450683566,0.909607656726691,0.009118711658334333
test_0024687,noisy,ambient,9.164019394776082,0.9176361446679191,0.9520235600900477,0.03438741542212864
test_0024688,clean,impulsive,60.0,1.0,0.9997992189812371,-0.00020078101876286336
test_0024689,near_clean,ambient,21.91526071932629,0.9567464851295404,0.9777961143295787,0.021049629200038278
test_0024690,noisy,ambient,-2.0704124389544427,0.6304652858872063,0.7439653332621056,0.11350004737489927
test_0024691,noisy,ambient,0.41663063994867766,0.8389714942742581,0.8837202921688966,0.04474879789463848
test_0024692,noisy,nonstationary,-3.879242358991773,0.5536919437352729,0.5754696327510271,0.021777689015754276
test_0024693,near_clean,stationary,25.92107101080981,0.9968086017620403,0.9968706366828151,6.203492077472283e-05
test_0024694,near_clean,stationary,32.273656031547034,0.9975388850942727,0.9974831014567798,-5.5783637492923255e-05
test_0024696,noisy,stationary,10.449875570877683,0.8678480459597284,0.8926152664186077,0.024767220458879247
test_0024697,noisy,ambient,-4.444154495382309,0.7411679634635363,0.8105318625276231,0.0693638990640868
test_0024698,near_clean,impulsive,36.19702506775014,0.9919005898605602,0.9912394451392417,-0.0006611447213185073
test_0024699,noisy,nonstationary,8.315988537915935,0.8494983141194655,0.8347896713500982,-0.014708642769367342
test_0024700,noisy,nonstationary,9.543274003152485,0.946006962373588,0.9712095705281569,0.025202608154568984
test_0024701,noisy,ambient,-2.9548359587770117,0.7438237177982265,0.791122387995043,0.04729867019681644
test_0024702,near_clean,impulsive,36.709530107638955,0.9719209353172052,0.9699818331045091,-0.0019391022126961088
test_0024703,clean,ambient,60.0,0.9999999999999997,0.9978034428687484,-0.00219655713125122
test_0024704,near_clean,ambient,35.653071990236256,0.9980033123938902,0.9769264908859786,-0.02107682150791157
test_0024705,noisy,impulsive,3.2529668071834816,0.899580425225001,0.9179400875286947,0.01835966230369368
test_0024707,near_clean,stationary,33.36791883598419,0.9999525327670966,0.9992457138698518,-0.0007068188972447764
test_0024708,near_clean,nonstationary,26.798535785599658,0.9773610262543574,0.9672479848876196,-0.01011304136673774
test_0024709,noisy,ambient,-0.5071508267610056,0.9211719484715772,0.9399175267395148,0.018745578267937546
test_0024710,noisy,nonstationary,4.208381607652505,0.6524623962428272,0.7399258773693107,0.0874634811264835
test_0024711,noisy,stationary,5.036316801745148,0.9567642846451733,0.9705322100523309,0.013767925407157655
test_0024712,noisy,stationary,0.16112288411237863,0.7946645887594163,0.8095665082350538,0.01490191947563757
test_0024713,clean,impulsive,60.0,0.9999999999999998,0.9997826319463133,-0.00021736805368643974
test_0024714,noisy,stationary,10.381083116740433,0.8914673036937798,0.9259946481166088,0.03452734442282901
test_0024715,noisy,stationary,14.2111686785484,0.9279815999405453,0.9402229827359688,0.012241382795423528
test_0024716,noisy,impulsive,2.868107287238354,0.6945765544790593,0.8374602045274817,0.1428836500484224
test_0024717,noisy,nonstationary,5.84430233189819,0.817057846095801,0.8724108873011559,0.05535304120535489
test_0024718,clean,ambient,60.0,0.9999999999999958,0.9995307035764498,-0.000469296423545984
test_0024719,noisy,nonstationary,9.717528321602458,0.810899352127521,0.8287880065184736,0.017888654390952663
test_0024720,noisy,ambient,13.387256339444377,0.8719327013554771,0.9138276505824019,0.04189494922692483
test_0024722,noisy,impulsive,14.96041407398036,0.8962934826707155,0.904535738268823,0.00824225559810754
test_0024723,noisy,ambient,5.727851792336422,0.8857215439273483,0.9180247955073414,0.03230325157999314
test_0024724,noisy,impulsive,14.194206506921415,0.9376855548614254,0.9810908166570237,0.04340526179559834
test_0024725,noisy,stationary,5.9589599187841635,0.999441445243793,0.998340342644022,-0.00110110259977092
test_0024726,noisy,nonstationary,-2.834242883919331,0.8578920966623524,0.9156791625799738,0.057787065917621394
test_0024727,noisy,impulsive,14.404862741391717,0.8757293118677839,0.9108467829093696,0.03511747104158569
test_0024728,clean,impulsive,60.0,0.9999999999999997,0.9992142191883868,-0.0007857808116128462
test_0024729,noisy,ambient,5.925234851435114,0.9216678772094806,0.9315674497238521,0.009899572514371457
test_0024730,noisy,nonstationary,12.13057606973166,0.9815104392696268,0.9849062700787603,0.0033958308091335265
test_0024731,noisy,ambient,2.2141135914459644,0.8193944064114415,0.8775522497941195,0.05815784338267804
test_0024732,noisy,nonstationary,4.678122648137624,0.859131398656988,0.9131319574089126,0.054000558751924665
test_0024733,noisy,ambient,2.435764565896469,0.7604492915183576,0.7870146526059187,0.026565361087561135
test_0024734,noisy,ambient,16.549864928926798,0.882011605683669,0.9116087443407828,0.029597138657113775
test_0024735,noisy,ambient,6.277888959420032,0.9535516557830666,0.973209306933865,0.019657651150798428
test_0024736,noisy,impulsive,4.175975715759499,0.913288785362563,0.9278556617576867,0.014566876395123773
test_0024738,noisy,stationary,-0.6416267896947447,0.5085634576938641,0.5829308267960854,0.0743673691022213
test_0024739,noisy,stationary,12.118422462616177,0.9089103816049212,0.9333341128785223,0.02442373127360109
test_0024740,noisy,nonstationary,5.068459165028559,0.7092964485940622,0.7745632973844616,0.06526684879039946
test_0024742,clean,stationary,60.0,1.0,0.9992705290312957,-0.0007294709687043488
test_0024743,noisy,stationary,12.120830800400977,0.8953334770209312,0.9328402114060572,0.03750673438512597
test_0024744,clean,stationary,60.0,0.9999999999999997,0.9998022020290781,-0.00019779797092156493
test_0024745,near_clean,stationary,31.468083938423625,0.9867434829048565,0.9871286912000021,0.0003852082951456559
test_0024746,near_clean,nonstationary,20.671438698056363,0.9739571863758224,0.9836550231718623,0.00969783679603986
test_0024747,near_clean,impulsive,31.65324791615319,0.9960198146868829,0.995925114027957,-9.470065892591695e-05
test_0024748,noisy,stationary,15.686783757028081,0.9142689279546027,0.9311271496093055,0.016858221654702854
test_0024749,clean,impulsive,60.0,0.9999999999999996,0.9939896746959073,-0.00601032530409229
test_0024750,noisy,nonstationary,12.407313994473068,0.7669179718540371,0.8396729870468754,0.07275501519283833
test_0024751,noisy,nonstationary,0.5720901643336678,0.6223843031752964,0.6855436745399722,0.06315937136467586
test_0024752,clean,nonstationary,60.0,0.9999999999999993,0.9991322571257858,-0.0008677428742135396
test_0024754,noisy,ambient,3.519776278189145,0.8888913951512265,0.9452369739982537,0.05634557884702718
test_0024756,noisy,ambient,4.895258704055468,0.977677180304245,0.9641600307095145,-0.013517149594730493
test_0024757,near_clean,stationary,23.716931663522626,0.9780272806035292,0.9836895528934043,0.005662272289875148
test_0024758,clean,nonstationary,60.0,0.9999999999999996,0.9994579865963183,-0.0005420134036812074
test_0024761,noisy,nonstationary,-3.4169721265735182,0.7854122860217193,0.835436396158837,0.05002411013711772
test_0024762,noisy,ambient,9.273752231402973,0.9070038266587785,0.8882319123401574,-0.01877191431862113
test_0024763,near_clean,ambient,25.00007910569937,0.9944337966602038,0.9891019675184406,-0.005331829141763222
test_0024764,noisy,nonstationary,8.192660386041103,0.8183265211629698,0.879554418764775,0.06122789760180525
test_0024765,clean,stationary,60.0,0.9999999999999997,0.9937041334428887,-0.006295866557111007
test_0024766,noisy,stationary,12.317157749894061,0.9375412544618311,0.9582775720812979,0.020736317619466815
test_0024767,near_clean,impulsive,35.06088597611736,0.9999211876530997,0.9401681009234436,-0.05975308672965607
test_0024768,noisy,nonstationary,19.698803107490626,0.8502315955484899,0.8782887305997887,0.02805713505129881
test_0024769,noisy,nonstationary,18.538364485934228,0.9787102148334033,0.9876825971754809,0.008972382342077645
test_0024770,near_clean,impulsive,39.667723353866485,0.999536370937105,0.9909548635152717,-0.008581507421833279
test_0024771,noisy,nonstationary,4.635771955379807,0.8027623208885557,0.845795158374777,0.04303283748622133
test_0024772,noisy,stationary,-2.1455968046683105,0.8436514813786742,0.8850024695736718,0.04135098819499761
test_0024773,noisy,ambient,-1.1943755375955947,0.7806961035116728,0.9029599263104852,0.12226382279881232
test_0024774,near_clean,ambient,29.461878224779625,0.9884861885155262,0.9908134629490469,0.002327274433520765
test_0024775,near_clean,nonstationary,24.052730635480046,0.9548675038281305,0.9576147156057319,0.0027472117776013993
test_0024776,near_clean,ambient,29.676633349745227,0.9985622403075464,0.9717538041667486,-0.026808436140797753
test_0024777,noisy,ambient,15.898519138722698,0.9739757449182306,0.9575242731048874,-0.016451471813343166
test_0024778,near_clean,stationary,26.260699157639984,0.9839539477296264,0.9820924223973536,-0.0018615253322727954
test_0024779,near_clean,nonstationary,37.74402071599953,0.9990907331361265,0.9972798117058634,-0.0018109214302630683
test_0024780,near_clean,impulsive,28.249943381016884,0.9769255687304066,0.9711419540459755,-0.005783614684431115
test_0024781,noisy,impulsive,-4.99396885415471,0.7770487452050155,0.8644612224234245,0.08741247721840895
test_0024782,noisy,nonstationary,-0.6263279272688367,0.665839496472866,0.745065884492304,0.07922638801943804
test_0024783,near_clean,ambient,26.157422990012357,0.9994644858657489,0.99678077217564,-0.002683713690108891
test_0024784,noisy,stationary,2.3952983878737086,0.8777192197716567,0.9017089887191915,0.023989768947534795
test_0024785,noisy,ambient,18.915619640019557,0.9636843980745022,0.9874673831833407,0.023782985108838472
test_0024786,clean,nonstationary,60.0,0.9999999999999997,0.9791914793449754,-0.020808520655024254
test_0024787,noisy,stationary,4.693762364576179,0.87564782945603,0.9085337886575167,0.032885959201486625
test_0024788,noisy,stationary,16.98939657895252,0.8273452713012633,0.873258392858411,0.04591312155714766
test_0024789,near_clean,stationary,35.57403214900468,0.9989193488771483,0.9967180324213994,-0.0022013164557488363
test_0024790,noisy,impulsive,11.256001717870948,0.9965932861721933,0.997612881320837,0.0010195951486436927
test_0024791,noisy,impulsive,0.3744790204579287,0.5489199526556039,0.6806752133386172,0.13175526068301335
test_0024792,near_clean,nonstationary,30.885431033796458,0.999350703938969,0.9985310132103815,-0.0008196907285874522
test_0024794,clean,stationary,60.0,0.9999999999999998,0.9992495612744755,-0.0007504387255242717
test_0024795,near_clean,impulsive,29.447255084882613,0.9971845010746025,0.9691697901501036,-0.02801471092449892
test_0024796,noisy,stationary,-2.080201311090894,0.7244894632893442,0.7702068962578885,0.04571743296854436
test_0024797,noisy,impulsive,11.208716414368379,0.999550879017087,0.9988219358374754,-0.0007289431796115853
test_0024798,near_clean,ambient,35.868537619974106,0.9969295565972899,0.9959460343494494,-0.0009835222478404848
test_0024799,noisy,ambient,-3.459675320141465,0.55480418908182,0.7365361783694679,0.1817319892876479
test_0024801,near_clean,stationary,29.05765189513808,0.9907329915720859,0.9871179529867804,-0.003615038585305541
test_0024802,clean,impulsive,60.0,0.9999999999999993,0.9966190915065937,-0.0033809084934056655
test_0024803,noisy,stationary,5.827700478249842,0.8466023647620049,0.9028667873525273,0.056264422590522445
test_0024804,noisy,impulsive,1.4742135846397177,0.8045912687800674,0.8450309843997936,0.04043971561972626
test_0024805,noisy,nonstationary,-1.7216953344889414,0.5858132200822532,0.6738565911366428,0.08804337105438953
test_0024806,noisy,stationary,7.06575232274553,0.8593895101483258,0.862327331061138,0.00293782091281225
test_0024807,clean,stationary,60.0,0.9999999999999993,0.9989284728964114,-0.0010715271035879326
test_0024808,noisy,nonstationary,1.444078396013703,0.805804654455246,0.8312122231720528,0.025407568716806828
test_0024809,clean,stationary,60.0,0.9999999999999997,0.9984455778672419,-0.0015544221327578045
test_0024810,noisy,impulsive,14.779856875025974,0.9536155857618925,0.992630109177566,0.03901452341567346
test_0024811,noisy,ambient,3.9525903690484903,0.9008305894248106,0.9304478442632168,0.02961725483840616
test_0024812,near_clean,stationary,35.111356098435735,0.9954428625212169,0.9934927498028576,-0.0019501127183593203
test_0024813,noisy,impulsive,1.5717384454711727,0.7079875395393418,0.7569205919555639,0.048933052416222145
test_0024814,noisy,nonstationary,-0.6371006779354715,0.7827146219770127,0.8227217001424183,0.04000707816540561
test_0024815,near_clean,ambient,22.936285165747716,0.9935520622540848,0.9961034118981049,0.002551349644020151
test_0024816,near_clean,stationary,21.446091551979038,0.9851331954496494,0.9901990648859306,0.0050658694362811785
test_0024817,noisy,ambient,10.396114378842169,0.9077360653651629,0.9348547771613707,0.02711871179620773
test_0024818,noisy,ambient,4.4733274992441086,0.8019162505184225,0.8531672008002525,0.05125095028183002
test_0024819,near_clean,impulsive,32.727419448436265,0.9932757444482228,0.9831772423221886,-0.010098502126034137
test_0024820,near_clean,ambient,29.404511225104024,0.9987929034496761,0.9978155968972053,-0.000977306552470747
test_0024822,noisy,impulsive,-4.547060333874845,0.6261711950645447,0.820424627000881,0.19425343193633637
test_0024824,near_clean,nonstationary,31.65677130316776,0.9615533660317845,0.9649389159722094,0.003385549940424837
test_0024825,noisy,stationary,-3.1208373205132878,0.6510063360436948,0.7109274337735593,0.059921097729864425
test_0024826,near_clean,ambient,25.958657835569422,0.9924760382944248,0.9959899631492986,0.0035139248548737845
test_0024827,noisy,ambient,16.73655450978522,0.9779296322008494,0.9885014298171478,0.01057179761629845
test_0024828,clean,ambient,60.0,1.0,0.9917538947655841,-0.008246105234415935
test_0024829,near_clean,stationary,27.181481345296852,0.9682407877214759,0.9758611559567801,0.007620368235304209
test_0024830,near_clean,impulsive,25.643979347635387,0.9999292398844558,0.9856799818184918,-0.014249258065963999
test_0024831,noisy,impulsive,16.60453543281387,0.973522103333004,0.9674765260308801,-0.006045577302123961
test_0024832,noisy,impulsive,2.7274746087328037,0.8711192973684493,0.9263762534287161,0.055256956060266815
test_0024833,noisy,ambient,12.068321033213056,0.8089971660747518,0.8334676740257964,0.02447050795104455
test_0024834,noisy,impulsive,1.3941559048768584,0.4730300411155513,0.5433763722969392,0.07034633118138794
test_0024835,noisy,impulsive,19.99463235304665,0.9870736302314778,0.9947019142560622,0.007628284024584486
test_0024836,noisy,stationary,14.77660889805226,0.9364921994073451,0.9533319467932387,0.016839747385893666
test_0024837,near_clean,ambient,37.05312137192921,0.9983824438103324,0.9884206216334206,-0.009961822176911772
test_0024838,noisy,nonstationary,2.785118243180925,0.7039254516261086,0.8010424301085337,0.09711697848242506
test_0024839,noisy,nonstationary,9.463536719532518,0.8810625920490252,0.8721060447821821,-0.008956547266843029
test_0024840,noisy,stationary,1.3562606172960416,0.8618042814650367,0.8910118621184089,0.029207580653372145
test_0024841,noisy,stationary,19.77348739501563,0.9710712636803933,0.9798851801922278,0.008813916511834496
test_0024842,noisy,impulsive,12.917316034273568,0.9283194608593931,0.9723750170400204,0.04405555618062729
test_0024843,noisy,impulsive,13.360965531023858,0.8999076944530936,0.9425820762218957,0.04267438176880212
test_0024844,noisy,impulsive,15.45650720063432,0.9214945129250477,0.9362893238354842,0.014794810910436551
test_0024845,noisy,stationary,7.392996068083228,0.8545203149808941,0.874659571939916,0.020139256959021856
test_0024846,noisy,ambient,-1.2737456817632453,0.8248139404493247,0.8738016411689303,0.048987700719605676
test_0024847,noisy,stationary,-2.0440867944247665,0.6324114277884274,0.6826286387816101,0.05021721099318266
test_0024848,noisy,ambient,9.375374333359828,0.9629602632731169,0.97966542018408,0.01670515691096308
test_0024849,noisy,ambient,-3.0679281810805215,0.5725942216384332,0.6044333429422374,0.031839121303804174
test_0024850,noisy,stationary,4.465467421039865,0.8191042726232894,0.8356436429280314,0.01653937030474195
test_0024851,clean,ambient,60.0,0.9999999999999997,0.9989152135646336,-0.0010847864353660253
test_0024852,noisy,ambient,3.6245409984951777,0.9602947764777197,0.953716156119365,-0.006578620358354659
test_0024853,noisy,impulsive,7.181960229048979,0.8830178469469044,0.9301912555341643,0.047173408587259824
test_0024854,noisy,stationary,-4.125934674778926,0.7937086706749025,0.8321294573170467,0.03842078664214421
test_0024855,clean,stationary,60.0,1.0,0.9752697881648269,-0.0247302118351731
test_0024856,noisy,ambient,3.2947062280157553,0.7165573243027935,0.8169382890204808,0.10038096471768732
test_0024857,noisy,impulsive,5.007585826408514,0.9438289094560647,0.9628565222373694,0.019027612781304715
test_0024858,noisy,nonstationary,14.314381356471173,0.9853102974344791,0.9812178913092614,-0.0040924061252176624
test_0024859,near_clean,nonstationary,34.174880827773435,0.9985433865460219,0.9977298094459024,-0.0008135771001195335
test_0024860,noisy,nonstationary,-2.875710672070743,0.794186338461397,0.8198549482241907,0.025668609762793726
test_0024861,noisy,nonstationary,13.192817026006772,0.9431451114915788,0.9682416352965904,0.025096523805011595
test_0024862,noisy,impulsive,17.749002727234497,0.9042632110074735,0.9444494176538957,0.04018620664642214
test_0024863,near_clean,ambient,21.219658095507484,0.9822555463573595,0.9868780242979192,0.004622477940559699
test_0024865,near_clean,impulsive,34.26643607138908,0.9993666192386327,0.9649386172406301,-0.034428001998002555
test_0024866,noisy,nonstationary,5.220094414173184,0.693459489380189,0.7462726737145865,0.05281318433439752
test_0024868,near_clean,stationary,25.092247027069817,0.9849844957158962,0.9896803788610012,0.004695883145105051
test_0024869,noisy,nonstationary,7.781558945718874,0.8137013582913808,0.8714700463228918,0.05776868803151103
test_0024870,noisy,stationary,3.6334615252948854,0.8585158093624824,0.9043173790879101,0.045801569725427704
test_0024871,noisy,impulsive,12.150612853182661,0.9973128072406293,0.9964892053340968,-0.0008236019065325229
test_0024872,noisy,nonstationary,3.2589001060726392,0.8903173156281401,0.91980280972588,0.029485494097739928
test_0024873,clean,impulsive,60.0,0.9999999999999999,0.9990540492908853,-0.0009459507091146291
test_0024874,noisy,nonstationary,2.4786237098852464,0.8589260735898592,0.8697023286182795,0.010776255028420278
test_0024877,noisy,impulsive,17.91118772072293,0.9994166434647168,0.9985830475206295,-0.0008335959440872731
test_0024878,noisy,nonstationary,19.187057412885103,0.922551950828354,0.9480412274898666,0.025489276661512683
test_0024879,noisy,stationary,18.758256331880034,0.8874757806904098,0.9171816329108702,0.029705852220460405
test_0024880,noisy,ambient,8.555871863129612,0.9978558339702988,0.9976708339151253,-0.00018500005517341211
test_0024881,noisy,stationary,18.977628378486806,0.9945342623292511,0.9928231224906646,-0.0017111398385865062
test_0024883,noisy,ambient,11.208040747717043,0.9669382094739505,0.9804151654584202,0.01347695598446974
test_0024884,noisy,nonstationary,-1.0372550682190655,0.6689823345052655,0.7198415210930025,0.050859186587737026
test_0024885,near_clean,stationary,35.8098032647965,0.9994701869636785,0.999248299815118,-0.00022188714856052894
test_0024886,clean,impulsive,60.0,0.999999999999999,0.989145196494883,-0.010854803505116029
test_0024887,noisy,stationary,1.074630912339793,0.8522484831256617,0.8683320731811242,0.01608359005546245
test_0024888,noisy,nonstationary,2.6988792536408006,0.5827393956617336,0.6601068758380353,0.07736748017630168
test_0024890,noisy,impulsive,1.6017813668135332,0.5895895796722952,0.6458517696784652,0.056262190006170054
test_0024891,noisy,impulsive,17.84132280877338,0.9427555888462634,0.9717515215904616,0.028995932744198205
test_0024892,noisy,impulsive,15.512496261840209,0.9387224630063649,0.9786855151533083,0.0399630521469434
test_0024893,noisy,stationary,-4.334008830672419,0.6763825787095813,0.7612495727005595,0.08486699399097819
test_0024894,near_clean,stationary,36.83522809647383,0.9987095239854215,0.9953230490353249,-0.003386474950096585
test_0024895,noisy,nonstationary,0.6422083938700212,0.6757389546951456,0.7529972410238763,0.07725828632873077
test_0024896,noisy,nonstationary,0.5677371763763137,0.6455477635875867,0.7404883639389054,0.09494060035131868
test_0024897,clean,nonstationary,60.0,0.9999999999999997,0.9990293381752178,-0.0009706618247818932
test_0024898,noisy,nonstationary,-0.1308821791260053,0.9049950116522583,0.9074589119779508,0.0024639003256925474
test_0024899,clean,stationary,60.0,0.9999999999999988,0.9995462743941983,-0.00045372560580048127
test_0024900,near_clean,nonstationary,36.95758506910262,0.9995715782291889,0.9988835269588913,-0.000688051270297585
test_0024901,noisy,ambient,12.851319907730911,0.9384261479243986,0.9719942325609574,0.033568084636558804
test_0024902,noisy,impulsive,10.281600740816042,0.8735096189337758,0.8990963692677105,0.02558675033393476
test_0024903,noisy,ambient,13.442746332209754,0.9933956874663787,0.9917288166156597,-0.0016668708507190377
test_0024904,noisy,impulsive,5.143247155775349,0.9547119736624898,0.9740496539464344,0.01933768028394456
test_0024905,noisy,impulsive,11.751440255174625,0.8334036300921762,0.8947070626146459,0.061303432522469725
test_0024906,noisy,impulsive,16.18736785160603,0.9289986670513283,0.9595170935132233,0.030518426461895065
test_0024907,noisy,impulsive,-4.317961324685081,0.7236735547247417,0.7503927466064136,0.026719191881671933
test_0024908,noisy,ambient,4.657233181139549,0.86282796801362,0.8663268337269288,0.0034988657133087075
test_0024909,clean,ambient,60.0,0.9999999999999988,0.98452167772238,-0.015478322277618806
test_0024910,noisy,nonstationary,13.692453612902028,0.9285199508499522,0.9420425246143947,0.013522573764442547
test_0024911,noisy,stationary,0.8678978717472852,0.5906719011793271,0.6616348667290525,0.07096296554972537
test_0024912,clean,nonstationary,60.0,1.0,0.9994965263580009,-0.0005034736419990971
test_0024914,clean,impulsive,60.0,0.9999999999999997,0.9982244528826255,-0.0017755471173741544
test_0024915,clean,nonstationary,60.0,0.9999999999999977,0.9968280411782009,-0.003171958821796772
test_0024916,noisy,impulsive,-3.406140488900645,0.8209578455991301,0.8523246050802189,0.0313667594810888
test_0024917,noisy,stationary,13.201135163064343,0.9915177810516498,0.99467950305337,0.0031617220017202685
test_0024918,clean,ambient,60.0,0.9999999999999959,0.9887090840087744,-0.01129091599122145
test_0024919,noisy,nonstationary,1.1336253152699163,0.6713323423769321,0.7763600898063525,0.10502774742942045
test_0024920,noisy,nonstationary,16.288568284603933,0.8343351224692638,0.8762650200388845,0.04192989756962073
test_0024921,near_clean,ambient,26.53474843460853,0.993380912145525,0.9931274027654106,-0.00025350938011448054
test_0024922,clean,nonstationary,60.0,1.0,0.9799953302425101,-0.020004669757489935
test_0024923,noisy,impulsive,12.912187188715311,0.9725942473760367,0.9786530696744676,0.00605882229843091
test_0024924,noisy,stationary,2.7031616988502254,0.8028675472327979,0.8625134202652522,0.05964587303245439
test_0024925,clean,nonstationary,60.0,0.9999999999999997,0.99821240074728,-0.0017875992527196516
test_0024926,clean,nonstationary,60.0,0.9999999999999997,0.9995147414536454,-0.00048525854635428356
test_0024928,near_clean,stationary,27.46900881673048,0.9606275015488969,0.959998828764388,-0.0006286727845088436
test_0024929,clean,nonstationary,60.0,0.9999999999999986,0.9991512135969751,-0.0008487864030234382
test_0024930,near_clean,nonstationary,25.59836681030113,0.9968034734928287,0.981576289144514,-0.015227184348314715
test_0024931,noisy,ambient,8.051231896194837,0.7137186785606751,0.7781602752300276,0.06444159666935256
test_0024932,noisy,ambient,-4.497925694423553,0.5634330126232363,0.6517921827274833,0.08835917010424699
test_0024933,clean,impulsive,60.0,0.9999999999999999,0.9937602834888604,-0.006239716511139526
test_0024934,clean,impulsive,60.0,0.9999999999999997,0.9902998107602847,-0.00970018923971494
test_0024935,clean,nonstationary,60.0,0.9999999999999998,0.9686684379731509,-0.031331562026848836
test_0024936,noisy,impulsive,2.355278200497187,0.7688297776777068,0.8402504423672393,0.07142066468953256
test_0024937,noisy,stationary,3.141147121101577,0.7564170279941502,0.8296079014351908,0.07319087344104058
test_0024938,noisy,nonstationary,4.719283157010125,0.7771382841043768,0.787878718067626,0.010740433963249196
test_0024939,noisy,stationary,7.020300970416564,0.8640025903996621,0.8886204702628374,0.024617879863175318
test_0024940,near_clean,stationary,36.20399871831737,0.99721313666278,0.9847950745067888,-0.012418062155991172
test_0024941,clean,nonstationary,60.0,1.0,0.9704667014286081,-0.029533298571391864
test_0024942,noisy,nonstationary,19.33288925456731,0.9479206941179075,0.9571592183542508,0.009238524236343304
test_0024943,noisy,stationary,1.1298998724519853,0.6396707908438568,0.7028900128005773,0.06321922195672047
test_0024944,noisy,ambient,7.922993495776838,0.7756639609452302,0.8763344265780821,0.10067046563285198
test_0024945,noisy,impulsive,19.337674926807917,0.9828187360532638,0.9857167911785449,0.002898055125281185
test_0024946,near_clean,nonstationary,32.7052627920504,0.9946248550968065,0.993864234959778,-0.0007606201370284893
test_0024948,clean,ambient,60.0,0.9999999999999994,0.9987507519144808,-0.0012492480855186283
test_0024950,near_clean,nonstationary,39.28973861322946,0.9912895786513303,0.9664966874611794,-0.024792891190150823
test_0024951,noisy,impulsive,2.864694816397064,0.7632375640327823,0.8496720299139173,0.08643446588113501
test_0024952,noisy,nonstationary,-1.1072571691530153,0.9923619534422015,0.9905632345050428,-0.001798718937158661
test_0024954,noisy,nonstationary,4.171111519612927,0.8827827652689886,0.9003968217985763,0.017614056529587696
test_0024955,noisy,nonstationary,17.054379038874846,0.993186503302029,0.9928373929787505,-0.0003491103232784454
test_0024957,noisy,stationary,17.376656935464663,0.9881368878426513,0.9866416999318524,-0.0014951879107989452
test_0024958,noisy,nonstationary,8.967529503138397,0.7686894644699978,0.8446982436307147,0.07600877916071691
test_0024959,noisy,ambient,17.554955858225,0.948186972325288,0.9781065120288684,0.02991953970358041
test_0024960,noisy,nonstationary,18.81390981753632,0.9695719625806374,0.9798914977315654,0.010319535150927983
test_0024961,noisy,nonstationary,-4.156609253140895,0.5702812239724296,0.6569031425509477,0.08662191857851809
test_0024962,near_clean,ambient,32.860522955882956,0.9975370006998234,0.9757494757912447,-0.021787524908578715
test_0024963,noisy,nonstationary,4.1744144900544224,0.7056581899814585,0.7414830830377728,0.03582489305631431
test_0024964,clean,impulsive,60.0,0.9999999999999999,0.9937817934476451,-0.0062182065523548324
test_0024965,clean,stationary,60.0,0.9999999999999996,0.9842082329508659,-0.015791767049133654
test_0024966,near_clean,nonstationary,32.68084568255596,0.995003810563957,0.9893512938897311,-0.005652516674225949
test_0024967,noisy,nonstationary,10.210694371792815,0.8963365189293171,0.9197232160313377,0.02338669710202057
test_0024968,clean,impulsive,60.0,0.9999999999999988,0.9977591385708914,-0.002240861429107399
test_0024970,noisy,nonstationary,4.209812876286833,0.7264407248456827,0.7773154130566983,0.050874688211015595
test_0024971,near_clean,stationary,29.793383048232155,0.9930914468996473,0.9679132794389574,-0.025178167460689904
test_0024972,clean,ambient,60.0,0.9999999999999998,0.9830514222932137,-0.01694857770678604
test_0024973,near_clean,impulsive,30.980833279491065,0.9892411686187756,0.9902157874417952,0.0009746188230195241
test_0024974,near_clean,impulsive,32.9018979448986,0.9864515704701029,0.9753749660804182,-0.011076604389684719
test_0024975,noisy,nonstationary,8.263004926644193,0.9048063705463476,0.9500152320399088,0.04520886149356118
test_0024976,near_clean,nonstationary,35.49589838024888,0.9899447121919013,0.9930130590416243,0.0030683468497230137
test_0024977,clean,nonstationary,60.0,0.9999999999999989,0.9952305548274127,-0.004769445172586151
test_0024978,clean,ambient,60.0,0.9999999999999997,0.9963573090785889,-0.003642690921410785
test_0024979,noisy,stationary,13.95196583782938,0.9512855287863697,0.9686004176286072,0.01731488884223742
test_0024980,clean,impulsive,60.0,0.9999999999999989,0.9974023168506171,-0.002597683149381802
test_0024981,clean,nonstationary,60.0,0.9999999999999997,0.9995140647688999,-0.00048593523109974335
test_0024982,noisy,impulsive,1.4295635000279354,0.78071703813188,0.9108664093829113,0.13014937125103132
test_0024983,clean,stationary,60.0,0.9999999999999983,0.9921837080041546,-0.007816291995843772
test_0024984,noisy,stationary,15.276159552567506,0.9791603402520641,0.9894840496482575,0.010323709396193426
test_0024985,near_clean,impulsive,20.89843049138888,0.9695586284444485,0.9778189027032208,0.008260274258772293
test_0024986,noisy,stationary,1.243419246445403,0.5866116647474288,0.6074409592777013,0.02082929453027249
test_0024987,noisy,stationary,0.4735021671896673,0.7662975697671164,0.7767332586480568,0.010435688880940375
test_0024988,near_clean,nonstationary,33.21009272105188,0.9976742188611208,0.996226006111985,-0.0014482127491358687
test_0024989,clean,stationary,60.0,0.9999999999999991,0.9993018110662869,-0.0006981889337122071
test_0024990,noisy,stationary,9.937449857041527,0.930049608656295,0.9155724747414785,-0.014477133914816531
test_0024991,noisy,stationary,17.072588866145377,0.9066129087769608,0.9301923867068891,0.023579477929928316
test_0024992,clean,impulsive,60.0,1.0,0.9996786975771544,-0.00032130242284555965
test_0024993,near_clean,nonstationary,25.920272318667486,0.9569292326472845,0.9708507815723381,0.013921548925053595
test_0024994,clean,impulsive,60.0,0.9999999999999994,0.9996355468423507,-0.00036445315764876973
test_0024995,near_clean,ambient,27.17181820209422,0.9875676917044115,0.9896671864027254,0.0020994946983139418
test_0024996,clean,stationary,60.0,0.9999999999999994,0.998638555823385,-0.0013614441766144347
test_0024997,clean,ambient,60.0,0.9999999999999999,0.9980920694909589,-0.0019079305090410337
test_0024998,clean,impulsive,60.0,0.9999999999999996,0.9941644751456155,-0.0058355248543841
test_0024999,noisy,nonstationary,8.95338082916141,0.8859994912551298,0.920544001563909,0.03454451030877925
